composition_label,n_positions,D_act,D_coke,D_rem,D_CO2,z
Ag21Au32Cu19Pd16Pt20,1,0.5575306415557861,6.287975072860718,-4.365388929843903,2.8193827271461487,2.1991625606670766
Ag18Au29Cu18Pd22Pt21,1,0.7597059011459351,5.524683594703674,-4.209380567073822,4.083818852901459,2.161056457812722
Ag23Au13Cu23Pd26Pt23,1,1.3486850261688232,5.551359415054321,-4.6025044322013855,4.281617820262909,2.0662913036768535
Ag24Au22Cu17Pd25Pt20,1,0.7893892526626587,5.698365569114685,-3.953090012073517,3.6651886105537415,2.00088333562761
Ag20Au22Cu17Pd25Pt24,1,0.7569974660873413,5.110950589179993,-3.9234593510627747,4.135791599750519,1.9585158551355342
Ag21Au24Cu18Pd17Pt28,1,0.6706214547157288,5.564809739589691,-4.024663627147675,3.316844642162323,1.949569907918133
Ag20Au25Cu17Pd24Pt22,1,0.9471443891525269,5.821663975715637,-4.505366206169128,2.8498178720474243,1.926142279351899
Ag21Au27Cu20Pd21Pt19,1,0.9215520024299624,5.666065871715546,-4.308747947216034,3.1545621752738953,1.9086308114220256
Ag17Au20Cu21Pd26Pt24,1,0.710049033164978,5.672579884529114,-4.083566248416901,2.9629979729652405,1.8872421911673813
Ag23Au20Cu24Pd21Pt20,1,1.0403796434402464,5.611227869987488,-4.300593435764313,3.348328173160553,1.8837516822757596
Ag24Au20Cu16Pd21Pt27,1,0.9223749041557312,5.3522849678993225,-3.9870999455451965,3.6993373036384583,1.854039169573127
Ag18Au28Cu19Pd20Pt23,1,0.9256832599639893,5.590295672416687,-4.022355854511261,3.3389604687690735,1.8382881978880499
Ag19Au20Cu26Pd19Pt24,1,0.8590023517608643,5.403065204620361,-4.349721610546112,2.976867377758026,1.827097346778621
Ag25Au20Cu20Pd24Pt19,1,1.8499209582805634,5.370738536119461,-4.55918687582016,4.504357755184174,1.8142715822585311
Ag22Au20Cu17Pd17Pt32,1,1.4203750789165497,5.3022394478321075,-4.363645613193512,3.9769158959388733,1.7965881597789042
Ag22Au15Cu28Pd19Pt24,1,0.8177412748336792,5.140496850013733,-3.445022404193878,4.007494270801544,1.7443458506714138
Ag12Au24Cu25Pd24Pt23,1,1.0372769236564636,5.116030037403107,-4.027839958667755,3.6069119572639465,1.7169187809983515
Ag16Au33Cu28Pd16Pt15,1,1.4546023905277254,5.273689836263657,-4.548031151294708,3.477228939533234,1.6990423833485941
Ag20Au25Cu16Pd26Pt21,1,1.332487165927887,5.504339873790741,-4.527003705501556,2.97370046377182,1.685053103851791
Ag24Au17Cu12Pd23Pt32,1,0.9118142724037173,4.954218089580536,-3.5782373547554016,3.9613755345344543,1.6753123083063792
Ag27Au25Cu19Pd12Pt25,1,1.109135448932648,5.736492574214935,-3.704528331756592,3.117811679840088,1.6276091066643867
Ag17Au20Cu23Pd20Pt28,1,0.7179427146911623,5.3865437507629395,-3.8055434823036194,2.6656921505928035,1.6265621596182789
Ag17Au29Cu22Pd15Pt25,1,0.7244120836257937,5.666725754737854,-3.418703317642212,2.8442447185516353,1.6256936613105175
Ag18Au21Cu25Pd21Pt23,1,0.8116348385810852,5.38577264547348,-3.6076207160949707,3.072728157043457,1.6239277782291501
Ag24Au27Cu20Pd14Pt23,1,0.8393993377685549,5.950684309005737,-4.575468480587006,1.2610227465629575,1.6148500834887363
Ag22Au24Cu23Pd20Pt19,1,0.8978581428527832,5.699071884155273,-4.559076488018036,1.6661075949668884,1.614778018186959
Ag19Au25Cu25Pd21Pt18,1,1.0866118669509888,5.618397831916809,-3.82476544380188,2.956905126571655,1.600441144138549
Ag24Au19Cu16Pd22Pt27,1,1.332676887512207,5.229327201843262,-3.750505745410919,3.8990657925605774,1.5929098232234495
Ag27Au18Cu18Pd26Pt19,1,0.7666273117065432,5.876348257064819,-4.424371540546417,1.1997931599617004,1.5615563657763945
Ag29Au20Cu21Pd20Pt18,1,1.0337353944778442,5.622779726982117,-4.1569326519966125,2.296389877796173,1.5610928067934695
Ag23Au26Cu18Pd21Pt20,1,0.9785959720611572,5.743504762649536,-4.418347895145416,1.6435244679450989,1.5358752489732888
Ag17Au23Cu24Pd18Pt26,1,0.9324626326560971,5.662049353122711,-4.426974713802338,1.5930086970329285,1.5234907951805627
Ag19Au17Cu26Pd24Pt22,1,1.296656847000122,5.350438594818115,-4.022937595844269,3.0932391285896306,1.5212348240395652
Ag27Au20Cu22Pd23Pt16,1,1.478939950466156,5.189274847507477,-4.486445844173431,3.002830922603607,1.5147265045263283
Ag23Au18Cu26Pd25Pt16,1,0.8655727505683899,5.641816794872284,-4.494388282299042,1.3708032965660095,1.5129464233607097
Ag20Au20Cu23Pd24Pt21,1,1.6810767948627472,5.456256598234177,-4.1925899386405945,3.3841039538383484,1.4999962242122113
Ag18Au20Cu31Pd18Pt21,1,1.10511589050293,5.177599668502808,-4.0048293471336365,2.8592976927757263,1.4944511684989779
Ag16Au16Cu26Pd19Pt31,1,1.3710311651229858,5.333771347999573,-4.27064573764801,2.8021496534347534,1.484580706437562
Ag24Au23Cu20Pd21Pt20,1,0.7479619979858401,5.570308208465576,-4.387922167778015,1.251055121421814,1.4814643960802991
Ag23Au17Cu23Pd19Pt26,1,1.0732542276382446,4.956567406654358,-3.7629939913749695,3.297782599925995,1.4813429710571255
Ag19Au20Cu19Pd25Pt25,1,0.848898768424988,5.3055020570755005,-3.3130252957344055,3.0265358090400696,1.4716985291624196
Ag27Au18Cu18Pd28Pt17,1,0.6863641142845154,4.967077314853668,-3.514948785305023,2.748407781124115,1.443030258688212
Ag18Au23Cu25Pd21Pt21,1,0.7976865768432615,5.375251531600952,-4.343078136444092,1.448352336883545,1.4373380645031009
Ag17Au20Cu23Pd26Pt22,1,1.0184637904167175,5.661184847354889,-4.237196505069733,1.5649669766426086,1.4108263025351218
Ag22Au27Cu19Pd15Pt25,1,1.146613240242004,5.404380917549133,-3.87775582075119,2.5188950896263123,1.4081817543666943
Ag20Au16Cu20Pd32Pt20,1,0.843352198600769,5.3676828145980835,-4.315004825592041,1.414491653442383,1.3944976333901253
Ag22Au26Cu19Pd23Pt18,1,0.8151373863220215,5.38339900970459,-4.210149049758911,1.4295802116394043,1.3820521586245236
Ag14Au20Cu22Pd27Pt25,1,1.7366401553153992,5.320960581302643,-4.14564722776413,3.228585422039032,1.3756265424506813
Ag18Au21Cu24Pd22Pt23,1,0.7390696406364441,4.91533750295639,-3.048842191696167,3.153707265853882,1.3555766087135002
Ag21Au14Cu21Pd31Pt21,1,1.2139397263526917,5.073842227458954,-3.8907822966575623,2.7834410071372986,1.3525555960998448
Ag25Au28Cu19Pd13Pt23,1,1.1530262231826782,5.299995541572571,-4.019562661647797,2.218185842037201,1.340765865351047
Ag25Au22Cu12Pd24Pt25,1,0.5800626873970032,5.745539486408234,-3.787964344024658,0.948883056640625,1.3347129999891907
Ag13Au27Cu26Pd24Pt18,1,1.0766937732696535,5.6059794425964355,-4.215520799160004,1.4392427802085874,1.3252891580250679
Ag24Au16Cu20Pd25Pt23,1,1.2983532547950745,5.110174834728241,-3.728614032268524,2.981684386730194,1.321439967328732
Ag22Au25Cu24Pd20Pt17,1,1.287884533405304,5.171711623668671,-3.8752073645591736,2.7000431418418884,1.3181361682673347
Ag23Au17Cu20Pd20Pt28,1,0.8860657215118404,5.015254259109497,-3.6163576245307922,2.420384705066681,1.3061579497476434
Ag18Au26Cu22Pd16Pt26,1,0.7538528442382812,4.542115926742554,-3.1671172976493835,3.2204629778862,1.2948869994971923
Ag16Au28Cu18Pd26Pt20,1,2.0336925983428955,5.450732946395874,-4.689397513866425,2.631650149822235,1.290719202068623
Ag21Au25Cu18Pd23Pt21,1,1.1164012551307678,5.632842242717743,-4.240464389324188,1.3190445303916931,1.2900751904418892
Ag21Au20Cu24Pd27Pt16,1,0.97255939245224,5.271420061588287,-4.1877357959747314,1.5079500675201416,1.2858374597285736
Ag26Au16Cu15Pd25Pt26,1,0.5663206577301028,5.034974098205566,-3.54936271905899,1.7983298897743225,1.2786762573401302
Ag13Au21Cu33Pd20Pt21,1,0.9000760912895203,5.150770962238312,-4.197971224784851,1.4488714933395386,1.2728810455180222
Ag21Au21Cu29Pd14Pt23,1,1.578307867050171,5.3530824184417725,-4.295073211193085,2.3068787455558777,1.265106780762772
Ag14Au27Cu19Pd30Pt18,1,1.2101298570632935,4.777788281440735,-3.90029114484787,2.6946372389793396,1.2459946350665523
Ag19Au19Cu16Pd33Pt21,1,1.208710789680481,4.949504017829895,-3.601221024990082,2.8573285937309265,1.2417265934232837
Ag14Au26Cu22Pd19Pt27,1,0.8887016177177427,5.162834942340851,-3.9798012375831604,1.5500486493110657,1.2365341826491272
Ag20Au19Cu16Pd24Pt29,1,0.7938480377197263,4.559389591217041,-3.232895314693451,2.95476096868515,1.23132104866847
Ag23Au27Cu26Pd11Pt21,1,1.0734570026397705,5.715210676193237,-4.040193140506744,1.1624332070350647,1.2268801193070238
Ag27Au23Cu25Pd20Pt13,1,1.0917462706565857,5.288417160511017,-4.177641570568085,1.4349109530448916,1.2100335575733927
Ag19Au23Cu26Pd21Pt19,1,1.1236425638198855,5.540714859962463,-4.1633283495903015,1.204892098903656,1.203032854831549
Ag25Au24Cu17Pd17Pt25,1,1.0381253957748413,5.352415680885315,-4.0905144810676575,1.3346202969551084,1.1992714761837149
Ag13Au31Cu23Pd25Pt16,1,1.5982990264892578,4.481666564941406,-3.4805659651756287,4.022775590419769,1.185401237624681
Ag16Au27Cu15Pd15Pt35,1,0.6774866580963135,5.378031253814697,-3.314372718334198,1.516556441783905,1.1728384048441212
Ag31Au16Cu16Pd23Pt22,1,0.9711135625839238,5.513638377189636,-3.9175804257392883,1.1353984475135803,1.1688475259486892
Ag22Au18Cu23Pd19Pt26,1,1.9910975694656374,4.313826203346252,-3.887520968914032,4.354564845561981,1.1687747941676
Ag21Au16Cu27Pd27Pt17,1,1.5498480796813965,4.77113938331604,-3.493061602115631,3.5123782753944397,1.1623547360689976
Ag25Au17Cu27Pd14Pt25,1,1.6360576152801511,4.985604286193848,-3.5121805667877197,3.3959438800811768,1.1592462421211307
Ag20Au22Cu23Pd19Pt24,1,1.1012370586395264,4.450247764587402,-2.9545191526412964,3.680517792701721,1.1512190470249228
Ag23Au22Cu21Pd18Pt24,1,1.091303527355194,5.29701429605484,-3.6652368903160095,1.8246731162071228,1.1467607508458397
Ag19Au24Cu29Pd17Pt19,1,1.7498922049999237,4.616369515657425,-3.4874672293663025,3.9952511191368103,1.146586360905871
Ag21Au21Cu20Pd18Pt28,1,1.3412059545516968,5.327593207359314,-3.534001052379608,2.3660213351249695,1.135606322279125
Ag27Au15Cu17Pd21Pt28,1,1.0816667079925537,5.012222766876221,-3.6995884776115417,2.016918361186981,1.1298551996364206
Ag20Au17Cu28Pd20Pt23,1,2.0906125903129578,4.710334122180939,-4.336630284786224,3.3867725729942326,1.1282810419789624
Ag23Au24Cu19Pd20Pt22,1,1.0921267867088318,5.149166405200958,-3.850456178188324,1.6619526743888855,1.1205378166091176
Ag28Au24Cu12Pd23Pt21,1,1.3326504826545715,5.44727748632431,-3.6233025193214417,1.9488783478736877,1.0933033941322852
Ag17Au27Cu17Pd24Pt23,1,0.8851523399353027,5.043853998184204,-3.5094375014305115,1.7180060744285586,1.091544431926338
Ag14Au23Cu21Pd18Pt32,1,1.7975530624389646,4.163544654846191,-3.563635528087616,4.277979075908661,1.0901106817743118
Ag31Au18Cu19Pd22Pt18,1,1.1994371414184568,5.427724361419678,-4.153388738632202,0.9281191825866699,1.055292245415317
Ag23Au19Cu22Pd21Pt23,1,1.0984708070755005,5.037255883216858,-3.3236243724823,2.19964861869812,1.0530227411866142
Ag23Au24Cu21Pd25Pt15,1,1.1511374115943909,4.7070032954216,-3.7366799712181087,2.1424757838249207,1.0514964814475325
Ag15Au21Cu23Pd23Pt26,1,1.9945096373558047,4.48754221200943,-3.8575666546821594,3.76456481218338,1.0507651874481465
Ag29Au22Cu19Pd22Pt16,1,1.2895337343215942,4.861497759819031,-2.8731300830841064,3.286341428756714,1.0490936273975144
Ag19Au27Cu17Pd24Pt21,1,1.778955191373825,4.778349667787552,-3.395047664642334,3.5880613327026367,1.040788084821309
Ag26Au18Cu20Pd16Pt28,1,0.8640871047973633,5.021002173423767,-3.576533555984497,1.430098295211792,1.0402557171967333
Ag26Au21Cu17Pd28Pt16,1,2.175171494483948,5.127932667732239,-4.059151351451874,3.051893889904022,1.0291458305031769
Ag24Au21Cu16Pd21Pt26,1,0.8088645935058594,4.925359487533569,-3.37992399930954,1.6377593874931335,1.0289487926645127
Ag23Au19Cu19Pd23Pt24,1,1.13532418012619,5.274334490299225,-3.382068157196045,1.8075976371765137,1.0199197661328543
Ag20Au27Cu20Pd18Pt23,1,0.7826354503631592,5.073005318641663,-3.6038827896118164,1.08696985244751,1.012529177385597
Ag12Au26Cu20Pd23Pt27,1,0.9045236706733704,4.801950395107269,-3.6246495842933655,1.5749827027320862,1.0104057794503956
Ag21Au32Cu18Pd21Pt16,1,0.997098505496979,5.235786855220795,-3.612486779689789,1.2677664160728455,1.0078027268026037
Ag18Au27Cu21Pd15Pt27,1,1.9730806350708008,4.778861045837402,-3.5929219722747803,3.5606753826141357,1.0050269809288164
Ag21Au23Cu22Pd23Pt19,1,2.0398048162460327,4.774464011192322,-3.5075292587280273,3.783764362335205,1.0026060689638996
Ag17Au18Cu26Pd23Pt24,1,1.0302623510360718,4.616544127464294,-3.740038812160492,1.797602355480194,0.9922390728221071
Ag21Au23Cu31Pd16Pt17,1,1.1092040538787842,4.91581392288208,-3.5008930563926697,1.8910059332847595,0.9881144068176362
Ag31Au15Cu21Pd17Pt24,1,1.209547519683838,5.076844215393066,-3.8750751614570618,1.4291217923164368,0.9878740628522699
Ag21Au28Cu19Pd27Pt13,1,1.6265713572502136,4.54129296541214,-3.182749569416046,3.6381214261054993,0.9873742766663827
Ag31Au18Cu18Pd17Pt24,1,1.183807671070099,5.259482562541962,-3.46036958694458,1.6884257793426514,0.9860819375058212
Ag20Au27Cu28Pd20Pt13,1,1.1356844902038574,5.22985577583313,-3.810071647167206,1.1908182501792905,0.9837685260554293
Ag18Au18Cu24Pd22Pt26,1,1.1748443841934202,4.93682324886322,-3.8353978991508484,1.516955554485321,0.9735330784997442
Ag22Au23Cu26Pd20Pt17,1,1.1439026892185211,5.017799466848373,-3.5645291209220886,1.7039920687675476,0.9725966084015908
Ag17Au18Cu21Pd22Pt30,1,0.9453269243240356,4.541056513786316,-3.4379970729351044,2.023861140012741,0.9712790466309139
Ag22Au24Cu18Pd23Pt21,1,1.3429690599441528,5.11832320690155,-3.599519431591034,1.8883008360862732,0.9666026528725392
Ag26Au20Cu16Pd19Pt27,1,1.1171084642410278,5.555233359336853,-3.514073610305786,1.089965581893921,0.9638987341479062
Ag20Au33Cu20Pd11Pt24,1,1.0839523971080782,4.96709468960762,-3.6309385299682617,1.5322990417480467,0.9628268579220085
Ag26Au18Cu18Pd22Pt24,1,1.3068820834159853,4.579155266284943,-3.059753715991974,3.0762904286384583,0.9627467490566235
Ag19Au23Cu21Pd24Pt21,1,1.1982471942901611,5.116358280181885,-3.993829607963562,1.1205016374588013,0.9619663884852167
Ag20Au26Cu15Pd20Pt27,1,1.358101487159729,5.331443190574646,-3.547476351261139,1.7019971013069153,0.9552881245820539
Ag24Au25Cu19Pd19Pt21,1,1.0104538202285767,4.771297574043274,-3.6729230284690857,1.5168244242668152,0.9503021967394522
Ag24Au23Cu19Pd18Pt24,1,1.0493628978729248,5.411516904830933,-3.683055579662323,0.8642467856407166,0.9499743734560071
Ag19Au25Cu19Pd26Pt19,1,1.0727839469909668,5.139964818954468,-3.5397542119026184,1.3721304535865784,0.9463421897008379
Ag24Au18Cu19Pd20Pt27,1,1.2771025896072388,4.774622082710266,-3.5643505454063416,2.097198188304901,0.9409036479823847
Ag24Au24Cu19Pd17Pt24,1,0.9533662796020508,5.072288513183594,-3.515009582042694,1.2186028361320491,0.9350038263080278
Ag22Au25Cu17Pd25Pt19,1,2.0483655333518977,4.496781885623932,-3.6522819995880127,3.6711156368255615,0.9340624037185155
Ag18Au22Cu16Pd21Pt31,1,1.3176510930061343,4.184328258037567,-2.8774189352989197,3.644272267818451,0.9318112069590048
Ag20Au21Cu22Pd24Pt21,1,1.6933995187282558,4.591022878885269,-4.560052245855331,1.7618764340877533,0.925366511731956
Ag18Au26Cu21Pd17Pt26,1,0.8816123604774475,5.156562268733978,-3.7594850659370422,0.5848212838172913,0.9065279155862226
Ag18Au23Cu20Pd23Pt24,1,0.8551892042160034,4.965409874916077,-3.549331843852997,1.0007826685905454,0.904142763443089
Ag12Au28Cu24Pd18Pt26,1,1.4483901262283325,5.160271525382996,-3.8835660815238953,1.4152087569236755,0.8956087192816486
Ag22Au18Cu24Pd20Pt24,1,1.0751173496246338,4.944294214248657,-3.5755462050437927,1.3518428206443787,0.893644011605911
Ag17Au23Cu24Pd17Pt27,1,1.2488712072372437,5.145694136619568,-3.57061904668808,1.423005998134613,0.8863190103165052
Ag21Au30Cu13Pd25Pt19,1,0.9436721205711365,5.520197808742523,-3.2379066944122314,0.8550074100494383,0.8831163914795381
Ag16Au27Cu21Pd24Pt20,1,0.973396360874176,4.9626330733299255,-3.6219659447669983,1.0420861840248108,0.8810588653350806
Ag15Au22Cu24Pd22Pt25,1,0.8529109954833984,4.9411375522613525,-3.365636885166168,1.1639211773872375,0.880642907586408
Ag30Au21Cu23Pd12Pt22,1,1.4877648949623108,4.571294009685516,-2.7816598415374756,3.4462087154388428,0.8790347986934324
Ag27Au18Cu18Pd23Pt22,1,1.1512957215309145,5.027404963970184,-3.7014893889427185,1.1809942126274109,0.8774054944484709
Ag24Au23Cu22Pd19Pt20,1,1.2789910435676577,4.698280036449432,-3.335891902446747,2.222463071346283,0.8749156120647377
Ag21Au19Cu21Pd23Pt24,1,1.1049346923828125,4.865475416183472,-3.683146178722382,1.2813372015953064,0.8726749091481771
Ag23Au28Cu25Pd17Pt15,1,1.223848044872284,5.228937208652496,-3.800999104976654,0.9359857439994812,0.8694148366321389
Ag17Au17Cu23Pd25Pt26,1,0.9491760730743408,5.1567606925964355,-3.3660122752189636,1.033113181591034,0.862910910678635
Ag22Au19Cu23Pd17Pt27,1,1.1146917343139648,5.181804656982422,-3.8708096146583557,0.6758559346199038,0.8620855305138997
Ag20Au21Cu23Pd23Pt21,1,1.2442770600318909,5.06621378660202,-3.560313403606415,1.3928040862083435,0.8534695762361973
Ag21Au21Cu20Pd29Pt17,1,1.2259290218353271,4.65096116065979,-3.590544581413269,1.774680256843567,0.8514906203615732
Ag21Au27Cu20Pd20Pt20,1,1.0388852953910828,5.0050535798072815,-3.32639080286026,1.3317235112190247,0.8410567869132755
Ag26Au20Cu24Pd15Pt23,1,1.2118111848831177,4.8194040060043335,-3.7972392439842224,1.2584449648857117,0.8388602179328833
Ag25Au18Cu19Pd22Pt24,1,1.1656898856163027,4.96563059091568,-3.522454082965851,1.3538067936897278,0.83881654437612
Ag17Au19Cu27Pd24Pt21,1,1.2967930436134338,4.56426876783371,-3.451230943202972,2.1172215342521667,0.8366939690270515
Ag20Au23Cu25Pd20Pt20,1,1.0047988891601562,4.812877416610718,-3.395778000354767,1.3458858132362366,0.8274895799947998
Ag25Au18Cu24Pd16Pt25,1,0.9986622333526612,4.364385604858398,-3.4131835103034973,1.8057730793952944,0.8263316225009336
Ag17Au28Cu22Pd25Pt16,1,1.3831737041473389,5.042935609817505,-3.7263817191123962,1.3584503531455994,0.8250616200591884
Ag17Au22Cu21Pd21Pt27,1,1.0378706455230713,4.819770574569702,-3.6003477573394775,1.1159560680389404,0.8199288478372931
Ag21Au27Cu25Pd19Pt16,1,1.1810047626495361,4.70949387550354,-3.622094213962555,1.4595120549201965,0.8168237805300295
Ag26Au21Cu15Pd18Pt28,1,1.1399576663970947,5.081082105636597,-3.644750416278839,0.9431982636451721,0.8163270082487298
Ag29Au20Cu24Pd20Pt15,1,1.492760837078095,5.102645933628082,-3.9117650389671326,1.2114621996879578,0.8117901088398917
Ag24Au19Cu22Pd29Pt14,1,1.168809413909912,4.778378248214722,-3.840853273868561,1.0523124337196352,0.8069255027142636
Ag25Au20Cu27Pd18Pt18,1,1.2930083870887756,5.028792083263397,-3.799704372882843,1.0312131047248843,0.8014907113274765
Ag26Au19Cu19Pd26Pt18,1,0.9790594577789307,4.674429416656494,-3.321690022945404,1.4457046389579773,0.8010249718968538
Ag22Au20Cu20Pd21Pt25,1,1.2649301886558533,5.00410133600235,-3.6496101021766663,1.1863628029823303,0.7994417793393976
Ag23Au22Cu27Pd18Pt18,1,0.9630857706069944,4.502046465873718,-3.272580087184906,1.6414188742637634,0.7937191727747117
Ag20Au26Cu17Pd23Pt22,1,1.422924816608429,5.506496846675873,-3.6388646960258484,0.9033059477806092,0.7923076765191585
Ag29Au12Cu21Pd25Pt21,1,1.3372306823730469,5.0044896602630615,-3.9476680159568787,0.8995561003684998,0.7867402502718404
Ag18Au28Cu21Pd25Pt16,1,1.7792946696281433,5.453268587589264,-4.307131230831146,0.748513400554657,0.7840263482685288
Ag23Au19Cu19Pd17Pt30,1,1.278821587562561,5.055988430976868,-3.256103277206421,1.575713872909546,0.7814597133370365
Ag32Au26Cu22Pd11Pt17,1,1.2472000122070312,4.650971174240112,-3.461534440517425,1.674010455608368,0.7713170713560016
Ag25Au23Cu15Pd25Pt20,1,1.2198148965835571,5.355635046958923,-3.244682550430298,1.0860872268676758,0.7641699444324992
Ag26Au19Cu22Pd20Pt21,1,1.4448957443237305,5.168426036834717,-3.853435695171356,0.9410716891288757,0.762805301177901
Ag21Au15Cu24Pd27Pt21,1,1.0460211634635928,4.440833866596222,-3.4331539273262024,1.541849434375763,0.7619828497061503
Ag22Au22Cu19Pd24Pt21,1,1.9329730868339539,4.822889149188995,-3.5068256855010986,2.631227731704712,0.7601906941056167
Ag26Au22Cu18Pd23Pt19,1,1.8719845414161684,5.018303096294403,-3.761441230773926,1.9448494911193848,0.7487379569515086
Ag19Au26Cu23Pd22Pt18,1,1.4780173897743225,5.0866634249687195,-3.683052361011505,1.2494009137153623,0.7483318083869577
Ag22Au27Cu24Pd15Pt20,1,1.117198646068573,4.669703543186188,-3.4646626114845276,1.3139095902442932,0.7447287679131415
Ag16Au25Cu27Pd21Pt19,1,1.7110749185085297,3.805157095193863,-2.983804762363434,3.9428206086158752,0.7433760865285786
Ag22Au24Cu17Pd24Pt21,1,0.9701747894287107,4.472071409225464,-3.2928609251976013,1.4724966883659363,0.7429132953035225
Ag24Au28Cu15Pd17Pt24,1,1.1753532886505127,4.171078443527222,-2.2949337363243103,3.417996108531952,0.7428357092231802
Ag22Au25Cu16Pd19Pt26,1,1.3117777109146118,4.959570288658142,-3.429783046245575,1.3805548548698425,0.7423508078090402
Ag25Au24Cu20Pd22Pt17,1,1.1234583854675293,4.806121826171875,-3.2691642642021175,1.387814939022064,0.7369296689971482
Ag16Au19Cu20Pd32Pt21,1,1.3143214583396912,4.572395145893097,-3.6504511237144475,1.5190574526786804,0.7367181787830736
Ag28Au24Cu19Pd20Pt17,1,0.9935564398765565,4.425112307071686,-3.1402414441108704,1.7261927723884583,0.7347802756927214
Ag22Au23Cu27Pd14Pt22,1,0.9074413776397705,4.765524387359619,-3.4179529547691345,0.8454310297966003,0.7341986408637807
Ag31Au19Cu19Pd22Pt17,1,1.2591478824615479,5.206676959991455,-3.6482173800468445,0.6654116511344907,0.7224380400722601
Ag25Au20Cu23Pd25Pt15,1,1.3107382357120514,4.915867179632187,-3.6530526280403137,1.0715022683143614,0.7214060291778899
Ag19Au21Cu24Pd26Pt18,1,0.9294278025627136,4.266351759433746,-3.2097429633140564,1.6463488936424255,0.7206052503795207
Ag22Au25Cu22Pd14Pt25,1,1.4486224651336668,5.444100618362427,-3.7233336567878723,0.6331575512886047,0.7170870914770875
Ag16Au21Cu26Pd22Pt23,1,1.0969676971435547,4.720681190490723,-3.5136891305446625,1.0560676157474518,0.7169710134838452
Ag27Au29Cu24Pd14Pt14,1,0.8398874998092651,4.135684609413147,-2.983861982822418,1.8826947808265686,0.7135390287402265
Ag23Au20Cu20Pd24Pt21,1,1.2690398693084717,4.797145843505859,-3.184436857700348,1.6706088185310364,0.7110172540391853
Ag23Au18Cu25Pd20Pt22,1,0.8009352087974548,4.374161183834076,-2.925700843334198,1.6043006777763367,0.7093548933114171
Ag16Au19Cu22Pd26Pt25,1,1.1128889322280884,4.653457760810852,-3.256621539592743,1.4365972876548765,0.7056760554669063
Ag21Au17Cu20Pd18Pt32,1,1.369304895401001,5.1546008586883545,-3.675050437450409,0.8211948275566101,0.7040591897648777
Ag20Au22Cu17Pd23Pt26,1,1.3428833484649658,5.155803442001343,-3.5694438815116882,0.8922392725944519,0.7011644387942904
Ag34Au22Cu16Pd16Pt20,1,1.6356893181800842,5.71073454618454,-3.8875958919525146,0.4050567150115967,0.6987896027913527
Ag28Au13Cu22Pd27Pt18,1,0.7734413146972656,4.504847288131714,-2.947747766971588,1.3154621720314026,0.6915023166390074
Ag21Au24Cu22Pd20Pt21,1,0.6437909603118896,3.9825949668884277,-2.830658733844757,1.8017478585243225,0.6908617599756046
Ag24Au18Cu21Pd20Pt25,1,1.559461236000061,5.40012514591217,-3.7977911829948425,0.6849133372306824,0.6887699345904917
Ag14Au26Cu24Pd21Pt23,1,1.5050605535507202,4.31753146648407,-3.796890020370483,1.7551980018615723,0.6802946472973201
Ag27Au20Cu24Pd16Pt21,1,1.1365110874176025,5.4443581104278564,-3.415212392807007,0.30416226387023926,0.6783930782676222
Ag22Au23Cu25Pd15Pt23,1,1.1641905307769775,4.657927513122559,-3.2884737849235535,1.3825179934501646,0.6781780738124717
Ag18Au18Cu25Pd21Pt26,1,1.2709221839904785,3.5082504749298096,-2.5489487648010254,3.761407852172851,0.6761566350689544
Ag23Au18Cu18Pd23Pt26,1,2.2690060138702393,4.173966407775879,-3.519924223423004,3.6262488961219788,0.6750464764564523
Ag23Au18Cu25Pd18Pt24,1,1.4942659735679626,5.465990364551544,-3.6734910011291504,0.5952475070953369,0.6746730099748082
Ag28Au21Cu23Pd13Pt23,1,1.4163489341735842,5.28179931640625,-3.797050893306732,0.47015613317489613,0.6655206627645103
Ag25Au22Cu27Pd17Pt17,1,1.5836777985095978,4.609452694654465,-3.36835116147995,2.039963185787201,0.6623992250918321
Ag21Au19Cu23Pd14Pt31,1,1.0730364322662356,5.032968997955322,-3.15896075963974,0.8984920382499695,0.6611143882226335
Ag14Au22Cu24Pd21Pt27,1,1.11187744140625,4.708998203277588,-3.376764357089996,1.056962788105011,0.6609744492812148
Ag27Au21Cu16Pd25Pt19,1,1.0408560633659363,5.442771732807159,-3.1677143573760986,0.37241578102111816,0.6604061099612104
Ag20Au20Cu27Pd22Pt19,1,0.8982287049293515,4.347974002361298,-2.9614041447639465,1.5584667325019836,0.6538937330908974
Ag24Au23Cu23Pd17Pt21,1,1.042619824409485,4.817602515220641,-3.1021171212196346,1.113779604434967,0.650748912436544
Ag25Au17Cu23Pd21Pt22,1,1.4611672759056091,4.981564104557037,-3.6777239441871643,0.9748564362525938,0.6500982893262338
Ag26Au21Cu22Pd18Pt21,1,1.7533735036849976,4.60178816318512,-3.590010702610016,2.0193024277687073,0.6457970470298708
Ag23Au25Cu24Pd18Pt18,1,0.9609568119049072,4.517514228820801,-2.9674930572509766,1.4446103572845457,0.645234032501823
Ag17Au25Cu21Pd21Pt24,1,1.1421278715133667,4.55238664150238,-3.3017532229423523,1.3170170187950134,0.6444847823749293
Ag19Au15Cu27Pd21Pt26,1,0.7384605407714844,4.762433290481567,-2.8616206049919124,0.8953673243522644,0.643830986588763
Ag19Au28Cu15Pd24Pt22,1,0.9619300365447996,4.386048793792725,-3.117112159729004,1.3738877773284912,0.6365844391898882
Ag26Au19Cu19Pd19Pt25,1,1.5987465381622312,5.154224634170532,-3.481717348098755,1.2260887622833252,0.636502924948646
Ag21Au20Cu21Pd17Pt29,1,0.9114573001861572,5.192598819732666,-3.0318970680236816,0.47008323669433616,0.6300980846506572
Ag17Au22Cu21Pd24Pt24,1,0.9700348377227783,4.428155183792114,-3.0665306448936462,1.3670937418937683,0.6264975571029089
Ag21Au20Cu23Pd25Pt19,1,1.0571913719177246,4.479326486587524,-3.1538917422294617,1.3589138388633728,0.6261605429044512
Ag24Au21Cu23Pd18Pt22,1,1.3859041929244995,3.766058564186096,-2.3463132977485657,3.7485297322273254,0.625906832244493
Ag23Au20Cu23Pd23Pt19,1,1.6533334851264954,3.4546121954917908,-2.3917441964149475,4.515186369419098,0.6238316048332682
Ag23Au24Cu15Pd26Pt20,1,1.4514548778533936,4.841777920722961,-3.324002265930176,1.4367890357971191,0.6193965159866772
Ag23Au15Cu21Pd28Pt21,1,1.5659140944480896,3.361326515674591,-2.4545790553092957,4.361797749996185,0.6184971336510232
Ag19Au24Cu15Pd25Pt25,1,1.5435418486595154,4.89219743013382,-3.6063122153282166,1.1822239756584167,0.6153086932471026
Ag17Au24Cu16Pd30Pt21,1,1.006933867931366,5.524147570133209,-2.8928184509277344,0.3911933898925781,0.6146635045760296
Ag17Au19Cu18Pd26Pt28,1,0.7344498634338379,2.89853572845459,-1.819901704788208,4.1304771900177,0.6125137289602514
Ag26Au26Cu13Pd22Pt21,1,1.362382173538208,4.929591417312622,-3.334667384624481,1.1379329562187195,0.6122983068602862
Ag18Au26Cu20Pd19Pt25,1,1.2331737279891968,4.572917342185974,-3.2963507771492004,1.3352106213569641,0.6093874292342278
Ag12Au26Cu16Pd30Pt24,1,1.6096617579460144,4.194999992847443,-3.3037773966789246,2.41845840215683,0.6066819951356204
Ag21Au18Cu24Pd23Pt22,1,1.945081353187561,4.4324692487716675,-3.2446425557136536,2.824068367481232,0.6029572549507329
Ag21Au25Cu20Pd20Pt22,1,1.1758980751037598,4.950082302093506,-3.2970166206359863,0.7776331901550291,0.600078453592795
Ag18Au20Cu22Pd22Pt26,1,2.0343608260154724,4.845284044742584,-4.19291228055954,1.3366357684135437,0.5991482304656359
Ag26Au20Cu19Pd24Pt19,1,1.3494941592216492,4.9714630246162415,-3.402926743030548,0.9282379746437073,0.5975511015598098
Ag19Au27Cu18Pd17Pt27,1,1.1830824017524717,4.952053725719452,-3.2289860248565674,0.8614051342010498,0.5969743149934522
Ag19Au21Cu20Pd20Pt28,1,1.349172830581665,4.781552791595459,-3.4396390318870544,1.078089416027069,0.5936957864469121
Ag20Au17Cu25Pd21Pt25,1,1.1866543292999265,4.86598563194275,-3.348856627941132,0.7767435908317566,0.5869045231211367
Ag28Au22Cu17Pd23Pt18,1,1.6074694395065303,4.807947516441345,-3.6591604351997375,1.2003002762794495,0.5816526975009456
Ag23Au18Cu26Pd21Pt20,1,1.21454381942749,4.438650846481323,-3.2832119464874268,1.3587276935577388,0.5805482582763154
Ag18Au17Cu31Pd20Pt22,1,1.9047203063964844,4.104604721069336,-2.8610525727272034,3.4784775376319885,0.5729591832906032
Ag28Au16Cu20Pd25Pt19,1,1.5859841108322144,5.155867218971252,-3.5967608094215393,0.8189075589179995,0.5724600469830915
Ag14Au20Cu30Pd23Pt21,1,0.9796540737152102,3.9650089740753174,-2.9261175394058228,1.8673492670059204,0.5716688968449479
Ag19Au27Cu20Pd27Pt15,1,2.049034535884857,4.682187378406525,-4.308885872364044,1.2783570885658262,0.5666015847980177
Ag28Au18Cu19Pd20Pt23,1,1.195843756198883,5.045060813426971,-3.12402606010437,0.7936265468597412,0.5653186176170951
Ag16Au27Cu22Pd25Pt18,1,0.8501110076904297,4.0607590675354,-2.8457106947898865,1.6009783148765564,0.5650145242426422
Ag20Au20Cu19Pd16Pt33,1,1.0142326951026917,4.893218457698822,-3.13295179605484,0.6159828305244447,0.5639911677990401
Ag21Au30Cu17Pd23Pt17,1,1.9485109448432922,4.7505781054496765,-3.9519142508506775,1.4528009295463562,0.5637612228672967
Ag19Au28Cu18Pd24Pt19,1,1.1729230880737305,4.816900253295898,-3.095426857471466,1.0014126896858215,0.5548971936966826
Ag18Au23Cu26Pd20Pt21,1,1.3975590467453003,4.781649708747864,-3.590304851531983,0.8247751593589785,0.5524943739111768
Ag17Au23Cu30Pd22Pt16,1,0.9220072031021118,4.272591233253479,-3.0732551217079163,1.1648550629615784,0.5518130169988998
Ag30Au21Cu22Pd18Pt17,1,1.100124478340149,3.48780620098114,-2.3357807993888855,3.2648534178733826,0.5493477888985064
Ag21Au30Cu16Pd17Pt24,1,1.5785337090492249,5.075622737407684,-3.6515429615974426,0.7314565777778625,0.5470893125879643
Ag21Au22Cu26Pd20Pt19,1,1.449268490076065,4.830357164144516,-3.613557279109955,0.8143622279167173,0.5467466780440502
Ag20Au18Cu26Pd21Pt23,1,2.017555296421051,4.318746268749237,-3.361032247543335,2.724724054336548,0.5461030355941399
Ag28Au27Cu21Pd14Pt18,1,1.9247488379478455,4.366761744022369,-2.933957099914551,3.02919340133667,0.5449624015868781
Ag28Au11Cu16Pd29Pt24,1,0.6614438295364378,3.7762471437454224,-2.221663177013397,2.261134088039398,0.5415636992881365
Ag21Au23Cu19Pd20Pt25,1,0.6053280830383301,4.320086240768433,-2.703013002872467,0.9463396668434143,0.5382664532289261
Ag34Au20Cu18Pd19Pt17,1,1.5124768614768984,4.942864000797272,-3.434783697128296,0.9896299839019778,0.5368616307110631
Ag11Au28Cu19Pd24Pt26,1,1.1207348108291626,4.706107020378113,-3.1072872281074524,0.9427180886268616,0.5356409496846466
Ag23Au19Cu23Pd21Pt22,1,0.8749334812164307,4.0161473751068115,-2.8364471197128296,1.5908890962600708,0.5339361161497319
Ag18Au19Cu18Pd32Pt21,1,0.7184174060821533,3.8248798847198486,-2.6868266463279724,1.6953858733177185,0.5315199593328649
Ag20Au25Cu28Pd20Pt15,1,2.0325602293014526,4.654222846031189,-3.061624526977539,2.685116767883301,0.5281626303143401
Ag25Au22Cu18Pd24Pt19,1,0.9825034141540527,4.41864013671875,-2.9124415516853333,1.2058318257331848,0.5232225992257559
Ag22Au20Cu20Pd20Pt26,1,0.8723065257072449,4.177180349826813,-2.9490235447883606,1.2148082852363586,0.5197432036563616
Ag20Au17Cu21Pd21Pt29,1,1.7767404913902283,4.545169651508331,-4.1492685079574585,0.9555351138114929,0.5188621684185976
Ag21Au15Cu23Pd25Pt24,1,1.8585631251335144,4.384600579738617,-4.194717228412628,1.21797114610672,0.5168146008863029
Ag33Au19Cu21Pd22Pt13,1,1.5008974075317383,4.723011255264282,-3.333073079586029,1.2554003596305847,0.5146032702899815
Ag18Au23Cu23Pd23Pt21,1,2.1916796565055847,5.00681334733963,-4.4759241938591,0.7556599974632263,0.5091724303746081
Ag17Au25Cu20Pd23Pt23,1,1.371252179145813,4.751585364341736,-3.266410768032074,1.0484060645103455,0.5085368187802731
Ag26Au19Cu21Pd16Pt26,1,1.6494799256324766,4.232788264751434,-2.8459630012512207,2.6364517211914067,0.5046703901457616
Ag14Au27Cu27Pd20Pt20,1,1.3733865320682526,4.1698499619960785,-2.455565929412842,2.682779312133789,0.5028254285728782
Ag19Au21Cu23Pd24Pt21,1,1.206496596336365,4.795181632041931,-3.125066816806793,0.8377981781959534,0.4981974442299525
Ag24Au20Cu18Pd27Pt19,1,1.2509033679962158,5.116915225982666,-3.1968870759010315,0.46963244676589966,0.4973703555289127
Ag18Au25Cu23Pd23Pt19,1,1.5822968482971194,4.680516481399536,-3.4370232224464417,1.2526877522468567,0.49626336790408915
Ag22Au27Cu20Pd20Pt19,1,1.6085355877876282,5.041614472866058,-3.516986131668091,0.8005669116973875,0.4961797620952166
Ag17Au30Cu20Pd23Pt18,1,2.1802375316619873,4.175407409667969,-4.463449329137802,1.59883913397789,0.48968012461566723
Ag23Au20Cu25Pd17Pt23,1,1.3315969109535217,4.606132447719574,-2.8586740493774414,1.5613162517547607,0.48639635696551003
Ag24Au22Cu20Pd23Pt19,1,1.3229944705963135,4.253705263137817,-2.92204886674881,1.8455260396003723,0.4831917470274598
Ag21Au28Cu16Pd21Pt22,1,1.2486683130264282,4.7512816190719604,-3.0158832669258118,1.0332232117652893,0.4806820871115019
Ag18Au26Cu20Pd25Pt19,1,1.4987057745456698,4.951557964086533,-3.314685106277466,0.8938572406768799,0.48057206470614466
Ag25Au18Cu24Pd22Pt19,1,2.0341670513153076,3.7832558155059814,-3.144064724445343,3.3723071217536926,0.48039917918277264
Ag22Au26Cu23Pd17Pt20,1,1.213695704936981,4.297637522220612,-3.0907891392707825,1.3698673844337463,0.47814485858726896
Ag18Au19Cu26Pd26Pt19,1,1.4014800190925598,3.9249594807624817,-2.590867280960083,2.738382577896118,0.4764024847267695
Ag18Au14Cu29Pd16Pt31,1,1.8528085947036743,3.4838560819625854,-2.9966973662376404,3.5341352820396423,0.4740827712652488
Ag24Au24Cu20Pd17Pt23,1,1.333517998456955,4.537828952074051,-3.1450212001800537,1.2372210025787358,0.4736612710874051
Ag15Au25Cu19Pd25Pt24,1,0.95393967628479,4.053961515426636,-2.875732958316803,1.4169123768806458,0.473240466294648
Ag18Au27Cu15Pd21Pt27,1,1.7008344233036041,4.801895946264267,-3.3922483921051025,1.293894529342651,0.47078149834983585
Ag27Au18Cu24Pd23Pt16,1,1.2194256782531738,5.406249284744263,-3.042818546295166,0.17708683013916016,0.468962530448355
Ag22Au20Cu21Pd25Pt20,1,0.9742341041564941,4.323392629623413,-2.8202863335609436,1.2000985741615295,0.4668201247024025
Ag18Au22Cu26Pd25Pt17,1,1.853588491678238,4.123014062643051,-2.8952272534370422,2.9233177304267883,0.4660486440994438
Ag20Au22Cu17Pd21Pt28,1,1.311838448047638,4.402908742427826,-3.11102956533432,1.3572794795036316,0.46501725146909684
Ag20Au16Cu22Pd22Pt28,1,0.9877960681915283,4.572787523269653,-3.071662724018097,0.6189172863960266,0.4622155772827584
Ag19Au17Cu17Pd33Pt22,1,1.4360603094100952,4.4200979471206665,-3.453071415424347,1.1266072392463684,0.46170594048684643
Ag20Au23Cu18Pd18Pt29,1,1.0660836696624756,4.39539098739624,-2.956540048122406,1.0958136916160586,0.4609113768173382
Ag24Au28Cu17Pd18Pt21,1,1.5963597893714905,4.857379138469696,-3.1134018898010254,1.327399492263794,0.4542852839798212
Ag22Au22Cu18Pd23Pt23,1,0.9633133411407471,4.03163480758667,-2.848358392715454,1.3906455039978027,0.4459303188980519
Ag22Au26Cu16Pd20Pt24,1,1.6062262654304504,4.596101939678192,-3.7309609055519104,0.8361840844154358,0.4458414829379794
Ag19Au24Cu30Pd15Pt20,1,1.700713336467743,4.699031174182892,-3.3763113617897034,1.3189132809638977,0.44172966260608837
Ag17Au23Cu21Pd25Pt22,1,2.095458835363388,4.872350126504898,-4.083158552646637,0.943277895450592,0.43570204124704903
Ag28Au21Cu19Pd20Pt20,1,1.5539091229438782,4.829163491725922,-3.373544156551361,0.8836368918418884,0.43426873124234555
Ag19Au18Cu30Pd23Pt18,1,1.3153522610664368,4.422747552394867,-3.3956766724586487,0.8436389565467834,0.42635263757974656
Ag19Au23Cu21Pd25Pt20,1,0.7781333327293396,5.452297270298004,-2.6795575618743896,-0.3918144702911377,0.4241045824806305
Ag21Au16Cu26Pd16Pt29,1,1.4063343107700348,4.414834827184677,-3.2333510518074036,1.1990681290626526,0.420939864649746
Ag21Au24Cu19Pd25Pt19,1,1.2131662368774414,3.749307870864868,-1.7304287552833557,3.4370232224464417,0.41677461521930115
Ag22Au26Cu24Pd20Pt16,1,0.9153268337249757,4.059435844421387,-2.619353353977204,1.4408639073371887,0.4148075282146392
Ag30Au24Cu23Pd19Pt12,1,0.8654605150222778,4.331549763679504,-2.645378172397614,0.9918318390846255,0.4082231290992332
Ag21Au23Cu23Pd20Pt21,1,1.3369286060333252,4.72114896774292,-3.0085296034812927,0.9636532664299009,0.40777401588921514
Ag24Au21Cu23Pd22Pt18,1,1.1063146591186521,4.176020622253418,-2.8672309517860413,1.315531313419342,0.4054066361671071
Ag22Au19Cu25Pd22Pt20,1,1.3462575674057007,4.242048144340515,-2.8529180884361267,1.6957949995994568,0.40536612244464054
Ag24Au19Cu22Pd19Pt24,1,0.8738210201263428,4.142070293426514,-2.7223325967788696,1.1036077737808228,0.4034633617008154
Ag20Au19Cu23Pd24Pt22,1,1.4105156660079956,4.770838141441345,-3.1704640984535217,0.8155508637428281,0.40093677274475714
Ag21Au30Cu22Pd18Pt17,1,1.5036741495132446,4.818498492240906,-3.319267213344574,0.7460846304893494,0.4006648858711394
Ag21Au25Cu15Pd22Pt25,1,1.7626256942749023,4.392480134963989,-2.0984115600585938,3.199617385864258,0.3992248199719464
Ag22Au25Cu21Pd17Pt23,1,2.5351824164390564,4.048496782779694,-3.2192251682281494,3.5850751399993896,0.39744503114010665
Ag21Au19Cu16Pd24Pt28,1,1.2408205270767212,4.051217675209045,-2.155454099178314,2.543951451778412,0.3951495697685567
Ag23Au29Cu14Pd21Pt21,1,1.6233122050762177,4.9207601845264435,-3.4671899676322937,0.6389531493186951,0.3933408086243301
Ag15Au22Cu25Pd26Pt20,1,1.067730963230133,3.135769307613373,-2.248281180858612,3.117813766002655,0.3922391724565582
Ag22Au21Cu19Pd17Pt29,1,1.2789089679718018,4.26019811630249,-2.9678876996040344,1.3554018139839172,0.3906063114524474
Ag25Au13Cu15Pd22Pt33,1,1.9990882873535156,3.9493725299835205,-2.970416843891144,2.985655128955841,0.38549999182548284
Ag15Au16Cu20Pd27Pt30,1,2.056800365447998,4.647341728210449,-3.9978851675987244,1.0377134680747986,0.38468534866597437
Ag21Au28Cu22Pd19Pt18,1,1.8949602842330933,5.161434769630432,-3.644930362701416,0.6093399524688723,0.3838332997846027
Ag19Au16Cu28Pd29Pt16,1,2.337361514568329,3.7192957997322083,-3.1821613907814026,3.584534227848053,0.3835069290053571
Ag19Au20Cu22Pd22Pt25,1,1.029960036277771,3.8869247436523438,-2.7989757657051086,1.4896014332771301,0.38067978929752355
Ag23Au23Cu18Pd21Pt23,1,1.6759170889854436,4.784031689167023,-3.3689470291137695,0.9605937004089355,0.3806409144112147
Ag19Au20Cu19Pd26Pt24,1,1.868843913078308,4.962135434150696,-3.6036450266838074,0.8181332945823669,0.3795771308649682
Ag20Au18Cu20Pd24Pt26,1,1.6475899815559387,5.001030623912811,-3.328256845474243,0.711995601654053,0.3787050389946228
Ag30Au25Cu22Pd18Pt13,1,1.7015686035156246,5.003522634506226,-3.603942096233368,0.46255606412887573,0.378097374954846
Ag19Au24Cu20Pd20Pt25,1,1.628321886062622,3.4285967350006104,-1.9497644305229187,4.127355754375458,0.3775272293652066
Ag15Au29Cu23Pd25Pt16,1,1.1024880409240723,3.8432297706604004,-2.778597056865692,1.6821839213371277,0.37723215964140117
Ag22Au18Cu18Pd26Pt24,1,1.3943741917610173,4.586944758892059,-3.1434859633445744,0.9348449110984804,0.3772028550683722
Ag21Au22Cu28Pd16Pt21,1,1.2607370615005493,4.517027497291565,-3.1747660636901855,0.7205979824066164,0.37448716101336865
Ag18Au17Cu22Pd30Pt21,1,1.5688510239124296,4.668154209852219,-3.3637425899505615,0.8717801570892334,0.37281948683241434
Ag14Au24Cu26Pd17Pt27,1,1.2628962397575378,4.128940641880035,-2.9476251006126404,1.4219524264335632,0.3705368436345791
Ag22Au17Cu24Pd23Pt22,1,1.0489792823791504,2.9944663047790527,-1.768760621547699,3.754177987575531,0.370344493334679
Ag19Au21Cu26Pd20Pt22,1,1.4788551330566406,4.990883111953735,-3.2728766798973083,0.44253963232040405,0.36718978804747593
Ag20Au23Cu19Pd24Pt22,1,1.1749829053878784,4.07461154460907,-2.8753965497016907,1.398807108402252,0.36695205326973224
Ag15Au29Cu27Pd23Pt14,1,1.3662728071212769,4.469173789024353,-3.1203182339668274,0.9945920109748839,0.3642231212027692
Ag20Au18Cu19Pd20Pt31,1,1.8233543634414673,3.9425636529922485,-2.7952422499656677,2.809459149837494,0.36351071882470054
Ag18Au24Cu26Pd21Pt19,1,1.7128862142562866,3.9963895082473755,-2.356905996799469,3.0805564522743225,0.3600031909620521
Ag20Au25Cu20Pd19Pt24,1,0.8355140686035156,4.754129886627197,-2.2610137462615967,0.762819766998291,0.3590289250650397
Ag24Au26Cu15Pd19Pt24,1,1.1608540415763855,4.478522837162018,-2.7346813082695007,1.0688206553459165,0.3585111628404954
Ag17Au26Cu27Pd21Pt17,1,1.018209457397461,4.058193683624268,-2.8704949617385864,1.099439263343811,0.35653888584655813
Ag20Au21Cu19Pd29Pt19,1,1.0829038619995117,3.784435987472534,-2.6399214267730713,1.7953481674194338,0.35349838446315307
Ag25Au12Cu27Pd17Pt27,1,1.425871402025223,4.05299636721611,-2.7801617980003352,1.9360312819480896,0.35070353466793047
Ag20Au25Cu21Pd18Pt24,1,1.1178437471389768,3.8598521947860718,-2.8597330451011658,1.4760128855705263,0.34649055313960075
Ag21Au21Cu20Pd19Pt27,1,1.5166411101818085,4.985828906297684,-3.283597707748413,0.42474842071533203,0.34612452524088605
Ag19Au17Cu29Pd21Pt22,1,1.111092448234558,3.6251814365386963,-2.5586113333702087,2.0962550044059753,0.34606719921000734
Ag22Au27Cu23Pd19Pt17,1,1.7201039791107178,5.1390533447265625,-3.5770702362060547,0.25397419929504395,0.34452239921862965
Ag23Au21Cu18Pd20Pt26,1,1.317087471485138,5.589265286922455,-3.20302677154541,-0.5144709944725038,0.3439346781299512
Ag21Au22Cu18Pd24Pt23,1,1.0212600231170654,4.040963649749756,-2.7147600054740906,1.256830871105194,0.34029486117146224
Ag26Au20Cu14Pd21Pt27,1,1.4061734080314636,5.410412609577179,-2.902712106704712,0.19965243339538552,0.33887290817796584
Ag17Au25Cu18Pd23Pt25,1,2.276407539844513,4.450990617275238,-4.128733336925507,1.317175090312958,0.3379938785278234
Ag21Au20Cu28Pd20Pt19,1,1.516372799873352,4.601181864738464,-3.2290080189704895,0.8837938904762268,0.33688798967836847
Ag25Au16Cu23Pd16Pt28,1,1.0233964920043945,3.9009387493133545,-2.84604948759079,1.2378916144371033,0.33630699948661824
Ag21Au21Cu26Pd20Pt20,1,2.0790935158729553,4.438637435436249,-3.7778648734092712,1.3916942477226257,0.33354251559619796
Ag21Au25Cu16Pd23Pt23,1,1.2356177568435667,3.9688862562179565,-2.7638238072395325,1.6316116452217102,0.33133496231861687
Ag22Au26Cu21Pd14Pt25,1,1.4026080369949339,4.354897379875183,-2.714439153671264,1.5631003379821777,0.32988665703412223
Ag23Au16Cu21Pd26Pt22,1,1.265239953994751,4.2397308349609375,-2.9459492564201355,1.1493300795555115,0.3287317087988923
Ag16Au24Cu21Pd21Pt26,1,1.1904730796813967,3.9848599433898926,-2.7504502534866333,1.537727952003479,0.3284442946864269
Ag24Au25Cu18Pd19Pt22,1,2.1332278847694397,4.658998906612396,-3.8722049593925476,1.1072277426719666,0.32781013441221274
Ag25Au21Cu20Pd22Pt20,1,1.5401262640953064,4.448322355747223,-3.1334367394447327,1.1768704056739807,0.32667235184374094
Ag26Au23Cu22Pd18Pt19,1,1.41311514377594,4.458342909812927,-3.150538742542267,0.9015033841133118,0.32337153989774403
Ag18Au22Cu24Pd18Pt26,1,1.1766417026519773,4.115407228469849,-2.9622748494148254,1.062477171421051,0.31711035756718003
Ag24Au23Cu23Pd18Pt20,1,1.1675411462783813,4.207125544548035,-3.0104596614837646,0.8810882568359377,0.3162079001655471
Ag22Au18Cu24Pd23Pt21,1,-0.024798035621643066,3.2093478441238403,-1.604290783405304,1.5665989518165588,0.3158798477397424
Ag18Au23Cu27Pd17Pt23,1,1.5919118523597717,4.144812524318695,-3.3414504528045654,1.298924446105957,0.3133063769121782
Ag18Au11Cu26Pd18Pt35,1,0.9463429450988768,3.5951993465423584,-2.499653995037079,1.779693067073822,0.3129346103142766
Ag17Au13Cu27Pd24Pt27,1,0.9032531976699827,2.7257338762283325,-1.7948685884475708,3.5208040475845337,0.3077004744206228
Ag20Au24Cu26Pd23Pt15,1,1.7852898836135864,4.723067879676819,-3.4497182369232178,0.8527879714965818,0.30739016574454103
Ag21Au19Cu23Pd19Pt26,1,1.299797147512436,4.517614156007767,-2.9273581504821777,0.8459055423736574,0.3069564874651959
Ag23Au23Cu17Pd20Pt25,1,1.62838613986969,4.4141775369644165,-2.571802377700805,1.988720417022705,0.30420696846968986
Ag17Au34Cu23Pd16Pt18,1,1.490554928779602,4.497649073600769,-3.0214402079582214,1.0744377970695493,0.30074861261219166
Ag24Au22Cu23Pd18Pt21,1,0.7137756943702698,3.8038346171379094,-2.144489228725434,1.5147890448570251,0.2988879613193609
Ag20Au25Cu24Pd23Pt16,1,2.27308052778244,4.750371277332306,-4.036429345607758,0.945166289806366,0.29814725174648327
Ag17Au26Cu25Pd17Pt23,1,1.5210541188716888,4.854647070169449,-3.151700496673584,0.5516626834869385,0.2951894481795243
Ag21Au25Cu15Pd25Pt22,1,0.9941776692867279,3.158702164888382,-1.6252179145812988,3.3666608333587646,0.29425273080825687
Ag21Au16Cu33Pd18Pt20,1,1.342966914176941,4.200122237205505,-2.9181283116340637,1.2396298050880432,0.2941183008017646
Ag15Au27Cu22Pd25Pt19,1,1.2031341195106506,3.6672996878623962,-2.2871903777122498,2.3463253378868103,0.2905078002688507
Ag21Au20Cu19Pd28Pt20,1,0.9104275703430176,3.5354144573211674,-2.1734066605567937,2.0990498661994934,0.28967201735785564
Ag22Au25Cu18Pd23Pt20,1,2.170864462852478,4.760242819786072,-3.909022867679596,0.8610673546791077,0.2858973586898259
Ag16Au20Cu28Pd26Pt18,1,2.3435441851615906,3.985721528530121,-3.018087863922119,3.136427402496338,0.2850345703411525
Ag21Au19Cu29Pd17Pt22,1,1.1610389947891235,3.966842293739319,-2.7134633660316467,1.3874056935310364,0.28487834063454726
Ag28Au20Cu21Pd20Pt19,1,1.0406332612037659,3.942767202854156,-2.157600402832031,1.8778610229492188,0.28273482044733067
Ag22Au19Cu22Pd20Pt25,1,0.9787125587463381,3.7316577434539795,-2.358156979084015,1.7428129315376282,0.2807565348386331
Ag23Au22Cu26Pd22Pt15,1,1.5729487538337708,4.183874547481537,-3.0495226979255676,1.457036316394806,0.27937239429108546
Ag24Au15Cu20Pd25Pt24,1,1.417687714099884,3.839617908000946,-2.7145854830741882,1.9621936678886414,0.27659676089428575
Ag20Au23Cu24Pd19Pt22,1,1.695794343948364,3.528642416000366,-2.4557507634162903,3.111744225025177,0.2707940552359885
Ag26Au29Cu25Pd18Pt10,1,1.7054206728935242,4.8722668290138245,-3.578899621963501,0.24327921867370605,0.2702804047022666
Ag17Au16Cu28Pd28Pt19,1,1.2514808177947998,3.7929818630218506,-2.886037528514862,1.4603051543235779,0.266234155495723
Ag20Au18Cu26Pd20Pt24,1,1.6330763399600983,3.9358294904232025,-3.358365476131439,1.391086757183075,0.26160438851944495
Ag18Au32Cu17Pd18Pt23,1,1.3974832892417908,4.463869154453278,-2.7987700104713436,1.0707057118415833,0.26094501290339633
Ag21Au14Cu18Pd26Pt29,1,1.0630571246147158,4.355810225009918,-2.8725680708885193,0.49048584699630715,0.2607088808972581
Ag19Au26Cu21Pd12Pt30,1,1.5357038974761963,4.673894882202148,-3.1348299980163574,0.663294792175293,0.2587284302526982
Ag20Au20Cu24Pd28Pt16,1,1.598587453365326,4.261388599872589,-3.27142733335495,1.051059424877167,0.2550144660195369
Ag27Au14Cu22Pd22Pt23,1,1.9123011231422422,4.491248786449432,-3.467040538787842,1.1224148273468018,0.25481677700664396
Ag22Au26Cu16Pd24Pt20,1,1.4552323222160344,4.277351677417755,-2.9520298838615417,1.1537839770317075,0.2507427571605373
Ag21Au21Cu22Pd30Pt14,1,1.8203363418579102,4.6840596199035645,-3.3501813411712646,0.8658304214477539,0.24918174325479509
Ag22Au25Cu19Pd16Pt26,1,1.6478716731071472,4.610002100467682,-3.350501775741577,0.630835771560669,0.2482669953759521
Ag19Au16Cu25Pd27Pt21,1,1.5905562043190002,4.568875730037689,-3.1547386050224304,0.8115143179893493,0.2472058830352252
Ag20Au23Cu20Pd21Pt24,1,1.410009503364563,4.424033999443054,-2.828404247760773,1.0485456585884094,0.2469623205779129
Ag21Au21Cu22Pd21Pt23,1,1.5388646721839905,4.588971316814423,-2.9220680594444275,0.9809591174125669,0.24629126950642938
Ag29Au24Cu14Pd18Pt23,1,1.354114294052124,4.480205774307251,-2.3966481685638428,1.4166221618652344,0.24576542982392297
Ag20Au21Cu25Pd27Pt15,1,1.8672671914100647,4.7382912039756775,-3.6836488842964172,0.4561038613319397,0.24365529367856212
Ag22Au17Cu21Pd28Pt20,1,1.710763692855835,4.5222015380859375,-3.535762131214142,0.5893816947937011,0.24215075271508088
Ag17Au24Cu23Pd22Pt22,1,2.1432367563247676,4.558297276496887,-3.7303571105003357,1.0785917639732359,0.23825336250078788
Ag25Au20Cu17Pd25Pt21,1,2.006543815135956,4.821172058582306,-3.822862684726715,0.4160800576210023,0.2361022364889065
Ag17Au21Cu24Pd22Pt24,1,1.6502541899681091,4.747608482837677,-3.3522573113441467,0.42899942398071295,0.2344831236131834
Ag30Au15Cu28Pd14Pt21,1,1.0968120694160461,3.5353209376335144,-2.433831036090851,1.9069212079048157,0.2341969260848727
Ag20Au22Cu26Pd16Pt24,1,1.5228405594825745,4.337999999523163,-2.968041718006134,1.1224165558815002,0.23279197890235132
Ag17Au22Cu24Pd21Pt24,1,1.8729455471038818,4.4644293785095215,-3.3088903427124023,1.1861150264739988,0.23046386544316733
Ag19Au23Cu32Pd19Pt15,1,0.7566104531288149,3.168615400791168,-2.3847327828407288,1.7268536686897278,0.22629906389984783
Ag25Au24Cu18Pd23Pt18,1,1.5696707367897034,4.588519513607025,-2.958721101284027,0.9104024767875671,0.22448299134075544
Ag29Au17Cu21Pd18Pt23,1,1.936452031135559,3.937536120414734,-2.343264579772949,3.0568628311157227,0.22298951297956937
Ag33Au12Cu22Pd18Pt23,1,1.514701008796692,4.278739809989929,-3.075660765171051,1.00006228685379,0.2222046137770371
Ag25Au15Cu25Pd18Pt25,1,1.8260149955749512,4.001593351364136,-2.6215437054634094,2.436637222766876,0.22218944523040057
Ag25Au20Cu27Pd16Pt20,1,1.8908302187919617,4.712856352329254,-3.467482030391693,0.7148715853691101,0.2220479037593578
Ag24Au27Cu16Pd26Pt15,1,1.5973783731460571,4.96525514125824,-3.166818618774414,0.2711222171783447,0.22083047440464604
Ag22Au17Cu28Pd20Pt21,1,1.044397711753845,4.336358189582825,-2.6147664189338684,0.6467700600624084,0.22012936640770456
Ag21Au21Cu25Pd21Pt20,1,0.8408187031745911,3.1506680846214294,-2.04073303937912,2.2736915946006775,0.21203302789528108
Ag26Au24Cu15Pd23Pt20,1,1.0815601348876953,4.151350498199463,-2.668194591999054,0.8179958462715149,0.21078455793700335
Ag22Au22Cu22Pd23Pt19,1,1.750759482383728,4.729238867759705,-3.3669393062591553,0.5160567760467529,0.20835880045186508
Ag26Au17Cu23Pd22Pt20,1,1.3946941494941711,4.293514668941498,-2.9933958649635315,0.8161619305610657,0.2083537518183567
Ag20Au25Cu17Pd22Pt24,1,2.134326696395874,4.588541269302368,-3.458623170852661,1.247765064239502,0.20649139696496668
Ag23Au25Cu21Pd12Pt27,1,1.1070913672447205,4.017891466617584,-2.486191213130951,1.2172529101371767,0.2051420826386338
Ag23Au21Cu19Pd21Pt24,1,1.918577790260315,4.602059006690979,-3.469153344631195,0.8202506899833679,0.20445837843712228
Ag27Au18Cu15Pd18Pt30,1,2.7017133831977844,3.6122636198997498,-3.6090041995048523,3.1616804003715515,0.20337522194667373
Ag19Au22Cu18Pd26Pt23,1,1.6009658873081207,4.3662377297878265,-3.3353599905967717,0.6662535071372986,0.20321707500423547
Ag21Au29Cu18Pd18Pt22,1,1.656211376190185,4.6163330078125,-3.2832337021827698,0.5500124096870422,0.20209357623462948
Ag22Au19Cu17Pd26Pt24,1,0.9141772985458372,4.013684868812561,-2.4597912430763245,0.8919535279273987,0.2018314582774367
Ag19Au19Cu23Pd23Pt24,1,1.3014828860759735,4.079386979341507,-2.8108782172203064,1.0826415419578552,0.2008009389852812
Ag19Au19Cu25Pd26Pt19,1,1.7794240713119507,3.770821452140808,-2.3027288913726807,2.8978021144866943,0.19383001577314435
Ag27Au23Cu17Pd24Pt17,1,2.119321882724762,3.7641560435295105,-2.4223031997680664,3.3511743545532227,0.18771958203948608
Ag21Au18Cu26Pd12Pt31,1,0.8505795001983643,3.2923684120178223,-2.2524136900901794,1.778721272945404,0.18721232729821355
Ag17Au19Cu30Pd22Pt20,1,1.6249352097511292,3.3893229365348816,-1.996666967868805,3.388393223285675,0.18533495294957614
Ag19Au21Cu25Pd23Pt20,1,1.185612678527832,3.954519748687744,-2.60297828912735,1.200064957141876,0.18240299661720946
Ag18Au25Cu21Pd21Pt23,1,1.4519305229187014,4.445043444633484,-3.0458900928497314,0.5739431381225588,0.17809369889342683
Ag23Au24Cu15Pd27Pt19,1,1.5713590383529663,4.329300761222839,-3.0413524508476257,0.9233145117759705,0.17770931118883473
Ag16Au18Cu23Pd32Pt19,1,1.05758535861969,3.601688504219055,-2.550724744796753,1.398935317993164,0.17585038117003418
Ag22Au24Cu20Pd22Pt20,1,0.7767226099967957,2.935483992099762,-1.6799511313438416,2.708138644695282,0.17570273112030094
Ag23Au30Cu16Pd24Pt15,1,0.7400763034820557,3.442504405975342,-2.210164427757263,1.4198991656303406,0.17537386886256023
Ag15Au20Cu28Pd26Pt19,1,1.5732396841049194,4.137318253517151,-3.0064224600791936,1.162864863872528,0.172358194682578
Ag23Au19Cu22Pd23Pt21,1,1.6867693066596985,4.0975136160850525,-3.3729841113090515,0.9559847712516785,0.17186103305297218
Ag25Au17Cu18Pd24Pt24,1,1.861844688653946,4.682805627584457,-3.3305664658546448,0.6759992241859436,0.1713016374250634
Ag30Au20Cu20Pd17Pt21,1,2.2491111755371094,3.572434186935425,-2.6888028979301453,3.4058048129081726,0.1709875269618859
Ag19Au20Cu17Pd25Pt27,1,1.0793886184692383,4.141334533691406,-2.6550167202949524,0.6911824345588684,0.1705466185205269
Ag28Au22Cu10Pd27Pt21,1,1.5568459928035736,3.1350187361240387,-2.1753904223442078,3.267403781414032,0.17004831717679997
Ag30Au19Cu22Pd21Pt16,1,1.579982042312622,4.357066869735718,-3.1028353571891785,0.8014742732048036,0.16958294607445656
Ag22Au23Cu23Pd24Pt16,1,2.1125714778900146,3.6768550872802734,-2.9666501879692078,2.687243640422821,0.1683848722350208
Ag22Au23Cu19Pd22Pt22,1,1.3851771354675297,3.8617782592773438,-2.741856276988983,1.4399332404136658,0.16825666081168839
Ag27Au19Cu18Pd22Pt22,1,1.436608076095581,2.972165107727051,-2.0165553092956543,3.4169499874114986,0.16741750661660737
Ag21Au21Cu30Pd18Pt18,1,1.4584131836891179,4.482970416545868,-2.9078404307365417,0.6750091910362244,0.167344335725958
Ag19Au23Cu13Pd28Pt25,1,1.9423730969429016,4.362927615642548,-3.385878324508667,1.0921831130981445,0.16706407891392772
Ag26Au21Cu22Pd16Pt23,1,1.2402751445770264,3.552901268005371,-2.486538827419281,1.826544463634491,0.16568040122783603
Ag20Au15Cu18Pd29Pt26,1,1.7970497906208034,4.764214724302292,-3.225461006164551,0.573864698410034,0.16466457929205056
Ag23Au19Cu16Pd27Pt23,1,2.4042479395866394,3.259373962879181,-3.1580525040626526,3.4257560372352596,0.16407177344566354
Ag26Au20Cu24Pd19Pt19,1,1.5005001127719881,4.441237300634384,-2.6644680500030518,1.0775117874145508,0.1613239219579693
Ag17Au22Cu27Pd27Pt15,1,1.8012290000915527,4.92397928237915,-3.139124870300293,0.4897451400756836,0.15879850257306616
Ag20Au19Cu34Pd16Pt19,1,1.3574761748313904,3.5466752648353577,-2.840261995792389,1.5800018906593323,0.15847339555216985
Ag23Au22Cu22Pd23Pt18,1,0.8453912734985354,4.128108024597168,-2.1307039856910706,0.8772757649421692,0.1558673101145997
Ag26Au18Cu18Pd26Pt20,1,1.9349038004875183,3.7747709155082703,-3.4574283957481384,1.5791382193565369,0.1503771050446704
Ag25Au25Cu24Pd15Pt19,1,1.391120433807373,3.744812250137329,-2.6625266671180725,1.5930798649787903,0.14529206645015896
Ag22Au24Cu19Pd23Pt20,1,2.0641438364982605,4.248563349246979,-3.7352009415626526,0.9223316311836243,0.14462652209694016
Ag17Au23Cu27Pd22Pt19,1,1.625291019678116,4.262305825948715,-3.0984968543052673,0.8876990675926208,0.1410877666059392
Ag17Au30Cu19Pd17Pt25,1,1.9637231230735779,4.2218199372291565,-3.519350230693817,1.012375295162201,0.13784888960875766
Ag22Au19Cu26Pd22Pt19,1,1.658812701702118,4.587226450443268,-3.006788313388824,0.6763229966163633,0.13409429968698292
Ag27Au19Cu19Pd20Pt23,1,1.5944843292236328,3.849730968475342,-2.654834568500519,1.810793936252594,0.13326289743927494
Ag29Au15Cu25Pd18Pt21,1,1.5611037611961365,4.030774652957916,-3.030076563358307,1.0789859890937805,0.1320722239127943
Ag25Au19Cu21Pd23Pt20,1,1.1860275268554688,3.8147623538970947,-2.6525202989578247,1.1044927835464478,0.13164211402491396
Ag18Au21Cu17Pd23Pt29,1,1.1756187081336977,3.7581867575645447,-2.648642122745514,1.1470373272895813,0.13002021505148617
Ag20Au24Cu23Pd20Pt21,1,1.0900611281394958,3.6086462140083313,-2.508376717567444,1.309204697608948,0.12403073272996576
Ag23Au17Cu22Pd22Pt24,1,0.8364390730857848,3.661642611026764,-1.7485492825508118,1.7303372025489807,0.12313985828374849
Ag27Au16Cu17Pd25Pt23,1,1.1096622943878174,4.289342164993286,-2.4958024621009827,0.6006725430488586,0.12256832567074086
Ag20Au21Cu26Pd21Pt20,1,0.7797459959983826,3.532912313938141,-2.1746702790260315,1.2331545948982237,0.12112018224323816
Ag17Au22Cu23Pd18Pt28,1,1.4057124853134155,4.011448502540588,-2.7920151352882385,1.071019947528839,0.12060042179847522
Ag28Au23Cu17Pd21Pt19,1,0.5634627342224121,3.065148115158081,-1.6072085499763489,2.0551169514656067,0.11886455268456547
Ag23Au26Cu22Pd18Pt19,1,1.9068048596382141,4.820192992687225,-3.1979947090148926,0.5615220069885256,0.11547688726735966
Ag14Au32Cu26Pd16Pt20,1,1.2304787635803223,3.931046485900879,-2.8026667833328247,0.8029009699821473,0.11371912201988808
Ag18Au23Cu23Pd19Pt25,1,1.3648092746734621,3.459149122238159,-2.378160297870636,2.0950549244880676,0.11316989465624541
Ag19Au24Cu25Pd19Pt21,1,1.6783261895179749,4.441135108470917,-3.0202994346618652,0.7749881744384763,0.11217918463063867
Ag19Au22Cu16Pd30Pt21,1,1.7282861471176147,3.9051438570022583,-2.7215132117271423,1.8220190405845642,0.10982584364882467
Ag28Au14Cu27Pd22Pt17,1,1.8068710267543793,4.356200605630875,-3.338751971721649,0.6901013255119324,0.10765462518612964
Ag24Au25Cu21Pd18Pt20,1,1.5503255128860474,4.37503969669342,-3.0009660124778748,0.6105508208274841,0.10436118367677924
Ag20Au29Cu18Pd23Pt18,1,1.489988297224045,4.242603093385696,-2.996190369129181,0.6430163979530334,0.10151537883327633
Ag18Au26Cu19Pd22Pt23,1,2.2209771275520325,4.139933288097382,-3.959501624107361,0.8856118321418761,0.10091184314791671
Ag23Au18Cu24Pd16Pt27,1,1.832927465438843,4.560148000717163,-3.20686936378479,0.6363177299499512,0.09723422992799868
Ag19Au17Cu20Pd22Pt30,1,0.9211511015892029,3.3133652806282043,-2.259527266025543,1.5322793126106262,0.09553752738894504
Ag23Au24Cu12Pd21Pt28,1,2.0307257175445557,4.351068735122681,-3.4530606269836426,0.9148054122924805,0.09545685936185701
Ag32Au20Cu19Pd19Pt18,1,2.794177830219269,4.359078347682953,-4.038986027240753,1.5535243153572083,0.09245238592529766
Ag18Au17Cu25Pd20Pt28,1,1.621869444847107,3.3936461210250854,-2.2125425934791565,2.7619219422340393,0.09220353044173052
Ag24Au21Cu16Pd25Pt22,1,2.291595757007599,4.75380676984787,-3.8736190795898438,0.40451645851135254,0.09133074333553098
Ag19Au26Cu17Pd27Pt19,1,0.7423967123031616,3.563608765602112,-1.9942257404327393,1.2412681579589844,0.09056048968280564
Ag17Au23Cu20Pd25Pt23,1,1.522347331047058,4.474383473396301,-2.857618808746338,0.570258378982544,0.08898365782418655
Ag20Au19Cu22Pd19Pt28,1,1.2063042521476746,3.3478510975837708,-2.084829032421112,2.2037715315818787,0.08878881552703818
Ag23Au9Cu28Pd24Pt24,1,1.072770655155182,3.301119387149811,-2.386211335659027,1.631119430065155,0.08677213080589641
Ag25Au22Cu19Pd22Pt20,1,2.1245463490486145,4.379762828350067,-3.3311257362365723,1.1691579818725586,0.08589667387275797
Ag26Au22Cu16Pd21Pt23,1,1.716001808643341,4.388855397701263,-3.0812277793884277,0.7274682521820068,0.08589645704994811
Ag21Au23Cu25Pd22Pt17,1,1.5492469668388367,3.994073450565338,-2.492697536945343,1.580468237400055,0.08251199429298146
Ag18Au20Cu29Pd24Pt17,1,1.7383677363395689,3.6517067551612854,-3.305290997028351,1.2855997681617737,0.08027271306807852
Ag24Au22Cu15Pd22Pt25,1,1.063429594039917,3.419766902923584,-2.012315809726715,1.9219079613685608,0.08002409781424874
Ag22Au23Cu23Pd18Pt22,1,1.3230862319469452,3.9756563007831573,-2.716822564601898,0.8972033858299255,0.07863049774139341
Ag22Au27Cu23Pd16Pt20,1,1.277027606964111,3.625243663787842,-2.350435256958008,1.639282464981079,0.07389895931581084
Ag17Au23Cu22Pd31Pt15,1,1.6474931240081787,3.182974338531494,-2.321288287639618,2.837840497493744,0.07373858506941128
Ag28Au24Cu21Pd16Pt19,1,1.6464445590972903,4.733720541000366,-2.9334871768951416,0.35633039474487305,0.07353854217131536
Ag18Au21Cu28Pd22Pt19,1,1.0998731851577759,5.092949032783508,-2.5322318077087402,-0.5497510433197021,0.06986665367581163
Ag19Au18Cu27Pd22Pt22,1,1.0692818164825442,3.4255146980285645,-2.461973011493683,1.3237279057502747,0.06827695455545763
Ag18Au19Cu25Pd21Pt25,1,0.8711624145507812,3.362665891647339,-2.1581992506980896,1.4101895689964294,0.06809461761122365
Ag21Au20Cu17Pd23Pt27,1,1.2175638675689697,3.7054781913757324,-2.4855303168296814,1.2511162161827087,0.06762418120865411
Ag25Au21Cu19Pd23Pt20,1,2.155633509159088,3.0465967059135437,-2.4533676505088806,3.7082497477531433,0.06314763124741274
Ag20Au25Cu24Pd19Pt20,1,1.3664968609809875,4.520088374614716,-2.8895065784454346,0.10008907318115212,0.0630627542589276
Ag27Au19Cu22Pd26Pt14,1,1.0879693031311035,3.770376682281494,-1.9731432795524597,1.5550267100334167,0.06086152046853362
Ag15Au25Cu23Pd22Pt23,1,1.5736058354377747,4.262208878993988,-2.965024173259735,0.6583427786827087,0.06042178403480486
Ag20Au16Cu23Pd25Pt24,1,1.8885284066200256,4.065814435482025,-3.212330400943756,1.1335116028785706,0.058481810932437955
Ag21Au19Cu20Pd23Pt25,1,1.8952690958976746,4.493324816226959,-3.471572160720825,0.34234094619750977,0.05643127709812973
Ag22Au15Cu30Pd21Pt20,1,1.9062782526016235,4.61527407169342,-3.404937744140625,0.3082282543182373,0.055963992356030806
Ag27Au17Cu25Pd16Pt23,1,1.9285289645195007,4.532416641712189,-3.3872804641723633,0.4564182758331299,0.054365532331987876
Ag19Au22Cu22Pd18Pt27,1,1.0929568409919739,2.5827130675315857,-1.3323898911476135,3.645944893360138,0.05279682605275271
Ag20Au29Cu25Pd16Pt18,1,1.6337960958480835,4.595837473869324,-2.8983439803123474,0.44397181272506714,0.05056619720929015
Ag22Au23Cu27Pd17Pt19,1,1.2869731187820435,3.328720211982727,-2.228857100009918,2.0411327481269836,0.04825372652103552
Ag23Au20Cu22Pd18Pt25,1,0.904728889465332,3.506141424179077,-1.7296097874641418,1.7649222016334534,0.046782462717635837
Ag22Au26Cu21Pd23Pt16,1,1.6272902190685272,3.4244597256183624,-2.0120561718940735,2.8163929581642146,0.04663121518231639
Ag20Au21Cu27Pd16Pt24,1,1.3297020792961118,4.285698473453522,-2.735183000564575,0.42096376419067383,0.0460073260046287
Ag29Au16Cu22Pd18Pt23,1,1.3145080208778381,3.5391127467155457,-2.2121869921684265,1.8519617915153503,0.041094045885086944
Ag22Au28Cu20Pd25Pt13,1,1.985182762145996,3.741651773452759,-3.535240113735199,1.199516236782074,0.0403760549752126
Ag18Au17Cu23Pd28Pt22,1,1.0258673727512362,3.176400512456894,-2.3184964060783386,1.5883488059043884,0.0386223671201648
Ag19Au27Cu17Pd23Pt22,1,1.771524786949158,4.313334941864014,-2.965374708175659,0.8707120418548584,0.03632867731933828
Ag21Au21Cu14Pd25Pt27,1,1.4718109369277954,3.877116322517395,-2.62283056974411,1.232376515865326,0.03556566412712569
Ag21Au14Cu24Pd26Pt23,1,0.8753901720046997,3.0906041860580444,-1.959427297115326,1.841401994228363,0.03467835153647972
Ag23Au16Cu23Pd30Pt16,1,1.9799137711524963,4.431196868419647,-3.150925397872925,0.8815517425537109,0.034572349705292466
Ag18Au23Cu22Pd19Pt26,1,1.3453823328018188,3.5757001638412476,-2.542007267475128,1.4319077134132385,0.03416330682780765
Ag25Au22Cu22Pd14Pt25,1,0.8921203613281248,3.5453778505325317,-1.8222777843475342,1.5360381603240967,0.03409694492465677
Ag25Au25Cu18Pd24Pt16,1,1.222797155380249,3.324007987976074,-2.2480995059013367,1.852808654308319,0.0340461900240753
Ag22Au24Cu16Pd28Pt18,1,2.565654456615448,4.331074059009552,-4.1149861216545105,0.8540999293327332,0.033304107895833684
Ag26Au21Cu22Pd22Pt17,1,1.9280224442482,4.555268466472626,-3.317929267883301,0.436207056045532,0.032922741858004034
Ag17Au22Cu27Pd22Pt20,1,1.3914521932601929,3.8102084398269653,-2.5425657629966736,1.2488028407096863,0.03249725768121697
Ag22Au21Cu21Pd19Pt25,1,0.9549720287322998,3.345623254776001,-1.6523112654685974,2.075776517391205,0.03225134741982594
Ag26Au23Cu26Pd16Pt17,1,1.4390988945960999,3.5711607336997986,-2.649144947528839,1.460837185382843,0.03062159514174574
Ag18Au29Cu24Pd18Pt19,1,1.6990854740142822,4.067858457565308,-2.7246102690696716,1.2888378500938416,0.03060344849957798
Ag21Au18Cu18Pd24Pt27,1,0.9199428558349609,3.4561121463775635,-2.018061339855194,1.4266449809074402,0.02990907895170373
Ag22Au26Cu17Pd24Pt19,1,1.3187007308006289,3.8502359986305237,-2.789836585521698,0.7540556788444519,0.02952545403672152
Ag27Au20Cu19Pd21Pt21,1,1.5698209106922147,4.26200196146965,-2.7975106239318848,0.7393786907196045,0.028196845223035755
Ag24Au15Cu28Pd26Pt15,1,1.0879011154174805,3.111769676208496,-2.2466543912887573,1.817700266838074,0.0267983234042789
Ag17Au22Cu25Pd23Pt21,1,0.8630161285400391,3.3372080326080322,-2.0749170780181885,1.3475008010864258,0.020036900356584626
Ag17Au23Cu18Pd23Pt27,1,1.8379309475421906,4.220959395170212,-2.8676313757896423,1.1475219130516052,0.01824127277079273
Ag22Au15Cu28Pd24Pt19,1,1.092356562614441,3.4388166666030884,-2.386964976787567,1.2570931315422058,0.018232257835382685
Ag19Au28Cu19Pd18Pt24,1,1.2041383981704714,4.027538180351257,-2.4370684027671814,0.7418431639671326,0.01725027001895535
Ag17Au22Cu22Pd25Pt22,1,0.8554191589355469,3.0742976665496826,-2.154753029346466,1.489622890949249,0.01033598433321703
Ag22Au22Cu23Pd17Pt24,1,0.9674997329711914,3.5189318656921387,-2.1758132576942444,1.1584106087684631,0.006076168967426517
Ag18Au17Cu26Pd18Pt29,1,1.8085817694664001,4.635767638683319,-3.0341780185699463,0.37922048568725586,0.005270546341712645
Ag31Au22Cu22Pd15Pt18,1,1.5464287996292114,4.192967057228088,-2.639019548892975,0.8815391659736632,0.004449690936749129
Ag24Au14Cu21Pd25Pt24,1,1.8892279863357544,4.861319661140442,-3.2323031425476074,0.020740270614624023,0.00288482144703861
Ag24Au21Cu27Pd18Pt18,1,1.681765228509903,4.31174048781395,-3.0295961499214177,0.5040403008460999,0.00270187746529435
Ag23Au22Cu22Pd20Pt21,1,1.932299077510834,3.7975111603736877,-3.1568458676338196,1.366739809513092,0.0016051279771028132
Ag29Au24Cu21Pd15Pt19,1,1.430341571569443,4.195662170648575,-2.7025527954101562,0.5770056247711182,0.0012962833424582376
Ag23Au15Cu25Pd16Pt29,1,1.3679741621017456,2.3422988653182983,-2.0939911007881165,3.2665117383003235,-0.0005483801910333153
Ag17Au20Cu28Pd15Pt28,1,0.8678511381149292,3.1406941413879395,-2.045855224132538,1.5303382277488708,-0.0013226737875842998
Ag29Au22Cu18Pd20Pt19,1,2.1850603222846985,4.563734233379364,-3.7148077487945557,0.266104936599731,-0.0030982979468792138
Ag24Au23Cu21Pd20Pt20,1,2.08051997423172,4.3571853041648865,-3.2846696376800537,0.8302936553955078,-0.005539656608751248
Ag21Au26Cu25Pd19Pt17,1,1.3269100189208984,4.007104158401489,-2.5248809456825256,0.7913468480110168,-0.006048329802392324
Ag19Au17Cu25Pd24Pt23,1,1.7378752529621124,4.395379513502121,-2.9125723838806152,0.6248176097869873,-0.006348905072609573
Ag20Au21Cu26Pd16Pt25,1,1.5480643510818481,3.7236889600753784,-2.7995633482933044,1.1636504530906677,-0.006644555141547985
Ag22Au23Cu19Pd25Pt19,1,0.9745892286300661,3.626892924308777,-2.05136376619339,1.152757465839386,-0.00823881644153408
Ag20Au22Cu26Pd22Pt18,1,0.5906405448913574,2.7531824111938477,-1.6217681765556335,1.9544338583946228,-0.0089799024755845
Ag22Au25Cu20Pd15Pt26,1,1.2657020390033722,4.12629696726799,-2.3439903259277344,0.7605772018432617,-0.009318143497478518
Ag22Au26Cu21Pd22Pt17,1,1.7590773701667786,4.410404622554779,-3.050325095653534,0.462888181209564,-0.00974180462391075
Ag18Au18Cu22Pd24Pt26,1,1.1436609625816345,3.050237476825714,-2.0743294954299927,2.0607091188430786,-0.010808702190352265
Ag13Au24Cu24Pd21Pt26,1,1.4369983077049255,4.046562969684601,-2.7074325680732727,0.6926818490028381,-0.013577525746685554
Ag21Au21Cu22Pd20Pt24,1,1.8449033498764038,4.3780375719070435,-2.8799359798431396,0.8516697883605957,-0.013654965072196226
Ag26Au30Cu20Pd15Pt17,1,2.397558629512787,4.570804417133331,-3.5654258728027344,0.7886269092559814,-0.01411379242174468
Ag17Au24Cu25Pd18Pt24,1,1.7950237393379211,3.40692800283432,-2.639969527721405,2.1304015517234802,-0.014953679526087782
Ag21Au19Cu26Pd22Pt20,1,2.6287989020347595,4.177034914493561,-2.8056046962738037,2.583134889602661,-0.015627540349848423
Ag17Au21Cu23Pd24Pt23,1,0.7712402939796448,3.327612578868866,-1.9163158535957336,1.2519765496253967,-0.016491200664310063
Ag21Au14Cu18Pd24Pt31,1,1.3200039267539978,4.010307133197784,-2.6580507159233093,0.5680271983146667,-0.01723819073432306
Ag29Au19Cu23Pd14Pt23,1,0.4957638978958131,2.930703043937683,-1.3654382228851318,1.8698780536651607,-0.018060196855381933
Ag17Au22Cu22Pd22Pt25,1,1.3387885093688965,4.4440295696258545,-2.6486477851867676,0.1291513442993164,-0.01832483091913306
Ag23Au21Cu22Pd16Pt26,1,2.5789560675621033,4.030175983905792,-3.6084163188934326,1.6415166854858398,-0.020070161648765225
Ag12Au22Cu27Pd22Pt25,1,1.056548595428467,3.364078998565674,-2.346087098121643,1.1658300161361694,-0.024544034070842054
Ag24Au17Cu21Pd19Pt27,1,1.796294808387756,3.88285481929779,-2.960954844951629,1.1694790720939638,-0.024892054923070554
Ag16Au27Cu24Pd21Pt20,1,0.6751757860183718,2.9489446878433228,-1.710825860500336,1.7206658720970154,-0.02497352835323316
Ag27Au19Cu24Pd23Pt15,1,1.829425573348999,4.717739582061768,-3.2285890579223633,-0.028329372406005415,-0.0249960375481611
Ag21Au29Cu17Pd25Pt16,1,0.9829587936401367,3.0038557052612305,-1.943785548210144,1.9222816228866577,-0.026895137794244794
Ag18Au28Cu17Pd18Pt27,1,1.0595513582229614,3.850319981575012,-2.0163697600364685,1.031578004360199,-0.027343691278857253
Ag27Au16Cu19Pd24Pt22,1,1.3678171932697298,4.084821432828902,-2.5915853381156917,0.6122664809226991,-0.02863841577194437
Ag25Au16Cu30Pd19Pt18,1,1.8156145215034485,3.8529394268989563,-3.2277116179466248,0.8922106623649597,-0.028679566653065355
Ag22Au28Cu17Pd22Pt19,1,1.1059358716011047,3.4765926003456116,-1.8856098651885986,1.6830172538757324,-0.029850566021711447
Ag21Au29Cu22Pd21Pt15,1,1.9483017325401306,4.650982677936554,-3.2469462752342224,0.22025054693222057,-0.029948453875611986
Ag19Au14Cu31Pd17Pt27,1,1.1048239469528198,3.6824625730514526,-2.376127541065216,0.8380969166755676,-0.03131393187209383
Ag21Au20Cu26Pd15Pt26,1,1.53193598985672,3.6822375655174255,-2.714189291000366,1.193331003189087,-0.03153819438896871
Ag21Au22Cu17Pd24Pt24,1,1.1229913234710696,3.843668699264526,-1.843058586120605,1.3513686656951904,-0.03218439504646813
Ag23Au20Cu21Pd23Pt21,1,2.467182457447052,4.046941459178925,-3.7073311805725098,1.2497384548187256,-0.03273532101936608
Ag22Au32Cu15Pd20Pt19,1,0.9601755142211914,3.4345390796661377,-1.7573969960212708,1.61012464761734,-0.03360143272671556
Ag20Au24Cu22Pd20Pt22,1,1.730802357196808,4.267552077770233,-2.9100074768066406,0.6521093845367434,-0.03437071940227883
Ag19Au19Cu27Pd22Pt21,1,1.7406626343727112,4.044240653514862,-2.926516056060791,0.8912162780761717,-0.035909752563720726
Ag21Au19Cu27Pd20Pt21,1,1.1342881917953491,3.2207525968551636,-2.2811514735221863,1.480120837688446,-0.0423130168277132
Ag17Au19Cu25Pd26Pt21,1,1.5628361701965332,4.238718032836914,-2.8811848163604736,0.37935662269592263,-0.043854709906084366
Ag22Au24Cu20Pd27Pt15,1,1.8593869805335999,4.2550994753837585,-3.035317122936249,0.7051059603691103,-0.04472653026175666
Ag17Au18Cu20Pd29Pt24,1,1.9839516878128052,4.588252663612366,-3.115300416946411,0.4418628215789795,-0.05033710603338171
Ag17Au21Cu21Pd19Pt30,1,1.4486955404281616,2.9540175199508667,-1.9427830576896667,2.7307083010673523,-0.05204109993629741
Ag16Au23Cu27Pd18Pt24,1,1.795925498008728,4.454499840736389,-3.1950241923332214,0.1416085958480835,-0.05245960544737416
Ag20Au23Cu19Pd28Pt18,1,1.3312553763389587,4.142824470996856,-2.277740001678466,0.778811454772949,-0.05342926232663342
Ag18Au22Cu24Pd25Pt19,1,0.9840169250965116,3.496067851781845,-2.036020815372467,1.155367910861969,-0.05602535977197941
Ag19Au23Cu24Pd24Pt18,1,2.1617698073387146,4.519040882587433,-2.992583990097046,0.9720540046691895,-0.05619983136664325
Ag16Au25Cu25Pd13Pt29,1,1.8045360445976257,4.193090736865997,-2.5829651951789856,1.1891475319862366,-0.05729126507448699
Ag14Au29Cu22Pd16Pt27,1,1.9000124335289004,4.07037478685379,-3.2783732414245605,0.6345782279968262,-0.05733125989931098
Ag20Au21Cu23Pd20Pt24,1,2.642956554889679,4.206657111644745,-3.5665781497955322,1.4728074073791502,-0.05790546512667566
Ag24Au19Cu22Pd24Pt19,1,1.956844985485077,4.406964123249054,-3.033863067626953,0.6660866737365723,-0.057989326313458364
Ag22Au24Cu21Pd16Pt25,1,2.286309063434601,4.628411948680878,-3.547968864440918,0.37694001197814964,-0.05893892789096891
Ag18Au21Cu22Pd28Pt19,1,1.6997440457344055,4.013375461101532,-2.958428382873535,0.7108461856842041,-0.06283875661196628
Ag20Au28Cu16Pd19Pt25,1,1.4523495435714722,4.240308165550232,-2.498174250125885,0.5798824429512025,-0.06334025452303262
Ag23Au18Cu25Pd21Pt21,1,2.330496728420257,4.474523603916168,-3.5902042388916016,0.5587849617004397,-0.06334829552975488
Ag26Au20Cu20Pd22Pt20,1,2.100560188293457,3.4239773750305176,-2.2104110717773438,3.0072031021118164,-0.06656429246601214
Ag27Au20Cu26Pd15Pt20,1,1.5508251190185547,4.261260747909546,-2.7704996466636658,0.384074628353119,-0.06686639298098632
Ag21Au32Cu23Pd12Pt20,1,2.44033545255661,4.242547810077667,-3.6969501972198486,0.8520097732543945,-0.07157361608918841
Ag28Au17Cu13Pd31Pt19,1,1.786785364151001,4.050283670425415,-2.754385650157929,1.0409011244773865,-0.07370352470603474
Ag23Au23Cu18Pd24Pt20,1,1.3042702674865723,3.4838874340057373,-2.1178519129753113,1.5741965174674986,-0.07601580304308027
Ag17Au22Cu25Pd25Pt19,1,1.455101191997528,3.5596497654914856,-2.5097880959510803,1.2724035382270813,-0.07733771321479004
Ag24Au21Cu24Pd16Pt23,1,1.726171851158142,4.247625708580017,-2.9617523550987244,0.4332799315452578,-0.07939604264735811
Ag20Au21Cu23Pd16Pt28,1,1.4296891689300537,4.532861828804016,-2.7500455379486084,-0.15871763229370117,-0.07950451867643843
Ag20Au20Cu18Pd23Pt27,1,0.8290979266166687,2.650126874446869,-1.3755374550819397,2.54070645570755,-0.08041298149401105
Ag20Au25Cu25Pd18Pt20,1,1.7872145771980286,4.668850362300873,-3.1998119354248047,-0.22278755903244007,-0.08059045910641566
Ag25Au19Cu27Pd17Pt20,1,0.8857389688491821,3.5678762197494507,-1.7271233201026917,1.1855116486549377,-0.08158272612260076
Ag26Au14Cu25Pd22Pt21,1,2.1216887831687927,3.425098240375519,-3.4926775097846985,1.3941171765327454,-0.08193478752784752
Ag19Au19Cu21Pd20Pt29,1,1.1211413145065308,3.2511767148971558,-1.7673842310905457,1.9124283194541931,-0.08200208417351185
Ag20Au20Cu32Pd18Pt18,1,1.8027622401714325,4.105440407991409,-2.936296284198761,0.748906672000885,-0.08278468422222492
Ag34Au20Cu19Pd13Pt22,1,1.676482915878296,4.658901691436768,-2.8705244064331055,-0.013648271560668945,-0.08321256789822878
Ag28Au22Cu26Pd12Pt20,1,1.8057734966278076,4.0486650466918945,-3.2076919674873356,0.4755292534828188,-0.0840268290484939
Ag20Au22Cu19Pd24Pt23,1,1.4101874828338623,4.079588890075684,-2.3829414248466496,0.7419828772544863,-0.08543636143232089
Ag21Au28Cu17Pd25Pt17,1,1.3252926468849182,4.055588901042938,-2.2778735756874084,0.7448208928108215,-0.08545682682646469
Ag21Au22Cu10Pd32Pt23,1,2.149464190006256,4.283393323421478,-3.292940139770508,0.7279894351959226,-0.0855733061083562
Ag21Au26Cu28Pd17Pt16,1,2.0333598852157593,4.561842083930969,-3.3877357840538025,0.08242857456207275,-0.0878157980121812
Ag20Au23Cu22Pd21Pt22,1,1.7484707236289978,4.43046098947525,-3.3201024532318115,-0.2102093696594236,-0.08910010083903713
Ag20Au28Cu17Pd16Pt27,1,1.2494407892227173,3.7372113466262817,-1.9120331406593323,1.3929315209388733,-0.09117277030933192
Ag16Au25Cu21Pd23Pt23,1,2.2950857281684875,4.368655860424042,-3.542492389678955,0.5667343139648438,-0.09126812261431616
Ag21Au17Cu23Pd18Pt29,1,2.3471776843070984,4.1970067620277405,-3.6654651761054993,0.6858831048011781,-0.09472570573476988
Ag17Au18Cu30Pd25Pt18,1,1.78831547498703,3.8501296639442444,-3.064143121242523,0.8004390597343443,-0.09518612065735717
Ag22Au19Cu23Pd24Pt20,1,1.2609835267066953,3.4151825308799744,-2.0842193961143494,1.5416080355644226,-0.0952540350765341
Ag23Au26Cu19Pd21Pt19,1,2.378418207168579,4.481508255004883,-3.7392168641090393,0.32978397607803367,-0.09632312983929758
Ag18Au21Cu33Pd14Pt22,1,1.630816787481308,4.1948539316654205,-2.943616688251496,0.27415353059768666,-0.09731265258817817
Ag22Au16Cu17Pd25Pt28,1,0.6161028146743774,2.767858624458313,-1.4129371047019958,1.9070789217948914,-0.09910924692942902
Ag25Au20Cu14Pd22Pt27,1,2.701790988445282,4.210799038410187,-4.181506931781769,0.6504121422767639,-0.10094895043549745
Ag18Au24Cu23Pd25Pt18,1,0.9519261717796326,3.405594289302826,-2.0499369502067566,1.009118974208832,-0.10177553092213412
Ag21Au21Cu17Pd18Pt31,1,2.1269736886024475,3.900176465511322,-3.1614694595336914,1.2096867561340332,-0.10308051291114406
Ag14Au25Cu31Pd22Pt16,1,1.3940797448158264,2.9144205451011658,-2.7206561863422394,1.5153429806232452,-0.10391080509503454
Ag27Au14Cu28Pd23Pt16,1,1.6139684915542603,3.3815356492996216,-2.246159851551056,1.9856038689613342,-0.10415309594047373
Ag14Au25Cu26Pd19Pt24,1,1.8166454434394836,4.306082189083099,-2.8221077919006348,0.6092410087585449,-0.10537143795978324
Ag20Au19Cu15Pd20Pt34,1,2.1851940155029297,3.27699613571167,-2.3133168816566467,3.0495389103889465,-0.10575588985378492
Ag22Au22Cu18Pd22Pt24,1,2.0185563564300537,5.183514356613159,-3.227400302886963,-0.5012810230255125,-0.10577581147128612
Ag19Au20Cu21Pd25Pt23,1,1.05075877904892,2.6077974438667297,-1.672985553741455,2.5194144248962402,-0.10752974331831555
Ag13Au22Cu30Pd19Pt24,1,1.2505468130111694,3.2850621938705444,-2.393679440021515,1.2357190251350403,-0.10775856478695987
Ag21Au22Cu14Pd21Pt30,1,1.6635688543319702,2.4562214612960815,-1.4426570534706114,4.084289371967316,-0.10812567690513908
Ag12Au25Cu27Pd26Pt18,1,1.0516880750656128,3.154553771018982,-2.0106725096702576,1.492644488811493,-0.10836618143724551
Ag24Au12Cu27Pd30Pt15,1,1.7239304780960085,3.6934958696365356,-2.7642945647239685,1.1799406409263609,-0.10845849552127804
Ag22Au17Cu24Pd29Pt16,1,1.7507891654968262,4.167340517044067,-3.0315194129943848,0.3614673614501953,-0.11120021761103353
Ag21Au21Cu26Pd21Pt19,1,1.755737066268921,4.482111215591431,-2.9770727157592773,0.088711738586426,-0.11135345985345707
Ag17Au19Cu22Pd26Pt24,1,1.382240891456604,3.8923577070236206,-2.5259243845939636,0.6161200404167175,-0.11353132857773791
Ag26Au22Cu22Pd21Pt17,1,1.9702374339103697,4.597425758838654,-3.1437036991119385,0.13151311874389648,-0.11457184055879924
Ag13Au30Cu23Pd23Pt19,1,2.087262749671936,4.3931697607040405,-3.137223958969116,0.5732793807983398,-0.1159560396389023
Ag19Au22Cu23Pd21Pt23,1,1.1470017433166504,3.333878517150879,-1.7812427878379822,1.7225484251976013,-0.11625922757865059
Ag23Au17Cu26Pd20Pt22,1,1.330784559249878,3.375070571899414,-2.185304582118988,1.507304847240448,-0.116656674528549
Ag16Au20Cu25Pd30Pt17,1,0.7793266773223877,2.93430233001709,-1.6551275849342346,1.6517696976661682,-0.1169049198309638
Ag12Au23Cu20Pd27Pt26,1,1.7147072851657867,4.011670917272568,-2.8755372166633606,0.6304967999458315,-0.11968259321609012
Ag22Au17Cu19Pd29Pt21,1,1.2362841963768005,3.3546283841133118,-2.3802345395088196,1.0985546708106997,-0.12137480339688983
Ag24Au23Cu18Pd30Pt13,1,0.770287275314331,3.174497365951538,-1.6059303879737854,1.4122381806373594,-0.12173902815534543
Ag18Au28Cu20Pd21Pt21,1,2.370317757129669,3.990532338619232,-3.361854612827301,1.230664312839508,-0.12234204475461878
Ag26Au20Cu29Pd21Pt12,1,2.1927837133407593,3.6237765550613403,-3.3800682425498962,1.2890631556510925,-0.12312719956333269
Ag29Au19Cu22Pd21Pt17,1,1.4872286319732666,3.246541738510132,-2.5932235717773438,1.4010417461395266,-0.1236500286911521
Ag15Au30Cu25Pd14Pt24,1,1.0732653141021729,3.489769220352173,-2.168926775455475,0.9058447480201721,-0.12387773829286859
Ag23Au17Cu21Pd24Pt23,1,1.5436269044876099,3.3684104681015015,-2.2327166199684143,1.8143723607063293,-0.12415060928324187
Ag19Au26Cu19Pd19Pt25,1,1.7725485563278198,4.04329240322113,-2.8936691284179688,0.6578726768493652,-0.12506682458599608
Ag18Au29Cu25Pd17Pt19,1,2.5425127148628235,4.43875378370285,-3.8286172747612,0.4532267451286317,-0.12601211379186264
Ag24Au22Cu16Pd25Pt21,1,0.8022001385688782,3.0982744097709656,-1.859030544757843,1.2184100747108462,-0.12759018216144663
Ag20Au17Cu25Pd20Pt26,1,0.8455997705459595,3.319808006286621,-1.855720579624176,1.051861822605133,-0.12866103419967106
Ag22Au25Cu25Pd20Pt16,1,1.5218599438667297,3.577422559261322,-2.770375072956085,0.854025363922119,-0.12986234872734834
Ag19Au29Cu20Pd18Pt22,1,2.296448767185211,4.202517449855804,-3.364715099334717,0.8277440071105959,-0.13045109214168832
Ag14Au27Cu18Pd23Pt26,1,1.2045177817344666,3.9693828225135803,-1.9834563732147217,0.8153824806213379,-0.13131088088548767
Ag21Au17Cu23Pd23Pt24,1,2.000272095203399,4.280187785625458,-3.030255079269409,0.6078267097473145,-0.13349364851501225
Ag21Au15Cu27Pd20Pt25,1,1.851049304008484,3.840561985969543,-3.1450343728065486,0.6798396706581116,-0.1339052357331855
Ag18Au22Cu17Pd27Pt24,1,1.6702879667282104,4.067849159240723,-2.829357862472534,0.4882693290710449,-0.13484783105774373
Ag15Au18Cu25Pd25Pt25,1,1.5135430693626404,2.78271347284317,-1.6514840722084045,3.083465874195099,-0.13680359990874486
Ag25Au22Cu22Pd18Pt21,1,1.3264799118041992,3.3924002647399902,-2.268204391002655,1.3000313639640808,-0.13733973000634295
Ag24Au26Cu15Pd21Pt22,1,1.9212718307971954,4.247927874326706,-2.7646062374114986,0.8134341239929199,-0.13794600070332436
Ag23Au25Cu18Pd19Pt23,1,2.0410904884338374,4.823725700378418,-3.087038516998291,-0.007974386215209961,-0.13807097786433298
Ag23Au21Cu18Pd29Pt17,1,1.8834576606750488,3.8676774501800537,-3.0551692843437195,0.80381840467453,-0.13831193306081221
Ag16Au24Cu16Pd28Pt24,1,1.5691001415252686,4.088974475860596,-2.601468801498413,0.5424833297729492,-0.14064747605156483
Ag19Au30Cu20Pd26Pt13,1,1.1468873023986816,3.3484697341918945,-2.0206987261772156,1.3135246634483337,-0.141740246152455
Ag24Au16Cu20Pd19Pt29,1,2.016365706920624,4.5428226590156555,-2.985980987548828,0.3628373146057129,-0.14371425820125577
Ag17Au19Cu24Pd21Pt27,1,1.8174463510513306,3.9721082448959355,-3.035095632076264,0.5722364783287048,-0.14390609105687768
Ag29Au20Cu22Pd22Pt15,1,2.2352471947669983,4.643020570278168,-3.177473306655884,0.38040781021118164,-0.15203330942067553
Ag23Au18Cu20Pd25Pt22,1,1.8814610540866852,3.3505466878414154,-2.0424842834472656,2.573582649230957,-0.15372202400856544
Ag18Au21Cu24Pd24Pt21,1,1.3247593641281128,3.335307002067566,-1.8383565545082092,1.8317084908485413,-0.15404315140986505
Ag23Au19Cu21Pd27Pt18,1,1.1810333728790285,2.7327704429626465,-1.4208771586418152,2.7568439841270447,-0.1540640198031849
Ag18Au29Cu21Pd22Pt18,1,2.19168221950531,3.8180309534072876,-3.4199188351631165,0.8956959843635557,-0.15701432425286754
Ag19Au20Cu30Pd16Pt23,1,1.1501515507698061,3.0004112124443054,-2.202556014060974,1.4213632345199585,-0.15723221410571642
Ag16Au22Cu19Pd26Pt25,1,1.447159081697464,3.3733048141002655,-2.2065574526786804,1.542172372341156,-0.15735502257530576
Ag19Au27Cu20Pd17Pt25,1,1.2378393113613129,3.913476377725601,-2.1245360374450684,0.662787914276123,-0.15802820996710926
Ag26Au17Cu27Pd24Pt14,1,1.218563437461853,3.5076574087142944,-2.1628772616386414,1.0292484164237976,-0.1581879008891493
Ag18Au25Cu17Pd21Pt27,1,1.6475112438201902,3.3981757164001465,-1.8406033515930176,2.318100929260254,-0.16136523317129592
Ag23Au20Cu25Pd25Pt15,1,1.3427540063858032,3.791981816291809,-2.216896712779999,0.8568741679191592,-0.16240961247527266
Ag17Au20Cu29Pd20Pt22,1,1.0970056056976318,3.2051496505737305,-2.102162718772888,1.2015591859817505,-0.16288188988072005
Ag22Au27Cu13Pd18Pt28,1,1.0724709033966064,3.6035592555999756,-1.8290143609046936,1.051164448261261,-0.1638577950239716
Ag23Au19Cu19Pd27Pt20,1,1.8556106686592102,4.1889113783836365,-2.9444404244422917,0.43873459100723267,-0.16402950248631906
Ag17Au15Cu31Pd25Pt20,1,1.8332039713859558,3.42587548494339,-2.7493327260017395,1.4810903668403625,-0.1653236148625389
Ag29Au17Cu18Pd25Pt19,1,1.8193036317825317,4.53004777431488,-2.918337106704712,0.021804571151733176,-0.1654729973481024
Ag21Au22Cu22Pd16Pt27,1,1.1469926834106445,3.2068464756011963,-1.9945752024650574,1.4137160181999207,-0.1656641277292455
Ag15Au28Cu21Pd18Pt26,1,2.4093268513679504,4.078950345516205,-3.3216209411621094,1.0906014442443848,-0.1659461099134041
Ag17Au19Cu23Pd30Pt19,1,2.005857288837433,3.868466794490814,-3.1613041758537292,0.785556972026825,-0.16718091561281145
Ag24Au18Cu27Pd23Pt16,1,2.079259932041168,5.139014184474945,-3.294434070587158,-0.6547722220420837,-0.16727921342967833
Ag25Au18Cu16Pd29Pt20,1,1.6993936896324158,3.128371775150299,-2.9496386647224426,1.3098493218421936,-0.16774828656029547
Ag24Au24Cu22Pd23Pt15,1,1.756165772676468,3.3313173949718475,-2.819535732269287,1.3396124839782713,-0.17044445856071566
Ag22Au15Cu28Pd23Pt20,1,1.8127226531505585,4.161892920732498,-3.0003307461738586,0.29551029205322266,-0.17094619595394317
Ag23Au17Cu17Pd31Pt20,1,1.489025592803955,3.711878538131714,-2.426756799221039,0.9184226393699646,-0.17102868675951427
Ag15Au20Cu30Pd18Pt25,1,1.7224570512771606,3.652671158313751,-2.9810287952423096,0.7182369232177734,-0.17136864821201692
Ag21Au27Cu15Pd21Pt24,1,1.2145646214485168,3.2729949355125427,-2.203453838825226,1.180361568927765,-0.17190600943282633
Ag24Au19Cu21Pd20Pt24,1,1.1930323243141174,3.741576611995697,-2.147943437099457,0.6878287196159365,-0.1727452752127874
Ag21Au19Cu27Pd16Pt25,1,1.768310010433197,4.314817726612091,-2.895049571990967,0.16881442070007324,-0.172913228754604
Ag18Au23Cu22Pd27Pt18,1,0.9924452304840086,3.208752393722534,-1.956201195716858,1.149032473564148,-0.17357001684900558
Ag21Au19Cu25Pd21Pt22,1,2.283007860183716,3.7166762351989746,-3.3436134457588196,1.1948948502540588,-0.17675902534175203
Ag24Au18Cu22Pd25Pt19,1,2.0807637572288513,3.5588141083717346,-2.912911593914032,1.5311664938926697,-0.17845364069685202
Ag22Au28Cu20Pd19Pt19,1,1.6712519526481628,4.297810137271881,-2.6674792170524597,0.27062416076660156,-0.17918521672512464
Ag18Au28Cu20Pd16Pt26,1,1.0545737743377686,3.641608715057373,-1.8271240592002869,0.9207286238670349,-0.17941224599741445
Ag26Au23Cu19Pd18Pt22,1,2.3103190064430237,4.214322507381439,-3.2645747661590576,0.7772009372711186,-0.1805139095991462
Ag22Au13Cu22Pd26Pt25,1,1.8169680833816528,3.9155834913253784,-2.8029050827026367,0.7737665176391602,-0.18369432035051889
Ag24Au17Cu15Pd24Pt28,1,0.7759999632835388,3.590082824230194,-1.5217304229736328,0.8346207141876216,-0.1838522134683713
Ag15Au14Cu28Pd26Pt25,1,1.7238296270370481,2.6897929906845093,-2.274250090122223,2.615405857563019,-0.18481585577028764
Ag22Au21Cu21Pd12Pt32,1,1.8216821551322937,3.4201515316963196,-2.7807580828666687,1.3537299036979675,-0.18506043539148168
Ag24Au18Cu21Pd26Pt19,1,1.880172997713089,3.562851160764694,-2.999786615371704,1.0254414081573489,-0.18621827893638948
Ag14Au22Cu26Pd22Pt24,1,2.246874749660492,4.242490231990814,-3.3803701400756836,0.46028566360473655,-0.18764215847088825
Ag16Au29Cu21Pd25Pt17,1,1.9031804203987122,3.4769343733787537,-2.9099268317222595,1.264980971813202,-0.18864717781086734
Ag26Au27Cu20Pd13Pt22,1,1.5232393741607666,4.183154821395874,-2.3572402000427246,0.4781312942504885,-0.18884259197016243
Ag21Au22Cu23Pd26Pt16,1,1.6310949325561521,4.158853650093079,-2.7464475631713867,0.2151291370391848,-0.18947545148983924
Ag23Au21Cu20Pd23Pt21,1,1.9569033980369568,4.1722463965415955,-2.304779052734375,1.3399362564086914,-0.18967261905310984
Ag23Au22Cu24Pd23Pt16,1,2.097903311252594,3.4892911314964294,-3.191467583179474,1.2471910119056704,-0.1908007406183483
Ag16Au25Cu21Pd18Pt28,1,2.170513689517975,4.6625654101371765,-3.198817014694214,0.06763267517089844,-0.1913862932421302
Ag17Au21Cu14Pd33Pt23,1,1.830349624156952,4.468899071216583,-2.547661781311035,0.47005462646484375,-0.19224176493010725
Ag19Au13Cu28Pd18Pt30,1,1.0535919666290283,3.3642895221710205,-1.9752714633941653,0.9925870895385744,-0.19269722732902278
Ag19Au12Cu22Pd34Pt21,1,1.909103274345398,4.1540011167526245,-2.9854869842529297,0.4094994068145752,-0.1945658618675777
Ag19Au20Cu22Pd19Pt28,1,1.5331895649433136,3.739104002714157,-2.488312542438507,0.7946670651435852,-0.19708127278130713
Ag19Au18Cu27Pd15Pt29,1,2.2248746156692505,4.074024796485901,-2.431560754776001,1.747873067855835,-0.19773661654735078
Ag27Au24Cu14Pd24Pt19,1,1.3964070677757265,4.457294762134552,-2.2965173721313477,-0.015758037567138894,-0.19825770187925454
Ag21Au20Cu22Pd27Pt18,1,2.100214898586273,4.368130028247833,-3.0978968143463135,0.3610842227935791,-0.1995481838996365
Ag15Au18Cu27Pd24Pt24,1,1.9668254852294922,4.226957559585571,-3.1367766857147217,0.2255713939666748,-0.1999177870761032
Ag19Au20Cu20Pd28Pt21,1,1.3904707431793213,3.4271388053894043,-2.428556501865387,0.9422202706336975,-0.20060099797393482
Ag22Au24Cu23Pd14Pt25,1,2.089502453804016,4.492319226264954,-3.1374454498291016,0.14406728744506836,-0.2024437159241791
Ag17Au15Cu29Pd22Pt25,1,1.5512773096561432,3.615377753973007,-2.733254134654999,0.6330062747001648,-0.2044034002200786
Ag22Au22Cu23Pd29Pt12,1,1.751620888710022,3.866735577583313,-2.657963812351227,0.8089645504951477,-0.20518246647564387
Ag22Au20Cu25Pd28Pt13,1,1.919170081615448,4.357788145542145,-2.9560962319374084,0.19820839166641235,-0.20534259391399556
Ag24Au15Cu20Pd24Pt25,1,1.377688229084015,3.5430673956871033,-2.1130221486091614,1.1634369492530827,-0.20570020994819105
Ag18Au27Cu17Pd24Pt22,1,2.679823935031891,4.211755454540253,-3.7399871349334717,0.7596888542175293,-0.20752961588921276
Ag15Au24Cu20Pd30Pt19,1,1.2466397881507874,3.3212351202964783,-2.2767489552497864,0.9608648419380188,-0.2075714363738019
Ag17Au24Cu27Pd20Pt20,1,1.7614924609661102,3.683480054140091,-2.670121967792511,1.0044034123420715,-0.2079810661993245
Ag23Au24Cu19Pd27Pt15,1,1.0546389818191528,3.8640612363815308,-1.633162498474121,0.8081588745117185,-0.20808262133804883
Ag21Au20Cu26Pd19Pt22,1,1.6667791903018951,3.648526042699814,-2.7032557129859924,0.827627956867218,-0.2086034921494758
Ag29Au11Cu24Pd21Pt23,1,1.1505094766616821,3.0176457166671753,-1.4089699387550354,2.195313274860382,-0.20898800372430987
Ag25Au22Cu22Pd16Pt23,1,1.8418266475200653,4.3044905960559845,-2.8254120349884033,0.26447153091430664,-0.20926411785433363
Ag24Au29Cu17Pd15Pt23,1,1.8410806059837341,2.7243037819862366,-2.0543572902679443,2.9679553508758545,-0.21032636694467305
Ag28Au21Cu15Pd24Pt20,1,1.2969673871994019,3.2609513998031616,-1.467937409877777,2.1121310591697693,-0.21068274392069739
Ag15Au26Cu24Pd20Pt23,1,1.6584389507770538,2.76689812541008,-1.9423399567604065,2.724001944065094,-0.21144279117466808
Ag19Au20Cu23Pd24Pt22,1,0.6921749114990234,2.8149704933166504,-1.5097982287406921,1.450967252254486,-0.21199273673858787
Ag24Au20Cu22Pd20Pt22,1,2.2049821615219116,4.704650521278381,-3.1399142742156982,0.07396674156188965,-0.21354838539392984
Ag27Au25Cu22Pd20Pt14,1,1.8641997575759888,4.412044644355774,-3.0078794956207275,-0.05814766883850098,-0.2139258750563316
Ag27Au20Cu18Pd25Pt18,1,1.47244119644165,3.826300621032715,-2.408484160900116,0.62063068151474,-0.21480974264212943
Ag18Au20Cu17Pd28Pt25,1,0.5919867157936096,2.363548457622528,-1.0692675709724426,2.298276960849762,-0.2168537516776759
Ag18Au21Cu24Pd25Pt20,1,1.16959547996521,2.4592173099517822,-1.5998377203941345,2.575213134288788,-0.2187513348723374
Ag14Au21Cu20Pd29Pt24,1,2.2821971774101257,4.330572426319122,-3.309746742248535,0.396157503128052,-0.21933323510541858
Ag21Au14Cu26Pd22Pt25,1,0.9285622835159302,3.6848448514938354,-1.7381377816200256,0.6009703278541565,-0.22049998131499687
Ag22Au25Cu27Pd16Pt18,1,0.8084648847579954,3.416970133781433,-1.7922706007957458,0.6108290553092957,-0.22092958772793264
Ag21Au20Cu25Pd21Pt21,1,1.1223797798156738,2.8446245193481445,-1.7121374011039734,1.9139904379844666,-0.22113227953866663
Ag22Au21Cu26Pd16Pt23,1,1.64701509475708,3.778279304504394,-2.6554672122001644,0.6588799357414246,-0.22156609898537613
Ag31Au18Cu15Pd20Pt24,1,1.5470979213714604,2.994281768798828,-1.7554853558540344,2.4570747017860413,-0.22344411225441124
Ag20Au26Cu29Pd17Pt16,1,1.7091501355171204,5.042103469371796,-2.8327677249908447,-0.8580076694488525,-0.22398655795169764
Ag20Au18Cu25Pd21Pt24,1,1.9498389959335327,3.445562243461609,-3.01096647977829,1.1262688040733337,-0.22416781354375617
Ag19Au26Cu28Pd12Pt23,1,2.0016279220581055,4.204422473907471,-2.751659154891968,0.6998181343078613,-0.22462641773030054
Ag15Au23Cu28Pd14Pt28,1,1.157344937324524,3.151883602142334,-2.0108296275138855,1.2504879832267763,-0.22528204487511289
Ag23Au23Cu19Pd19Pt24,1,1.9834266304969788,3.970536649227143,-2.478333711624146,1.259599208831787,-0.22619190720790439
Ag22Au16Cu17Pd18Pt35,1,1.5800877809524536,2.4842864274978638,-1.2588731646537779,3.6829444766044617,-0.2277421058006166
Ag21Au16Cu21Pd28Pt22,1,2.0229650139808655,3.885403096675873,-2.8956418633461,0.9013703465461731,-0.22780096365191504
Ag24Au24Cu26Pd16Pt18,1,1.1590461134910583,3.7375102639198308,-1.8862209916114812,0.7469711899757384,-0.22861442738080925
Ag25Au22Cu18Pd23Pt20,1,1.8361478447914124,3.760317027568817,-2.9459426403045654,0.6351397037506104,-0.22861650154891225
Ag20Au19Cu19Pd20Pt30,1,2.119474232196808,3.1984655261039734,-3.16347998380661,1.4993337988853455,-0.22936100768528883
Ag20Au24Cu30Pd16Pt18,1,2.249351739883423,4.526498794555664,-3.2524962425231934,0.15048837661743142,-0.23004432349993312
Ag27Au18Cu22Pd22Pt19,1,1.2572576403617859,3.5139113068580627,-2.22611802816391,0.745518147945404,-0.23005856982595657
Ag20Au22Cu27Pd19Pt20,1,1.4713135361671448,3.1838783621788025,-2.126899480819702,1.6224572658538818,-0.23027413933636756
Ag24Au19Cu23Pd18Pt24,1,2.2477840781211853,3.9285371899604797,-3.1416103839874268,0.9460844993591309,-0.23055425673263497
Ag25Au21Cu17Pd21Pt24,1,2.124828279018402,4.480524837970734,-3.0806939601898193,0.18210768699645996,-0.2318011424956984
Ag19Au16Cu22Pd30Pt21,1,1.9250394105911255,4.260858416557312,-2.9280829429626465,0.2501091957092285,-0.23236623325916067
Ag19Au16Cu25Pd28Pt20,1,1.5441589951515198,3.0722877383232117,-1.9763841032981873,2.051280200481415,-0.23404937873838544
Ag22Au22Cu31Pd16Pt17,1,2.1605530977249146,4.642344117164612,-3.0181572437286377,0.12708044052124046,-0.2366938767133233
Ag20Au24Cu19Pd21Pt24,1,2.1624342799186707,4.341727554798126,-3.108896017074585,0.3444211483001709,-0.23842840574392443
Ag17Au25Cu15Pd23Pt28,1,1.0916684865951538,3.51408851146698,-1.9046379923820496,0.8069657683372498,-0.23994381088546038
Ag17Au20Cu32Pd23Pt16,1,1.2063018083572385,3.367785930633545,-2.226855218410492,0.7768458724021912,-0.23999655597871272
Ag23Au19Cu19Pd26Pt21,1,2.1300120055675507,4.399972468614578,-2.8501548767089844,0.5325326919555664,-0.2410671718210875
Ag30Au11Cu30Pd22Pt15,1,2.034211218357086,2.7575480341911316,-2.03945130109787,3.182913482189178,-0.24177464857228714
Ag25Au25Cu17Pd25Pt16,1,2.193609118461609,4.341110110282898,-3.1125450134277344,0.3826181888580322,-0.24232983131759253
Ag23Au16Cu18Pd27Pt24,1,2.090258777141571,4.678462326526642,-3.0507001876831055,-0.10801482200622559,-0.24391364969437423
Ag14Au21Cu26Pd24Pt23,1,1.129609704017639,3.0117357969284058,-1.6857361197471619,1.6881594061851504,-0.24430525480986787
Ag35Au22Cu17Pd21Pt13,1,1.4626631140708923,4.552282869815826,-2.365289688110352,-0.25888872146606445,-0.24450387092719222
Ag16Au25Cu15Pd26Pt26,1,1.1552876234054565,2.974619746208191,-1.7089185714721677,1.7460033893585207,-0.2446067492450722
Ag11Au27Cu21Pd26Pt23,1,0.933428168296814,2.874137282371521,-1.7295235395431519,1.4263325929641726,-0.24526634730125743
Ag20Au20Cu24Pd19Pt25,1,1.3008758425712585,2.9628522992134094,-1.8988657593727112,1.7816553711891174,-0.2461776622670945
Ag21Au21Cu24Pd23Pt19,1,2.0117695331573486,3.7892353534698486,-2.923034965991974,0.8774667382240294,-0.24817121648975268
Ag23Au23Cu16Pd19Pt27,1,2.2645071744918823,4.070361971855164,-3.2854601740837097,0.5731627345085144,-0.24860777035558668
Ag26Au13Cu26Pd20Pt23,1,1.4475347995758059,3.313844919204712,-2.0851951241493225,1.4145341515541077,-0.24968432933734463
Ag19Au16Cu30Pd20Pt23,1,2.1924973726272583,3.0937007665634155,-2.0957260131835938,2.997745990753174,-0.24987383686335674
Ag20Au21Cu20Pd19Pt28,1,1.6436673998832703,4.351732075214386,-2.4009456634521484,0.21951961517333984,-0.2520750364265139
Ag27Au20Cu24Pd21Pt16,1,1.330215722322464,2.971349686384201,-1.9716024994850159,1.7119136452674866,-0.25240418327169684
Ag20Au19Cu24Pd21Pt24,1,1.5228638648986816,3.540093183517456,-2.451046049594879,0.8349729180335999,-0.2526878678268629
Ag17Au23Cu16Pd23Pt29,1,1.059374213218689,3.4265116453170776,-1.6922609210014343,1.0521723628044128,-0.25519766054870696
Ag20Au19Cu17Pd27Pt25,1,1.916005551815033,3.314188539981842,-2.1049787402153015,2.2161993384361267,-0.25617505973606475
Ag27Au19Cu22Pd18Pt22,1,1.7931486964225767,3.87163120508194,-2.7581377029418945,0.5629525184631345,-0.2564590736583846
Ag20Au18Cu28Pd24Pt18,1,1.2534999847412107,2.975874423980713,-1.6982547640800474,1.8916537165641785,-0.25654028222279923
Ag19Au23Cu23Pd22Pt21,1,1.270952582359314,2.943330407142639,-2.1657915711402893,1.3768709301948547,-0.2570178156735191
Ag24Au19Cu26Pd17Pt22,1,1.1590333580970764,3.065208852291107,-1.9598832726478577,1.2936857342720032,-0.2571856153630851
Ag19Au21Cu23Pd22Pt23,1,1.909812092781067,4.481237530708313,-2.7600693702697754,0.08723330497741721,-0.25905505558867575
Ag21Au21Cu25Pd14Pt27,1,1.4714552164077759,2.8025466203689575,-1.5717414021492004,2.6227417588233948,-0.2602864227552941
Ag27Au18Cu18Pd20Pt25,1,2.3176708817481995,3.9337801337242126,-3.1362544894218445,0.9592410922050475,-0.2612324569100871
Ag21Au26Cu13Pd28Pt20,1,2.165608823299408,4.012477219104767,-2.876173257827759,0.9120800495147705,-0.26306164051497144
Ag14Au30Cu20Pd25Pt19,1,1.9924005270004272,4.016923785209656,-2.7977678775787354,0.6873459815979004,-0.2637590789837884
Ag23Au24Cu16Pd21Pt24,1,1.4416767358779907,2.9697705507278442,-1.5717551112174988,2.3646087050437927,-0.26529871251615733
Ag26Au16Cu24Pd22Pt20,1,1.4331147074699402,3.1424339413642883,-1.8385500311851501,1.8260673880577087,-0.26536701098175663
Ag22Au19Cu21Pd23Pt23,1,1.633723258972168,2.392061471939087,-1.4231731295585632,3.530566155910492,-0.2673283542338438
Ag18Au27Cu17Pd25Pt21,1,1.9965358376502989,4.035676181316376,-2.9124915599823,0.5127665996551516,-0.2687920494275169
Ag26Au23Cu15Pd22Pt22,1,2.1677231192588806,3.727131187915802,-3.1615294814109802,0.8528420329093933,-0.26970297254333053
Ag19Au17Cu28Pd27Pt17,1,1.7039022147655487,3.0103409588336945,-2.5609694719314575,1.5350261926651,-0.2738977072625208
Ag17Au20Cu19Pd30Pt22,1,1.6538406014442444,3.097272098064423,-2.6234889030456547,1.270061731338501,-0.27391096304294577
Ag18Au28Cu15Pd23Pt24,1,1.6819087862968445,3.7978833317756653,-2.6498219966888428,0.5110113620758057,-0.2741685998026141
Ag18Au18Cu25Pd23Pt24,1,2.258374035358429,4.279524505138397,-3.242112159729004,0.2868170738220217,-0.27464374611202635
Ag17Au27Cu21Pd24Pt19,1,1.8454337120056152,3.2404632568359375,-1.8550755381584167,2.410775601863861,-0.2747404081280203
Ag18Au26Cu16Pd28Pt20,1,1.5209139585494995,3.2356096506118774,-2.0597949624061584,1.5694473385810852,-0.275541660572058
Ag20Au18Cu34Pd20Pt16,1,2.14652156829834,4.359939336776733,-3.042785406112671,0.2362983226776123,-0.2762102432110434
Ag22Au20Cu13Pd26Pt27,1,1.5584437847137451,2.6594834327697754,-1.7153394818305967,2.7002704739570618,-0.2765123882132483
Ag17Au28Cu19Pd18Pt26,1,2.4409136176109314,3.8742881417274475,-3.347930669784546,0.9284090995788574,-0.27666544715001173
Ag25Au24Cu17Pd23Pt19,1,1.095245122909546,3.517120361328125,-1.9909022450447083,0.5560382008552551,-0.27926423446892323
Ag19Au24Cu20Pd28Pt17,1,1.4351105690002441,3.0755975246429443,-2.20816308259964,1.3915501236915588,-0.27957465946674154
Ag24Au16Cu18Pd28Pt22,1,1.1915613412857056,3.0708051919937134,-1.6372305750846863,1.6619006991386414,-0.2800570966035173
Ag23Au22Cu21Pd23Pt19,1,1.3104088306427002,3.320930242538452,-1.7205936312675476,1.496114194393158,-0.28030548191294363
Ag24Au25Cu18Pd20Pt21,1,1.8990105390548706,3.41409695148468,-2.8527284264564514,1.052439272403717,-0.2811605382591379
Ag24Au23Cu24Pd18Pt19,1,1.6172117590904236,4.248755872249603,-2.637383222579956,-0.12166070938110352,-0.28246508841287615
Ag24Au18Cu17Pd23Pt26,1,1.2981982231140141,3.3766024112701416,-1.6115551590919495,1.538473904132843,-0.2827720458676294
Ag24Au14Cu22Pd17Pt31,1,1.0991992354393005,3.2128806710243225,-1.9628813862800598,0.9217861294746399,-0.2828434627559811
Ag15Au20Cu16Pd27Pt30,1,1.4432430267333982,3.6175599098205566,-2.3143632411956787,0.6586687564849854,-0.2836369195736176
Ag22Au19Cu17Pd23Pt27,1,2.0419374108314514,2.4113672375679016,-1.9008450508117676,3.590118646621704,-0.28529682938913525
Ag19Au22Cu22Pd24Pt21,1,1.8467624187469482,3.539787530899048,-2.8093281388282776,0.8533070683479311,-0.28621012347266106
Ag24Au23Cu18Pd24Pt19,1,1.8897317647933962,3.266624808311462,-2.9790572524070735,1.0161640048027036,-0.28809715671228836
Ag21Au19Cu27Pd18Pt23,1,2.575199067592621,3.0985856652259827,-3.727783501148224,1.51489120721817,-0.2887478580204131
Ag19Au12Cu27Pd30Pt20,1,0.9826151430606842,2.6839984357357025,-1.7782323956489563,1.5028923153877256,-0.2888849523743103
Ag21Au18Cu23Pd22Pt24,1,2.150440514087677,4.187082588672638,-3.04502534866333,0.383420467376709,-0.2892604625528932
Ag24Au23Cu24Pd24Pt13,1,1.0267754793167112,3.4495822191238403,-1.801783263683319,0.6999747157096863,-0.2903614687479691
Ag14Au21Cu26Pd22Pt25,1,1.9336498975753784,2.259734272956848,-1.8795047402381897,3.569004118442535,-0.2903740676417389
Ag20Au23Cu21Pd19Pt25,1,1.8268775343894958,3.04998117685318,-2.8276501893997192,1.3172944784164429,-0.2915359512096761
Ag27Au22Cu24Pd17Pt18,1,1.3687889575958252,3.6026532649993896,-2.2072628140449524,0.6409226059913635,-0.2922210948930675
Ag16Au22Cu23Pd25Pt22,1,1.690607249736786,2.927981674671173,-2.1460080742836,2.049096643924713,-0.2922312625103595
Ag16Au20Cu27Pd20Pt25,1,1.8453138470649717,3.7165154814720154,-3.117270529270172,0.248701810836792,-0.2925328411998016
Ag26Au23Cu19Pd22Pt18,1,0.9379717111587524,3.0834895372390747,-1.6489015221595762,1.121716558933258,-0.29371877665100854
Ag21Au26Cu21Pd21Pt19,1,2.008880913257599,4.108193099498749,-2.914757549762726,0.3558254837989806,-0.29453777701855716
Ag21Au28Cu23Pd17Pt19,1,2.2593958973884583,4.210891664028168,-2.8987436294555664,0.7166194915771484,-0.2946181089390717
Ag16Au31Cu16Pd21Pt24,1,2.0234147906303406,3.771774351596832,-2.9986822009086604,0.6471449732780455,-0.29550660387375377
Ag22Au25Cu18Pd19Pt24,1,2.12853866815567,3.92429918050766,-3.1099156737327576,0.5250422358512878,-0.2970725806798843
Ag18Au12Cu25Pd31Pt22,1,1.077705979347229,2.925591826438904,-1.5193342566490173,1.6936892867088318,-0.29846587045684986
Ag23Au18Cu20Pd17Pt30,1,1.6842544078826904,3.8071477413177486,-2.2489812374114986,0.9060099124908447,-0.3001060593841063
Ag23Au24Cu17Pd20Pt24,1,2.2787856459617615,3.8022969365119934,-3.225922107696533,0.7768738269805908,-0.3003247768073093
Ag19Au20Cu24Pd29Pt16,1,1.200178146362305,3.1063621044158936,-1.9294872283935547,1.1873461604118347,-0.3035492836431992
Ag19Au27Cu16Pd21Pt25,1,1.9226055145263674,4.212784290313721,-2.6944236755371094,0.3226068019866941,-0.3037213899928711
Ag19Au26Cu28Pd14Pt21,1,1.581422209739685,3.4384137392044067,-2.413096249103546,0.9095595479011536,-0.3039654877874962
Ag25Au14Cu22Pd19Pt28,1,2.1871187686920166,3.5860555171966557,-2.969178974628449,1.153405249118805,-0.3044773723653451
Ag19Au21Cu20Pd23Pt25,1,1.5844627618789675,3.692704916000366,-2.2923014163970947,0.7784817218780518,-0.30526742145551744
Ag28Au22Cu23Pd18Pt17,1,2.1717987656593323,3.561167895793915,-3.134449779987335,0.9442790150642395,-0.30543688383885537
Ag23Au18Cu26Pd17Pt24,1,2.4125797152519226,3.772348463535309,-3.4952061772346497,0.6980746388435364,-0.30581051013231386
Ag18Au25Cu27Pd25Pt13,1,1.2993561029434204,3.051613211631775,-1.6090142726898193,1.8164465427398682,-0.30616787634114984
Ag20Au24Cu25Pd18Pt21,1,1.1974520683288572,3.497298002243042,-1.9024696946144104,0.7696486115455627,-0.30705685975628394
Ag24Au21Cu24Pd15Pt24,1,1.7766242623329163,3.973698914051056,-2.584211826324463,0.4365696907043457,-0.30980530464802564
Ag23Au17Cu24Pd21Pt23,1,1.3100265562534332,3.3097842633724213,-2.122934639453888,0.8949428200721741,-0.3105640958890217
Ag20Au21Cu27Pd19Pt21,1,1.793927788734436,3.7323496341705322,-2.7078211307525635,0.5760767459869387,-0.311362966768311
Ag22Au20Cu21Pd22Pt23,1,1.0864323377609253,3.3701542615890503,-1.855179488658905,0.751274049282074,-0.31143683644081
Ag16Au18Cu25Pd28Pt21,1,0.8686224222183232,2.699128031730652,-1.5299871563911438,1.492430031299591,-0.3143164915333848
Ag21Au19Cu26Pd15Pt27,1,1.1342977285385134,1.8458746671676636,-1.0742138624191284,3.482169032096863,-0.31550746637067484
Ag20Au14Cu19Pd30Pt25,1,1.234919250011444,3.1435757279396057,-1.829954206943512,1.284873306751251,-0.31638907406532585
Ag19Au26Cu22Pd22Pt19,1,2.242814600467682,4.1617719531059265,-2.9856035709381104,0.5405390262603758,-0.31937577262413996
Ag16Au19Cu36Pd17Pt20,1,1.6534616351127625,3.641788065433502,-2.58672696352005,0.5408485531806946,-0.3196267320062409
Ag22Au26Cu13Pd23Pt24,1,2.026138424873352,3.9956525564193726,-2.463275671005249,0.9742038249969482,-0.3208989023071644
Ag16Au19Cu20Pd22Pt31,1,1.8918322324752808,2.5661407709121704,-1.6983910202980042,3.2632535099983215,-0.32121785296944394
Ag20Au21Cu21Pd21Pt25,1,2.018521726131439,3.8565130829811096,-2.474618434906006,1.092371940612793,-0.32306437165982904
Ag26Au21Cu12Pd18Pt31,1,1.2971604466438293,3.2903401255607605,-1.7517111897468567,1.3039229512214663,-0.32403233126734604
Ag27Au29Cu19Pd15Pt18,1,1.3451740741729739,3.471824884414673,-1.90337735414505,0.9971674084663391,-0.3252262174683552
Ag30Au17Cu16Pd23Pt22,1,1.6574617624282837,3.910408616065979,-2.5964816212654114,0.2173401117324829,-0.32524596664772665
Ag29Au19Cu23Pd19Pt18,1,2.1480382680892944,3.4842509031295776,-3.062099516391754,1.0002692341804504,-0.325767193876104
Ag17Au28Cu20Pd24Pt19,1,2.060284733772278,4.6255494356155396,-2.8497626781463623,-0.16045546531677268,-0.325876817715023
Ag24Au21Cu17Pd27Pt19,1,1.6959136724472046,3.1734052896499634,-2.4855465292930603,1.2289685606956482,-0.32864370044207764
Ag22Au25Cu22Pd20Pt19,1,2.0204667150974274,4.876129478216171,-2.886704206466675,-0.569568395614624,-0.3294188059205193
Ag22Au21Cu22Pd20Pt23,1,1.8347387313842773,3.4293620586395264,-2.586589515209198,1.0686072707176206,-0.32954404462015247
Ag15Au15Cu30Pd25Pt23,1,0.6927316784858704,2.8351516127586365,-1.4262507557868958,1.0904338955879211,-0.33055189785234873
Ag24Au16Cu27Pd22Pt19,1,1.7665162086486816,3.4895992279052734,-2.4659700989723206,1.0227130055427551,-0.3308993045009121
Ag29Au19Cu15Pd24Pt21,1,1.8075026869773867,4.932686388492584,-2.622689962387085,-0.7000250816345215,-0.33181013196644077
Ag24Au24Cu18Pd19Pt23,1,1.7138405442237852,3.7910541892051697,-2.420393705368042,0.6432373523712158,-0.3326040612548301
Ag20Au21Cu26Pd26Pt15,1,2.046610176563263,3.251869857311249,-2.8945939540863037,1.253432512283325,-0.3333123979827961
Ag22Au25Cu23Pd23Pt15,1,1.9176060557365417,4.467943727970123,-2.7231693267822266,-0.11751866340637207,-0.33385685226662476
Ag27Au19Cu24Pd14Pt24,1,2.399325430393219,3.778357446193695,-3.112452507019043,1.0378849506378174,-0.3338877576192318
Ag18Au20Cu34Pd14Pt22,1,2.491823732852936,2.686827003955841,-3.180958092212677,2.326587736606598,-0.3348898867442015
Ag17Au30Cu20Pd16Pt25,1,2.321984827518463,4.095196902751923,-3.306774377822876,0.3010022640228269,-0.3349412508923328
Ag23Au22Cu19Pd28Pt16,1,1.5498251914978027,3.6268851757049565,-2.098141968250275,0.916987717151642,-0.335430981744279
Ag18Au23Cu25Pd20Pt22,1,2.0224857926368713,4.154890239238739,-2.504168748855591,0.6742150783538823,-0.33859195623681926
Ag24Au27Cu16Pd22Pt19,1,2.1675503849983215,4.459944903850555,-2.8188867568969727,0.19931244850158691,-0.3411109071563448
Ag21Au13Cu27Pd23Pt24,1,1.0798003375530243,3.27486589550972,-1.7724149227142334,0.8321301937103274,-0.3423495391037607
Ag25Au17Cu27Pd24Pt15,1,1.2745305299758911,3.6433860063552856,-1.9084072709083557,0.6060062050819397,-0.3430239063261942
Ag23Au19Cu16Pd21Pt29,1,2.182564377784729,4.146017909049988,-2.899526596069336,0.46341681480407715,-0.34401860056126615
Ag21Au24Cu15Pd26Pt22,1,1.998934030532837,3.8532335758209233,-2.7083106040954594,0.6915550231933592,-0.3440988406564438
Ag18Au22Cu24Pd23Pt21,1,1.2200483679771423,3.0416811108589172,-1.9984970688819885,1.0551653504371643,-0.3448271222236581
Ag16Au23Cu18Pd23Pt28,1,1.0053297877311707,2.832200825214386,-1.444190800189972,1.5812669396400452,-0.3460531840234311
Ag25Au18Cu20Pd23Pt22,1,2.072313070297241,4.053091764450073,-2.7434260845184326,0.5509753227233887,-0.3464464388177738
Ag23Au22Cu18Pd28Pt17,1,1.1511483192443848,2.958122730255127,-1.7250413894653318,1.3559901714324951,-0.34651445716895735
Ag16Au21Cu23Pd29Pt19,1,1.6058965623378754,2.5318972170352936,-1.4729781746864319,2.964299738407135,-0.3473306587241645
Ag17Au20Cu20Pd16Pt35,1,1.2033004760742188,3.3216195106506348,-1.9415485262870789,0.7729551196098328,-0.34812659621881303
Ag16Au23Cu17Pd21Pt31,1,1.754683434963226,2.8046591877937317,-2.386904537677765,1.790323555469513,-0.3491269734958354
Ag19Au21Cu17Pd25Pt26,1,2.4376487135887146,3.6803279519081116,-3.134717881679535,1.1175848841667175,-0.3528578323020108
Ag27Au18Cu25Pd16Pt22,1,1.7282705903053284,3.555668294429779,-2.4739933609962463,0.7879906296730044,-0.352867979133334
Ag28Au26Cu17Pd17Pt20,1,1.81287682056427,4.367864727973938,-2.5710790157318115,-0.08386182785034202,-0.3541841483259023
Ag20Au17Cu22Pd27Pt22,1,1.4865095615386965,2.8046741485595703,-2.2122910618782043,1.5004926323890686,-0.3543827217140486
Ag21Au21Cu29Pd18Pt19,1,1.6596087217330933,3.7570616006851196,-2.4075133204460144,0.5162562727928159,-0.35459119473942335
Ag19Au16Cu23Pd22Pt28,1,1.5616398453712461,2.3112128376960754,-1.5698303580284119,2.980562150478363,-0.35471566585497866
Ag17Au24Cu24Pd19Pt24,1,1.5838005542755127,3.2579054832458496,-2.2542381286621094,1.1195719242095947,-0.35526341594938876
Ag26Au15Cu26Pd21Pt20,1,1.5443136096000671,3.2675076127052307,-2.279408872127533,1.0057212710380554,-0.3553236277942122
Ag27Au21Cu19Pd18Pt23,1,1.474598467350006,2.434303939342499,-1.5945740938186646,2.648671269416809,-0.35649956014926754
Ag24Au25Cu20Pd19Pt20,1,2.3489375710487366,4.165795266628265,-3.1944127082824707,0.32715749740600586,-0.3574612748741467
Ag26Au18Cu29Pd15Pt20,1,2.0575826168060303,4.1461265087127686,-2.727676391601563,0.3960897922515869,-0.35838412109923146
Ag16Au27Cu20Pd28Pt17,1,1.7582591474056244,3.821690708398819,-2.2225117683410645,0.837925910949707,-0.35879154220985676
Ag20Au15Cu17Pd29Pt27,1,1.888151228427887,3.2557873129844666,-2.8228169083595276,0.9507258534431458,-0.3600025665047417
Ag16Au22Cu25Pd22Pt23,1,1.4810296893119812,3.4941254258155823,-2.2561094760894775,0.6510822772979736,-0.3600132652365632
Ag25Au21Cu21Pd21Pt20,1,1.6227186918258667,3.681079268455506,-2.2695791721344,0.6815693378448486,-0.36080582834898683
Ag15Au19Cu23Pd21Pt30,1,1.3666342198848724,2.800055652856827,-2.16280061006546,1.3250213265419006,-0.36089685686288714
Ag16Au20Cu23Pd14Pt35,1,0.9526978731155396,2.7310802936553955,-1.345472514629364,1.6633266806602478,-0.36131576182063563
Ag20Au23Cu26Pd17Pt22,1,1.846497893333435,3.8992499113082886,-2.606588304042816,0.4164881706237792,-0.3637888588175487
Ag24Au22Cu19Pd27Pt16,1,2.3222286701202393,4.6155030727386475,-3.1499075889587402,-0.18818020820617676,-0.3638266522230761
Ag23Au22Cu27Pd21Pt15,1,2.5710471272468567,4.332398355007172,-3.2767534255981445,0.4057450294494629,-0.36761273606889705
Ag13Au27Cu21Pd21Pt26,1,2.036085307598114,3.2032859921455383,-2.8168012499809265,1.2564286589622498,-0.3676670058829873
Ag23Au17Cu18Pd26Pt24,1,2.4372569918632507,3.6466529965400696,-3.290069282054901,0.8979429602622986,-0.36979302922116936
Ag19Au17Cu22Pd22Pt28,1,1.7501362264156342,3.3429864943027496,-2.546415150165558,0.9003759026527405,-0.37241835908395143
Ag20Au12Cu21Pd27Pt28,1,1.3354354500770567,3.140392005443573,-2.065670430660248,0.9624509215354922,-0.374125646398775
Ag24Au20Cu20Pd21Pt23,1,1.2054198384284973,2.8420206904411316,-1.585813820362091,1.6289251446723938,-0.38056916330229024
Ag18Au20Cu24Pd17Pt29,1,1.0286195874214172,2.6216620802879333,-1.324733316898346,1.874514639377594,-0.3810459609463911
Ag17Au22Cu22Pd20Pt27,1,1.2628139853477478,2.3517280220985413,-1.161891520023346,2.798626720905304,-0.38175360533327113
Ag20Au23Cu22Pd20Pt23,1,2.016057252883911,3.927800178527832,-2.4383442401885986,0.8304893970489502,-0.3828765735003554
Ag18Au28Cu18Pd21Pt23,1,1.2327806949615479,2.3022258281707764,-0.8284926414489746,3.2068934440612793,-0.3834067446027155
Ag17Au27Cu15Pd27Pt22,1,1.2945167422294617,3.555674135684967,-1.8855978846549988,0.6047696471214294,-0.38666838738602505
Ag24Au29Cu19Pd21Pt15,1,1.904733121395111,4.3119476437568665,-2.5896542072296143,-0.00650477409362793,-0.388542013747758
Ag18Au24Cu25Pd28Pt13,1,1.7275553345680237,3.3166725039482117,-2.3996453881263733,1.00747948884964,-0.38937541734150377
Ag25Au22Cu13Pd29Pt19,1,2.048492729663849,4.36682003736496,-2.6140291690826416,0.1594104766845703,-0.38964176540043394
Ag21Au20Cu17Pd28Pt22,1,1.29179310798645,3.0625100135803223,-1.8062834739685059,1.225322961807251,-0.3918886054060677
Ag14Au22Cu33Pd16Pt23,1,1.9414644837379456,3.620189368724823,-2.555879592895508,0.854255199432373,-0.3924109329452624
Ag22Au12Cu22Pd28Pt24,1,0.9600355625152588,2.8791637420654297,-1.481765329837799,1.2085779309272766,-0.39736405379725315
Ag27Au20Cu22Pd20Pt19,1,1.5655279755592346,3.68780654668808,-1.9502303004264832,0.8275942206382754,-0.3980981375944352
Ag20Au24Cu17Pd23Pt24,1,1.7308389544487,3.5318439602851868,-2.4957407116889954,0.5979628562927246,-0.40481337577154897
Ag27Au11Cu14Pd31Pt25,1,1.0771064758300781,2.9353229999542236,-1.3966869711875916,1.4339479804039001,-0.40558459812938613
Ag20Au19Cu28Pd16Pt25,1,1.068574070930481,3.174456000328064,-1.6286038756370544,0.8633453249931335,-0.4061302871378476
Ag23Au22Cu15Pd24Pt24,1,2.6464954018592834,4.564653098583221,-2.989480972290039,0.49338340759277344,-0.4074586436419435
Ag21Au18Cu29Pd23Pt17,1,2.7947990894317627,3.371643304824829,-3.799484074115753,1.0756147503852844,-0.4082505760149556
Ag19Au29Cu25Pd19Pt16,1,1.4587594866752625,2.718763768672943,-1.4409284591674805,2.295954465866089,-0.4099197127958615
Ag26Au19Cu25Pd22Pt16,1,2.0056493878364563,3.651983439922333,-2.7455398440361027,0.6342660784721375,-0.41000763037419574
Ag24Au29Cu21Pd19Pt15,1,2.2576149106025696,4.712103545665741,-2.8560891151428223,-0.22141575813293435,-0.4103463192988298
Ag15Au22Cu32Pd24Pt15,1,1.8348942399024966,3.6716126799583435,-2.7276523113250732,0.3207523822784424,-0.411036335143351
Ag21Au19Cu21Pd18Pt29,1,1.15874183177948,3.3096994161605835,-1.7186852097511292,0.7387848496437073,-0.4132413623082891
Ag15Au18Cu30Pd21Pt24,1,1.55865678191185,2.8596488535404205,-2.2634517550468445,1.28262060880661,-0.41445503521673194
Ag19Au23Cu29Pd18Pt19,1,1.7270452976226809,3.286404848098755,-2.4023709893226624,0.9410155415534973,-0.4149874634890667
Ag24Au21Cu21Pd24Pt18,1,2.262970447540283,3.8349726200103764,-3.14514034986496,0.37979406118392944,-0.4160815098243165
Ag20Au14Cu28Pd16Pt30,1,1.6512078046798706,2.499493718147278,-1.5878456234931946,2.680584490299225,-0.4167151354824258
Ag18Au21Cu33Pd20Pt16,1,2.1503353118896484,4.620115041732788,-2.9032514095306396,-0.4006683826446531,-0.4177746196975925
Ag16Au17Cu26Pd21Pt28,1,1.3425531387329102,3.200793981552124,-2.0121042728424072,0.7978038787841797,-0.4215482357971647
Ag20Au18Cu31Pd15Pt24,1,1.3491330742835999,3.076716363430023,-1.9930683970451355,0.9687098860740662,-0.4221324878832415
Ag18Au19Cu29Pd24Pt18,1,1.1983307301998138,2.928741604089737,-1.7292773127555847,1.1837710738182068,-0.42285152834379364
Ag22Au19Cu24Pd24Pt19,1,0.8467071056365967,2.607732892036438,-1.3676473498344421,1.34892076253891,-0.4231527137363321
Ag23Au20Cu20Pd23Pt22,1,0.8975236415863035,2.832821846008301,-1.3470035195350647,1.2088828682899473,-0.4254420802323628
Ag24Au16Cu26Pd24Pt18,1,1.6433085799217224,3.500402510166168,-2.40803200006485,0.5015035271644592,-0.4265653619931421
Ag18Au26Cu21Pd19Pt24,1,1.891064405441284,3.7252933979034424,-2.466209650039673,0.6265082359313965,-0.42750656704091916
Ag20Au19Cu24Pd25Pt20,1,1.3535026013851166,3.1009794771671295,-1.9305482506752014,1.0071657299995422,-0.4275536835465729
Ag22Au20Cu27Pd18Pt21,1,1.852424442768097,2.974357306957245,-2.657343327999115,1.1427072882652283,-0.429734132853085
Ag23Au24Cu19Pd19Pt23,1,2.240988194942475,4.133819878101349,-2.806825637817383,0.3716306686401367,-0.431424567448381
Ag16Au23Cu21Pd19Pt29,1,1.4252061247825623,2.4863386750221252,-1.295950472354889,2.5896859765052795,-0.43212593837465013
Ag21Au20Cu17Pd27Pt23,1,1.7719210982322693,3.1583860516548157,-2.6468862295150757,0.7893955111503601,-0.4340594512971918
Ag14Au17Cu25Pd23Pt29,1,2.099332630634308,2.4433457255363464,-2.053043782711029,2.909198224544525,-0.43536166972975715
Ag29Au13Cu18Pd22Pt26,1,1.0153255462646484,3.09719181060791,-1.2797972559928894,1.1698126196861267,-0.4371010320188477
Ag13Au21Cu22Pd24Pt28,1,1.5397207736968994,3.246293544769287,-2.098610818386078,0.9373244643211365,-0.43779877758036345
Ag22Au23Cu17Pd23Pt23,1,2.0753053426742554,4.306955456733704,-2.680320978164673,0.011025667190551758,-0.4381066780032414
Ag22Au21Cu21Pd25Pt19,1,2.2831557393074036,3.706140697002411,-2.94612580537796,0.7203763127326965,-0.43911287162501644
Ag20Au14Cu20Pd27Pt27,1,2.104406952857971,3.9539047479629517,-2.882014751434326,0.19681620597839333,-0.4401806047848448
Ag21Au16Cu19Pd25Pt27,1,1.1667649745941162,3.0475692749023438,-1.5808995366096494,1.112476408481598,-0.44067662968891064
Ag23Au18Cu19Pd23Pt25,1,0.9442408084869387,2.50502872467041,-1.1847676634788513,1.7981318831443787,-0.44159714905919184
Ag24Au20Cu20Pd20Pt24,1,2.0093417763710018,4.013018071651459,-2.6203272342681885,0.27674078941345215,-0.442045292792674
Ag18Au23Cu26Pd22Pt19,1,1.9467003345489504,3.5051722526550297,-2.9687462449073796,0.28956401348114014,-0.44294419366280346
Ag23Au23Cu21Pd24Pt17,1,1.8513486981391907,3.7584022879600525,-2.3973302841186523,0.5376107692718504,-0.44507364371976055
Ag21Au23Cu23Pd23Pt18,1,2.052579343318939,3.8924222588539124,-2.394308090209961,0.7576067447662354,-0.4452713550165984
Ag20Au29Cu20Pd19Pt20,1,2.5175105929374695,3.8375123143196106,-3.105300188064575,0.7768006324768066,-0.44605361943438043
Ag27Au19Cu23Pd16Pt23,1,1.2966485023498535,3.2476370334625244,-1.7337501645088196,0.9114010930061343,-0.44747902613952484
Ag27Au15Cu19Pd21Pt26,1,2.274803102016449,2.505454123020172,-2.008119761943817,3.1570505499839783,-0.450839979066062
Ag16Au23Cu16Pd27Pt26,1,1.2742205262184143,2.7035481333732605,-1.855097770690918,1.2992942333221436,-0.4537821552173904
Ag20Au22Cu28Pd23Pt15,1,1.7004579305648804,3.558148980140686,-2.481736898422241,0.34789013862609863,-0.45383061063655744
Ag29Au13Cu21Pd22Pt23,1,2.003671944141388,3.0152713656425476,-2.656983971595764,1.279882550239563,-0.45452948287495865
Ag29Au16Cu24Pd21Pt18,1,2.106752574443817,2.6066399216651917,-1.9373695850372314,2.8101487159729004,-0.4555062885404893
Ag23Au21Cu25Pd24Pt15,1,2.354201018810272,4.012669861316681,-3.139437437057495,0.2047119140625,-0.4564853186058023
Ag23Au26Cu19Pd20Pt20,1,2.707445204257965,3.6796452403068542,-3.273941457271576,1.0365394949913025,-0.4596203639479537
Ag16Au24Cu24Pd22Pt22,1,1.9378383755683897,3.976378381252289,-2.7344677448272705,-0.020015716552734375,-0.45963153611023855
Ag20Au19Cu28Pd21Pt20,1,1.686591625213623,3.245300769805908,-2.3746389746665955,0.7807153463363649,-0.4596373035646424
Ag21Au20Cu19Pd20Pt28,1,1.7483445405960085,3.007559657096863,-2.3611828684806824,1.1697160601615906,-0.4605255113955239
Ag18Au21Cu18Pd23Pt28,1,1.0953745841979978,2.4987576007843018,-1.5217623114585876,1.5882171988487244,-0.46107138537456327
Ag19Au27Cu22Pd16Pt24,1,1.5332168936729431,3.445578157901764,-2.042557418346405,0.6855170130729675,-0.4615641421359096
Ag19Au16Cu36Pd14Pt23,1,0.9517314434051514,2.4808907508850098,-1.4196481704711914,1.4642219543457031,-0.463678702060039
Ag22Au17Cu21Pd25Pt23,1,1.948344737291336,3.7087404429912567,-2.5122111439704895,0.5489349961280823,-0.46573006459432104
Ag20Au19Cu13Pd29Pt27,1,2.049773097038269,4.113704323768616,-2.7321319580078125,0.011116743087768555,-0.46576082758072335
Ag17Au22Cu26Pd19Pt24,1,2.1629024147987366,3.8241533637046814,-2.8764114379882812,0.3550126552581787,-0.46662103023870494
Ag14Au16Cu22Pd30Pt26,1,0.8721590042114258,2.4965081214904785,-1.3613741993904114,1.3636048436164856,-0.46666891434090946
Ag17Au21Cu25Pd21Pt24,1,2.1666800379753113,3.0480297207832336,-2.7375808358192444,1.3925157189369204,-0.4671142395984599
Ag24Au27Cu19Pd22Pt16,1,2.132532000541687,4.052299380302429,-2.6549861431121826,0.3199279308319092,-0.46719904889509534
Ag22Au18Cu21Pd17Pt30,1,2.0590323805809017,3.9709680676460266,-2.8078482151031494,0.08573436737060547,-0.46745115677749355
Ag24Au21Cu19Pd25Pt19,1,1.3124582171440125,2.9055545926094055,-1.728453814983368,1.2502776980400085,-0.4676822597125657
Ag21Au22Cu29Pd14Pt22,1,1.5803152918815613,3.2844050526618958,-2.207931101322174,0.7204414010047913,-0.4679329794727131
Ag19Au21Cu16Pd27Pt25,1,1.496307373046875,3.076653480529785,-2.31282502412796,0.6663649082183838,-0.4683107759339299
Ag20Au28Cu25Pd19Pt16,1,2.767719089984894,3.7619754672050476,-3.5448827147483826,0.6793367266654968,-0.4700294488103799
Ag20Au21Cu25Pd16Pt26,1,1.305868923664093,3.4069671034812927,-1.6744853854179382,0.7382740378379822,-0.4707472317710639
Ag21Au21Cu27Pd18Pt21,1,2.415615499019623,4.12402206659317,-3.1950860023498535,0.06920194625854492,-0.4710829048422595
Ag13Au28Cu22Pd23Pt22,1,1.9785362482070923,3.038259148597717,-2.4531584382057186,1.3940432667732239,-0.4727026344569343
Ag18Au22Cu24Pd22Pt22,1,1.5994448065757751,2.4936195015907288,-0.7952666282653809,3.3667638301849365,-0.4731443670679917
Ag13Au31Cu28Pd16Pt20,1,1.7405243515968323,3.4304398894309998,-2.0575573444366455,1.0142076015472412,-0.4738704831487429
Ag24Au23Cu23Pd20Pt18,1,1.549514889717102,3.613969922065735,-1.7009284496307373,0.8993406295776367,-0.47589463449226693
Ag22Au16Cu27Pd24Pt19,1,1.585370063781738,3.1897549629211426,-2.270214319229126,0.7267024517059328,-0.4760793672724188
Ag30Au19Cu21Pd21Pt17,1,1.672801673412323,3.1938679814338684,-2.063675880432129,1.1351854801177979,-0.4766989051225082
Ag21Au18Cu22Pd16Pt31,1,2.107300043106079,3.2568936347961426,-2.60223388671875,1.1796722412109375,-0.47826776801044946
Ag23Au19Cu20Pd32Pt14,1,2.319253146648407,4.254662096500397,-2.8367550373077393,0.1673617362976072,-0.47835321501943817
Ag17Au30Cu23Pd20Pt18,1,2.4703953862190247,3.899688422679901,-3.053007125854492,0.5640826225280764,-0.47902889436019364
Ag17Au31Cu13Pd29Pt18,1,1.6194462776184082,3.449321031570435,-1.8272363543510441,1.0380286574363708,-0.4796097649328257
Ag23Au21Cu20Pd18Pt26,1,2.206207513809204,3.7861275672912598,-2.801236391067505,0.5204737186431885,-0.4796582877803991
Ag22Au21Cu19Pd24Pt22,1,1.5346761643886564,2.3969773352146144,-1.1790658831596372,2.851949155330658,-0.480511197457975
Ag18Au24Cu23Pd19Pt24,1,1.5185408294200897,3.3801548779010773,-1.947587788105011,0.7720041871070863,-0.4822594214080209
Ag22Au24Cu15Pd24Pt23,1,1.9712876081466675,3.386560797691345,-2.6013548970222473,0.7750492691993713,-0.4822806505416529
Ag14Au26Cu26Pd19Pt23,1,1.531863272190094,3.482496678829193,-2.2700478434562683,0.28201693296432495,-0.4823204827711703
Ag18Au23Cu23Pd17Pt27,1,2.0078585743904114,4.057784378528595,-2.687940835952759,-0.015883684158325195,-0.4838890176222428
Ag25Au21Cu14Pd21Pt27,1,2.3580828309059143,3.3719958662986755,-3.097786247730255,0.8699515461921692,-0.48418411587997956
Ag17Au21Cu22Pd27Pt21,1,1.1918130815029144,2.6449061930179596,-1.583949863910675,1.4279330372810364,-0.4868317634383374
Ag15Au20Cu20Pd25Pt28,1,0.8059086799621582,2.403596818447113,-1.393549382686615,1.227575957775116,-0.48773022429300283
Ag25Au24Cu26Pd15Pt18,1,1.468748986721039,3.055504024028778,-1.9875125288963318,0.9708477854728699,-0.4878473477694585
Ag17Au22Cu27Pd18Pt24,1,2.013427644968033,2.98920139670372,-2.6697559356689453,1.1763026714324951,-0.4904810295635318
Ag31Au22Cu17Pd22Pt16,1,1.9234925508499146,3.5240267515182495,-2.4956796169281006,0.6358659267425537,-0.4906616182997313
Ag23Au18Cu21Pd23Pt23,1,1.1830430030822754,3.119247436523437,-1.6270834803581233,0.8170015215873718,-0.4910604384630267
Ag23Au23Cu20Pd15Pt27,1,2.379195749759674,4.382362544536591,-2.95159649848938,-0.06272506713867188,-0.4930204430343804
Ag20Au19Cu25Pd21Pt23,1,1.2590023279190063,2.8350390195846558,-1.6518610119819641,1.231716215610504,-0.493042584015689
Ag17Au20Cu23Pd28Pt20,1,2.0480281114578247,3.4781304597854614,-2.729463040828705,0.6100580096244812,-0.49399611951704886
Ag19Au24Cu21Pd23Pt21,1,1.7590141594409943,3.608241528272629,-2.2800901532173157,0.4959836602211001,-0.4948432476206039
Ag17Au26Cu21Pd20Pt24,1,1.8966968655586243,2.018505275249481,-1.6790196299552917,3.251025378704071,-0.4957179682167482
Ag18Au20Cu29Pd20Pt21,1,2.3080573678016663,3.559554159641266,-2.9589176177978516,0.6964776515960693,-0.4968376653466944
Ag19Au26Cu27Pd14Pt22,1,2.0786083936691284,3.8020650148391724,-2.7303178310394287,0.29018449783325173,-0.49811726644541016
Ag13Au17Cu26Pd27Pt25,1,1.7520235180854797,2.7598645091056824,-2.3563942313194275,1.3120402693748474,-0.49927618651687605
Ag22Au26Cu18Pd18Pt24,1,1.5099070072174072,3.071664333343506,-1.7300196290016174,1.2972937226295471,-0.5012969681872125
Ag20Au26Cu16Pd21Pt25,1,2.097628116607666,4.111760139465332,-2.48333477973938,0.2749309539794922,-0.5017080160103435
Ag22Au32Cu19Pd16Pt19,1,1.312600314617157,3.551681339740753,-1.5033326148986819,0.6855516433715823,-0.5021130592606512
Ag23Au29Cu23Pd19Pt14,1,1.6715033948421478,3.994373947381973,-2.0444245338439937,0.1702313423156736,-0.5033188450581041
Ag15Au23Cu26Pd23Pt21,1,2.001769006252289,3.9762142300605774,-2.5561366081237793,0.15264606475830078,-0.5038349350633744
Ag20Au19Cu20Pd19Pt30,1,1.4390181303024288,3.3329726457595825,-1.7603428959846497,0.8295744061470032,-0.5044390980672949
Ag21Au27Cu23Pd15Pt22,1,2.4649223685264587,4.178899109363556,-2.9445955753326416,0.28193140029907227,-0.5051192297929203
Ag21Au20Cu23Pd26Pt18,1,1.7101778984069826,3.434587478637695,-2.3868029117584224,0.4260873794555664,-0.5058355255302073
Ag20Au20Cu25Pd23Pt20,1,0.6865679621696473,2.571766674518585,-1.0918558239936829,1.129216253757477,-0.506467753558119
Ag25Au24Cu23Pd22Pt14,1,2.1950024366378784,4.451750159263611,-2.6513607501983643,-0.15825152397155762,-0.5082859515017016
Ag17Au29Cu25Pd24Pt13,1,2.0541270375251766,3.906284272670746,-2.6970279216766357,0.13296842575073242,-0.5084529045835068
Ag15Au31Cu16Pd20Pt26,1,1.4467047750949857,3.324086755514145,-1.947418987751007,0.6030858159065249,-0.5092343530994564
Ag15Au23Cu25Pd21Pt24,1,1.7170726656913755,4.043343365192413,-2.249173641204834,-0.07796835899353027,-0.509306000498569
Ag17Au21Cu15Pd31Pt24,1,1.6588162183761597,2.5773457288742065,-1.3123053908348083,2.5957862734794617,-0.5116284367893222
Ag12Au18Cu28Pd27Pt23,1,1.797917664051056,3.3255544304847717,-2.380279541015625,0.6773955821990967,-0.5157320401367175
Ag15Au23Cu22Pd25Pt23,1,1.4335410594940188,2.8073368072509766,-1.8067296147346497,1.2927997708320618,-0.5182689146103668
Ag19Au22Cu24Pd19Pt24,1,1.3548447489738464,2.9064586758613586,-1.867944002151489,0.9584674835205076,-0.5197466859008014
Ag33Au22Cu16Pd21Pt16,1,2.3215978145599365,4.320505142211914,-2.9505646228790283,-0.19909954071044922,-0.5202104849718753
Ag25Au19Cu22Pd21Pt21,1,2.097553670406341,4.250546038150787,-2.6727726459503174,-0.1987800598144529,-0.5243168525500077
Ag10Au27Cu26Pd18Pt27,1,1.6746081709861755,2.7827646136283875,-1.7332167625427246,1.8254923820495605,-0.5246110454431132
Ag21Au24Cu23Pd18Pt22,1,1.88069611787796,3.600473821163178,-2.4935026168823247,0.3469104766845703,-0.5252468241958803
Ag27Au19Cu27Pd13Pt22,1,2.2865172028541565,3.567227780818939,-2.814181387424469,0.7151246666908265,-0.5272197453829316
Ag20Au21Cu30Pd18Pt19,1,2.6489904522895813,4.057342231273651,-3.1744754314422607,0.37764954566955566,-0.5286053822080616
Ag17Au19Cu24Pd25Pt23,1,2.0410414338111877,2.9820160269737244,-2.7130698561668396,1.031754195690155,-0.5303240116941604
Ag20Au26Cu22Pd21Pt19,1,2.3678648471832275,3.793834686279297,-3.025613248348236,0.3312375545501709,-0.5320097079726576
Ag22Au20Cu24Pd30Pt12,1,2.0920814275741577,4.084616303443909,-2.6456782817840576,-0.03152346611022949,-0.5351109955680531
Ag22Au21Cu27Pd17Pt21,1,1.3796661496162415,3.472087562084198,-1.69596529006958,0.5232808589935303,-0.5377099337017581
Ag27Au19Cu16Pd28Pt18,1,1.131505072116852,2.3969709277153015,-1.614258348941803,1.3559990525245667,-0.5402255742884363
Ag21Au19Cu19Pd28Pt21,1,1.3321013450622556,2.7416412830352783,-1.4731538891792297,1.5096960663795471,-0.541291452435537
Ag21Au21Cu19Pd21Pt26,1,1.7757863402366638,2.944747507572174,-1.5210635662078855,2.0302388668060303,-0.5414878990882794
Ag24Au20Cu30Pd19Pt15,1,2.4397676587104797,4.107631146907806,-2.9842283725738525,0.12569379806518555,-0.5426685682160545
Ag23Au23Cu17Pd25Pt20,1,1.5627994537353516,3.898308753967285,-1.6418190002441406,0.43061017990112305,-0.543129362476109
Ag20Au20Cu18Pd27Pt23,1,1.341908574104309,2.805466055870056,-1.7084848284721375,1.1530784964561462,-0.5443384515128631
Ag20Au28Cu22Pd19Pt19,1,2.2521973252296448,3.133940637111664,-2.6324862837791443,1.287958800792694,-0.5461317492311579
Ag16Au20Cu27Pd19Pt26,1,1.0006459355354307,2.314145863056183,-1.2999833226203918,1.5761073231697083,-0.5467503812082377
Ag27Au16Cu15Pd28Pt22,1,1.0230356454849245,2.7931793928146362,-1.3568429350852966,1.0105451941490173,-0.5480283993277048
Ag28Au21Cu20Pd19Pt20,1,2.0324431657791138,3.7638505697250366,-2.5859270095825195,0.23751473426818848,-0.5491114391329119
Ag24Au18Cu25Pd24Pt17,1,1.308309644460678,2.4821864664554596,-1.7121127247810364,1.417668163776398,-0.5518620308514308
Ag14Au24Cu25Pd28Pt17,1,2.1120172142982483,3.824272334575653,-2.5498945713043213,0.3493800163269043,-0.5519129896527647
Ag27Au20Cu25Pd20Pt16,1,2.102502465248108,4.215233206748962,-2.5398142337799072,-0.09375190734863281,-0.5532894614093087
Ag17Au17Cu21Pd20Pt33,1,1.7372982501983643,2.4874188899993896,-2.2152824699878693,1.5598151981830597,-0.5535198024053715
Ag25Au13Cu26Pd23Pt21,1,1.3506399095058441,2.7651834785938263,-1.789338767528534,1.0772833228111267,-0.5539356391607286
Ag21Au21Cu27Pd19Pt20,1,2.1832913756370544,3.7643707394599915,-2.7513213753700256,0.28260689973831177,-0.5552313702936383
Ag16Au17Cu34Pd21Pt20,1,2.0798403620719905,3.7970736622810364,-2.729459524154663,0.08387231826782227,-0.5557015631538754
Ag24Au26Cu20Pd20Pt18,1,2.1177536845207214,3.1921191811561584,-2.5412139892578125,1.0450162887573242,-0.5588888495555889
Ag20Au12Cu24Pd28Pt24,1,1.6538442969322207,3.1952574849128723,-2.1579856872558594,0.6736953258514404,-0.5592344287925229
Ag23Au27Cu23Pd15Pt20,1,1.7805955410003662,3.6958730220794678,-2.0240001678466797,0.5125453472137449,-0.5600530531822149
Ag20Au25Cu26Pd16Pt21,1,2.0986414551734924,3.5200303196907043,-2.66180157661438,0.4902987480163572,-0.5607226273754943
Ag11Au19Cu22Pd22Pt34,1,1.8621066510677338,2.6541313230991364,-2.444338619709015,1.2876880764961243,-0.5614290269074498
Ag21Au19Cu27Pd19Pt22,1,2.2058401703834534,3.2774271368980408,-2.6887298226356506,0.916969358921051,-0.5616364391045368
Ag22Au18Cu24Pd28Pt16,1,2.202367842197418,3.8840450644493103,-2.791983127593994,0.10754561424255371,-0.5623476232091856
Ag26Au21Cu18Pd23Pt20,1,1.9637216925621033,3.5100634694099426,-2.411529302597046,0.55721116065979,-0.5633887609058094
Ag27Au23Cu27Pd17Pt14,1,2.849324405193329,3.810305893421173,-3.279280424118042,0.7514297962188718,-0.5643742709839221
Ag22Au23Cu21Pd21Pt21,1,2.787608563899994,2.1699004769325256,-2.2972587943077087,3.67536062002182,-0.5647943631765256
Ag21Au21Cu20Pd27Pt19,1,1.9257022142410278,2.982627749443054,-2.3804449439048767,1.0994111895561218,-0.5665516297499652
Ag24Au24Cu14Pd21Pt25,1,1.8085479140281677,3.2125149369239807,-2.345400869846344,0.6723011136054993,-0.5673854182930983
Ag22Au14Cu22Pd28Pt22,1,1.413568675518036,2.6604912877082825,-1.6877129673957825,1.3812091946601868,-0.5680187234609246
Ag21Au26Cu19Pd21Pt21,1,1.9345483183860779,3.774475634098053,-2.4964303970336914,0.08428406715393022,-0.5691378777496579
Ag21Au23Cu30Pd17Pt17,1,1.7804116606712341,2.980734884738922,-2.3800297379493713,0.8199990391731262,-0.5714062715479435
Ag21Au20Cu23Pd23Pt21,1,1.7822524309158323,3.4788349866867065,-2.001608371734619,0.7393298149108887,-0.5719748168079439
Ag24Au17Cu19Pd25Pt23,1,2.2875017523765564,2.8398528695106506,-2.631332576274872,1.5813328623771667,-0.5723787708322856
Ag24Au17Cu23Pd25Pt19,1,0.5837917923927307,2.1826815009117126,-0.9347193837165833,1.313883364200592,-0.5747198336760624
Ag13Au25Cu25Pd25Pt20,1,1.6067382693290713,2.8519027829170227,-2.064027965068817,1.0229267477989197,-0.5759354982282882
Ag19Au27Cu16Pd18Pt28,1,1.4647541642189026,2.7840678095817566,-1.8738242983818054,1.0737068057060242,-0.5766774029602239
Ag21Au14Cu29Pd26Pt18,1,1.3703806400299072,2.5922443866729736,-1.8797231912612915,1.0970159769058228,-0.5794924093039858
Ag20Au23Cu32Pd12Pt21,1,1.9892205595970154,3.171875774860382,-2.4911498427391052,0.8182246088981628,-0.5797550423260653
Ag16Au18Cu18Pd31Pt25,1,1.3222947120666504,2.9908223152160645,-1.61589914560318,0.8862648606300354,-0.5820239032149505
Ag26Au28Cu17Pd20Pt17,1,1.7235897183418274,3.744322717189789,-2.2757434844970703,-0.04625391960144043,-0.5838379957132749
Ag13Au25Cu27Pd22Pt21,1,1.6994983553886414,3.035456955432892,-2.146117687225342,0.851212739944458,-0.5852560358561221
Ag20Au26Cu22Pd18Pt22,1,2.0003269910812373,3.3787721395492554,-2.3191170692443848,0.7855417728424072,-0.5897341969503417
Ag26Au16Cu30Pd15Pt21,1,1.7712025046348572,3.1016809344291687,-2.292031228542328,0.7046667933464053,-0.5911837865135233
Ag17Au15Cu27Pd25Pt24,1,1.2786310613155367,2.49179545044899,-1.6468821167945862,1.2863369584083557,-0.5914225574740655
Ag27Au20Cu13Pd22Pt26,1,2.089938759803772,3.527502179145813,-2.457868754863739,0.5989827513694765,-0.5929876672785276
Ag22Au19Cu20Pd19Pt28,1,1.0262424945831299,3.345257520675659,-1.1610873341560364,0.47951918840408325,-0.5930597680589464
Ag22Au19Cu25Pd21Pt21,1,2.317083179950714,3.185533463954926,-2.672030925750733,1.120976209640503,-0.5939184906438489
Ag14Au22Cu24Pd28Pt20,1,1.503304839134216,3.130656123161316,-1.7681658864021301,0.8225365281105042,-0.5949780730136484
Ag18Au19Cu25Pd20Pt26,1,1.0940073728561401,2.5636810064315796,-1.3695662021636963,1.2025015354156494,-0.5949887640458242
Ag21Au15Cu29Pd19Pt24,1,2.7941834926605225,3.704895496368408,-3.3158743381500244,0.564871072769165,-0.6065985301173191
Ag23Au26Cu17Pd28Pt14,1,1.751413643360138,3.3093029856681824,-2.526759088039398,0.08655059337615967,-0.6073856635615745
Ag21Au21Cu23Pd21Pt22,1,2.4210738539695735,3.558866798877716,-2.8368865847587585,0.6153866648674012,-0.6142574489745756
Ag20Au28Cu20Pd22Pt18,1,1.5460252165794373,2.9750340580940247,-1.7288716435432434,1.0490675568580627,-0.6143340544016196
Ag21Au20Cu15Pd29Pt23,1,2.0896327197551727,3.681665450334549,-2.487337291240692,0.29531711339950584,-0.618595017776594
Ag22Au21Cu25Pd19Pt21,1,2.0023075342178345,4.014475703239441,-2.5256593227386475,-0.280210018157959,-0.6187359368013222
Ag32Au19Cu25Pd16Pt16,1,2.289753019809723,3.2932373881340027,-2.786667764186859,0.7086507678031921,-0.6209351340389542
Ag22Au30Cu18Pd21Pt17,1,1.8093944191932678,2.539391577243805,-2.17613285779953,1.4284085631370544,-0.6213403839295957
Ag33Au19Cu16Pd20Pt20,1,2.0025335550308228,3.3062678575515747,-2.3814145922660828,0.6664060950279236,-0.623485622567619
Ag23Au20Cu20Pd26Pt19,1,2.0654860734939575,2.9854246377944946,-2.000009834766388,1.5969532132148743,-0.6269897133332326
Ag22Au18Cu24Pd22Pt22,1,1.4610458016395569,3.1114506125450134,-1.763061285018921,0.647284984588623,-0.6287342817692811
Ag17Au22Cu23Pd27Pt19,1,1.275469422340393,2.558271050453186,-1.4349095225334167,1.3299033045768738,-0.6289832386597057
Ag27Au25Cu18Pd20Pt18,1,2.6088675856590275,3.967333137989044,-2.6242361068725586,0.7083153724670412,-0.6302299949865611
Ag24Au18Cu22Pd28Pt16,1,1.942250072956085,3.5797013640403748,-2.3279550075531006,0.28678011894226074,-0.6324639743429004
Ag15Au19Cu19Pd22Pt33,1,1.5117987990379333,2.199198544025421,-1.250670850276947,2.3614858984947205,-0.6355153172445568
Ag23Au18Cu17Pd27Pt23,1,1.6450337171554565,2.9728318452835083,-1.8969921469688416,0.942887008190155,-0.6356426415106177
Ag23Au20Cu23Pd24Pt18,1,2.3663559556007385,4.301840722560883,-2.825852870941162,-0.37850403785705566,-0.6369847441791315
Ag23Au25Cu21Pd20Pt19,1,2.5759029388427734,3.7146649360656743,-2.9147638678550725,0.5342099070549011,-0.6391516574487026
Ag21Au15Cu20Pd25Pt27,1,1.9098598957061768,3.6111786365509033,-2.1627150177955627,0.36951524019241333,-0.6401752823175162
Ag21Au22Cu19Pd20Pt26,1,2.705594480037689,3.573179543018341,-3.076478958129883,0.7216639518737795,-0.6402238111534524
Ag22Au23Cu23Pd22Pt18,1,1.9665985703468323,3.4200639128684998,-2.1944057941436768,0.6294155120849614,-0.6443410871938993
Ag26Au16Cu26Pd16Pt24,1,2.1362675428390503,2.8421586751937866,-2.516371428966522,1.1756011843681335,-0.644991159485708
Ag21Au13Cu32Pd22Pt20,1,1.6368080377578733,2.121745467185974,-1.4660763144493103,2.3713733553886414,-0.6449956233611055
Ag19Au16Cu18Pd26Pt29,1,1.186169445514679,2.484421193599701,-1.473921060562134,1.1356630325317383,-0.6464935513650507
Ag18Au17Cu26Pd24Pt23,1,1.250280499458313,2.780784010887146,-1.3664622306823733,1.0520055294036867,-0.6478797144184456
Ag17Au29Cu19Pd22Pt21,1,1.7061010599136355,3.3888555765151978,-1.9878904819488525,0.43112874031066895,-0.6486934272401257
Ag24Au22Cu16Pd26Pt20,1,2.027719020843506,3.1279263496398926,-2.4626235365867615,0.7142624258995056,-0.6488147408594943
Ag15Au19Cu28Pd25Pt21,1,2.2868963479995728,4.162722229957581,-2.5524110794067383,-0.09474730491638184,-0.6545809152718933
Ag18Au22Cu25Pd14Pt29,1,2.587220013141632,2.9341821074485774,-2.875975668430328,1.3962395787239075,-0.6583076352713643
Ag19Au23Cu17Pd23Pt26,1,1.9403604865074158,3.536222994327545,-2.1184747219085693,0.4838387966156006,-0.661343055060653
Ag26Au22Cu21Pd20Pt19,1,2.4206051230430603,3.2218106389045715,-2.693418025970459,0.9781291484832764,-0.6646066384317646
Ag18Au19Cu24Pd28Pt19,1,2.076652944087982,3.039058029651642,-2.4551860690116882,0.8489271998405457,-0.6653896917183997
Ag25Au21Cu18Pd16Pt28,1,1.721517026424408,3.1753771901130676,-1.9519047737121582,0.6752557754516602,-0.6661258922953287
Ag20Au20Cu28Pd14Pt26,1,1.3598952293395996,2.883803606033325,-1.4673176407814028,0.9420481324195862,-0.6665111299477058
Ag19Au28Cu23Pd21Pt17,1,2.3993110060691833,4.164663136005402,-2.843210458755493,-0.29905962944030806,-0.6666560949013562
Ag12Au24Cu24Pd25Pt23,1,1.7651864290237427,3.6870235204696655,-2.0507359504699707,0.06113290786743164,-0.6671191316615488
Ag23Au17Cu23Pd18Pt27,1,1.9155669212341309,3.047353744506836,-2.2737000584602356,0.7508342862129209,-0.6712138522436736
Ag25Au26Cu13Pd16Pt28,1,2.45615416765213,3.482765853404999,-2.960965394973755,0.3955907821655271,-0.6714579551703139
Ag20Au14Cu23Pd21Pt30,1,2.462434947490692,4.305798590183258,-2.816546678543091,-0.3337218761444092,-0.6736255596917902
Ag13Au23Cu19Pd27Pt26,1,1.8215365409851074,2.7158377170562744,-2.0786529779434204,1.1788452863693237,-0.6741160170807857
Ag22Au18Cu25Pd25Pt18,1,1.7363661527633667,3.029323697090149,-2.002751886844635,0.7687526345252991,-0.674732595197664
Ag16Au25Cu19Pd25Pt23,1,2.6222142577171326,4.219270765781403,-2.954706907272339,-0.12935519218444846,-0.6763290102274919
Ag26Au27Cu18Pd24Pt13,1,1.3197388648986816,3.1191563606262207,-1.6134418845176697,0.3882498145103457,-0.6768303176461913
Ag22Au28Cu13Pd24Pt21,1,2.127601325511932,3.4245525002479553,-2.1134533882141113,0.8924853801727295,-0.6777808658752666
Ag18Au25Cu15Pd28Pt22,1,1.950030267238617,3.0896268486976624,-2.042762279510498,1.0237665176391602,-0.679158542606911
Ag21Au14Cu29Pd17Pt27,1,2.1882622838020325,3.151946485042572,-2.455641984939575,0.8673934936523435,-0.6810706293752128
Ag21Au26Cu18Pd26Pt17,1,1.246747672557831,2.4922578930854797,-1.3232138752937317,1.2932639718055727,-0.6815412728434788
Ag25Au18Cu26Pd23Pt16,1,1.9402886033058167,3.5000986456871033,-2.1489274501800537,0.39949750900268555,-0.6844716338493888
Ag16Au19Cu29Pd18Pt26,1,2.0177043676376343,3.3848997354507446,-2.4057793617248535,0.32535457611083984,-0.6907216022773125
Ag23Au20Cu20Pd18Pt27,1,2.3093815445899963,3.8943066000938416,-2.5448684692382812,0.11741566658020042,-0.6908424472257378
Ag21Au22Cu23Pd21Pt21,1,2.3141444325447087,4.1696497797966,-2.3976480960845947,0.0026564598083496094,-0.6911558348359514
Ag16Au20Cu23Pd22Pt27,1,1.6763200163841248,2.3094905018806458,-1.6061500906944275,1.8884877562522888,-0.6911953899050298
Ag19Au20Cu17Pd22Pt30,1,1.7354742288589478,3.209805130958557,-2.02144593000412,0.47943681478500366,-0.6919909125403955
Ag21Au25Cu22Pd16Pt24,1,1.9592303931713104,3.9881127178668976,-2.325892925262451,-0.3581072688102722,-0.692879077185139
Ag21Au24Cu13Pd30Pt20,1,1.885266542434692,2.875917911529541,-1.4750800132751463,1.7934944629669187,-0.6937762130177724
Ag26Au26Cu17Pd14Pt25,1,1.829179048538208,3.2604732513427734,-2.108487844467163,0.47138500213623047,-0.6957323016021737
Ag27Au23Cu21Pd16Pt21,1,2.010753333568573,3.5330644249916077,-2.4789206981658936,0.026243925094604492,-0.6991387945667962
Ag25Au18Cu22Pd19Pt24,1,2.6161569952964783,3.5390854477882385,-2.4496848583221436,1.1466319561004636,-0.7015034420612565
Ag15Au24Cu22Pd21Pt26,1,2.251366078853607,1.85672265291214,-2.024000585079193,2.870963752269745,-0.7031440447785324
Ag26Au20Cu27Pd19Pt16,1,2.1086655259132385,3.5982572436332703,-2.2426843643188477,0.39783191680908203,-0.7064862959699202
Ag24Au24Cu19Pd25Pt16,1,2.492528736591339,3.592512309551239,-2.8025741577148438,0.39655709266662575,-0.70899253289912
Ag19Au21Cu21Pd21Pt26,1,2.3858941197395325,3.266991078853607,-2.7022345662117004,0.6718330979347229,-0.7133819291153473
Ag19Au21Cu28Pd20Pt20,1,2.2644882202148438,4.446714878082275,-2.6614460945129395,-0.8127534985542296,-0.7153833936004051
Ag17Au27Cu19Pd22Pt23,1,2.608980417251587,4.153507232666016,-2.900639533996582,-0.1708228588104248,-0.7184748690209115
Ag22Au23Cu21Pd20Pt22,1,2.134704291820526,2.5894165635108948,-2.468371272087097,1.2156034708023071,-0.7244433210480107
Ag22Au18Cu15Pd18Pt35,1,1.3885949850082397,2.3696173429489136,-1.6037116646766663,1.1685970425605774,-0.7269816030403818
Ag18Au23Cu29Pd14Pt24,1,1.740479201078415,3.1053934395313263,-1.874520480632782,0.6543747782707214,-0.7274168722112009
Ag21Au22Cu26Pd16Pt23,1,2.6691518425941467,3.856599986553192,-2.9755470752716064,0.14016270637512207,-0.7276449906617041
Ag30Au23Cu21Pd22Pt12,1,1.3852464854717255,2.5012374222278595,-1.5896561741828918,1.0308092236518858,-0.727868937225091
Ag26Au23Cu22Pd23Pt14,1,2.563991367816925,3.6883131861686707,-2.787404775619507,0.35832905769348145,-0.7305942200340363
Ag25Au14Cu30Pd18Pt21,1,1.7335427105426784,2.6991057097911835,-1.9389201998710632,0.9982134699821472,-0.7311052459605775
Ag20Au28Cu29Pd16Pt15,1,1.7787162661552427,3.11144357919693,-1.9643552899360657,0.5876956582069397,-0.7321901166301006
Ag29Au13Cu13Pd31Pt22,1,1.9079480171203613,2.936997175216675,-2.048674166202545,0.9099965691566467,-0.7324544401205605
Ag17Au21Cu20Pd24Pt26,1,1.8665800690650938,2.397535264492035,-2.238734543323517,1.1946025490760803,-0.732978143864631
Ag22Au19Cu23Pd27Pt17,1,1.8273786008358002,2.989946275949478,-1.8864451050758362,0.865956127643585,-0.7433067785074919
Ag22Au15Cu20Pd29Pt22,1,2.1066054105758667,2.99553644657135,-2.452642500400543,0.6606515049934387,-0.7440962268326976
Ag23Au23Cu20Pd20Pt22,1,2.695746123790741,2.2207732796669006,-2.0220893025398254,3.122389137744904,-0.7445376397974766
Ag21Au20Cu25Pd27Pt15,1,2.6320635676383977,3.3548315167427063,-3.0713117718696594,0.4426310658454895,-0.7456391434686226
Ag26Au21Cu24Pd14Pt23,1,1.7955369651317596,3.655145436525345,-1.9402358531951904,-0.0050432682037353516,-0.7457778725282455
Ag21Au26Cu26Pd21Pt14,1,3.066159427165985,3.5553207993507385,-3.2905474305152893,0.7265217900276186,-0.7483299898689091
Ag23Au16Cu24Pd19Pt26,1,2.104972451925278,3.359210640192032,-2.4662994742393494,0.2093290090560913,-0.7516974745712197
Ag18Au20Cu29Pd15Pt26,1,1.5340095460414886,2.5582765638828278,-1.6203833222389221,1.1048291325569153,-0.7532423598594971
Ag28Au21Cu17Pd23Pt19,1,1.9341724514961243,3.7166729569435124,-1.8371374607086186,0.27684473991394043,-0.7537533821518307
Ag24Au17Cu28Pd21Pt18,1,1.9697458148002625,3.8054497838020325,-2.162631034851074,-0.16268539428710938,-0.7541409897106723
Ag23Au23Cu24Pd16Pt22,1,1.7145836353302002,2.8220338821411133,-1.7415316700935364,0.9812961220741272,-0.755582999214456
Ag20Au22Cu21Pd19Pt26,1,2.0588719248771667,2.6646686196327205,-2.0623272061347957,1.3799732327461243,-0.7562631308693559
Ag25Au22Cu23Pd21Pt17,1,2.1607506275177,3.254673719406128,-2.3601472973823547,0.520428478717804,-0.7618432619412508
Ag20Au22Cu21Pd28Pt17,1,1.501539170742035,2.451156437397003,-1.674282729625702,1.0602733492851257,-0.7632337241042787
Ag24Au23Cu24Pd26Pt11,1,2.346724212169647,3.935632288455963,-2.584733486175537,-0.18630385398864746,-0.7647760594740682
Ag30Au19Cu20Pd21Pt18,1,1.9440354704856873,3.748461067676544,-2.0699310302734375,-0.08567452430725098,-0.768752376170011
Ag15Au25Cu20Pd23Pt25,1,2.760295569896698,2.5476613640785217,-1.9249906539916992,2.8961358070373535,-0.7718049871151098
Ag15Au15Cu24Pd28Pt26,1,1.8078982830047605,2.6030173301696777,-2.002927839756012,1.0038776993751526,-0.7729536723543083
Ag20Au19Cu28Pd18Pt23,1,2.5216007828712463,3.0754818320274353,-2.702394664287567,0.8980395197868349,-0.7755543974434926
Ag27Au17Cu18Pd24Pt22,1,2.127147376537323,3.3774784207344055,-2.412346303462982,0.1720127463340757,-0.784984747949582
Ag26Au18Cu18Pd23Pt23,1,3.0339069962501526,3.743389070034027,-3.210050582885742,0.4089202880859377,-0.788641410080827
Ag22Au16Cu20Pd24Pt26,1,2.3247364163398743,3.875349462032318,-2.4936203956604004,-0.1380918025970459,-0.7893545085076785
Ag20Au21Cu22Pd26Pt19,1,2.5659390091896057,3.6049203276634216,-2.6634654998779297,0.3786778450012205,-0.7920337849848035
Ag28Au13Cu33Pd22Pt12,1,2.3645934462547302,3.8643746972084045,-2.615435838699341,-0.21751856803894065,-0.7927440302911942
Ag20Au25Cu22Pd22Pt19,1,2.085471212863922,3.0083090662956233,-2.452463626861572,0.42485713958740234,-0.793204181219873
Ag17Au21Cu29Pd20Pt21,1,1.8791139721870422,2.3393015265464783,-2.1544584035873413,1.1359139680862427,-0.8000698086438415
Ag20Au22Cu18Pd23Pt25,1,1.6729741692543025,2.7268092036247253,-1.5461470484733582,1.075201690196991,-0.8034231577359366
Ag21Au20Cu29Pd25Pt13,1,2.2180081009864807,3.5569323897361755,-2.447053909301758,0.023168563842773215,-0.8042299225860045
Ag21Au17Cu28Pd18Pt24,1,2.079303205013275,3.0391367077827454,-1.9954428672790527,0.8979377746582031,-0.8063868310025726
Ag20Au25Cu20Pd29Pt14,1,1.8618103265762334,2.9284321069717407,-2.0799947381019592,0.5182191133499146,-0.8070124876111843
Ag19Au17Cu24Pd25Pt23,1,2.0136619210243225,2.4773475527763367,-2.1760666966438293,1.1719074845314026,-0.8077167427793174
Ag25Au21Cu29Pd21Pt12,1,2.0416253805160522,3.0973554849624634,-2.1341559886932373,0.5815463066101076,-0.8093684652851773
Ag22Au17Cu30Pd24Pt15,1,2.147037088871002,3.127298057079315,-2.160522162914276,0.6987969279289246,-0.8115832501161162
Ag29Au15Cu19Pd22Pt23,1,2.3030179142951965,3.0060784220695496,-2.4134618639945984,0.7984766364097595,-0.8125884139635596
Ag15Au20Cu22Pd21Pt30,1,2.3204854130744934,2.6570340991020203,-2.485070049762726,1.1134691834449768,-0.8164866582308653
Ag26Au21Cu19Pd25Pt17,1,2.1056709885597233,3.734412610530853,-2.203114748001098,-0.12065672874450706,-0.8165781874789471
Ag23Au25Cu23Pd18Pt19,1,1.441189169883728,3.093852400779724,-1.3872050642967224,0.38997524976730347,-0.8181301726939642
Ag23Au21Cu24Pd20Pt20,1,2.190691828727722,3.4286104440689087,-2.123539924621582,0.4649696350097654,-0.8183189492647495
Ag17Au20Cu23Pd25Pt23,1,2.175509512424469,2.449641764163971,-2.476815640926361,1.0823561549186707,-0.8185916776012567
Ag23Au18Cu24Pd29Pt14,1,2.387682259082794,3.88112610578537,-2.375196933746338,-0.003479480743408203,-0.8215838076851691
Ag20Au18Cu18Pd26Pt26,1,2.2763500809669495,3.376546084880829,-2.3137072920799255,0.4266473650932312,-0.8224339071175845
Ag19Au22Cu19Pd23Pt25,1,2.9331470131874084,3.625557839870453,-3.1831743717193604,0.26291346549987793,-0.8226208654371259
Ag22Au29Cu16Pd25Pt16,1,3.310922861099243,3.537682056427002,-3.4750187397003174,0.6549034118652344,-0.8303856474550108
Ag19Au15Cu30Pd21Pt23,1,1.807429015636444,2.50994485616684,-1.6182599067687993,1.3681516647338867,-0.8307211370923079
Ag24Au20Cu20Pd26Pt18,1,2.3844023942947388,3.383571743965149,-2.1919357776641846,0.7346482276916504,-0.8309257625744969
Ag22Au15Cu26Pd25Pt20,1,1.6879781484603882,2.792626976966858,-1.7368778586387634,0.6792404055595398,-0.8337638366060263
Ag23Au23Cu20Pd16Pt26,1,3.198439121246338,3.4375321865081787,-3.068026065826416,1.0447309017181396,-0.8363816829390255
Ag21Au18Cu26Pd19Pt24,1,1.286179542541504,2.0340322852134705,-0.9558601379394532,1.7422662377357483,-0.8385717426635094
Ag24Au22Cu17Pd21Pt24,1,0.9074740409851074,2.723634719848633,-0.7089384198188781,0.5746436715126036,-0.8445537410836212
Ag19Au24Cu24Pd27Pt14,1,1.4216366410255432,2.583638846874237,-1.2923491597175598,0.9351368546485899,-0.8455717712165159
Ag27Au24Cu23Pd21Pt13,1,2.064708650112152,3.0658803582191467,-2.150226354598999,0.48630285263061546,-0.8500741503530718
Ag17Au21Cu23Pd20Pt27,1,2.8471328616142273,3.5127771496772766,-2.7072830200195312,0.7192156314849851,-0.8503452276619066
Ag13Au20Cu29Pd29Pt17,1,1.9324089884757991,2.631618559360504,-1.973200261592865,0.9452213644981384,-0.8505818827640196
Ag22Au22Cu18Pd25Pt21,1,2.211028754711151,3.1975398659706116,-2.2467545866966248,0.47691625356674194,-0.852575581496286
Ag26Au22Cu24Pd21Pt15,1,1.5099942088127136,1.9607840180397031,-1.4206062555313108,1.5961109399795532,-0.8537042526479894
Ag23Au18Cu18Pd34Pt15,1,2.1948673129081726,3.3826923966407776,-2.1159508228302,0.39082837104797363,-0.8563346220765358
Ag15Au22Cu27Pd21Pt23,1,2.3053810596466064,3.329728603363037,-2.362924635410309,0.3307664990425109,-0.8597315934947694
Ag26Au19Cu19Pd30Pt14,1,1.8902490735054016,2.4416927695274353,-1.7268357872962952,1.3453477025032043,-0.8612305101067655
Ag19Au22Cu20Pd23Pt24,1,2.4495258927345276,2.8977708220481873,-2.543493926525116,0.827939450740814,-0.8648154767227173
Ag24Au24Cu20Pd26Pt14,1,1.7699332237243652,3.0370571613311768,-1.752793550491333,0.41989755630493164,-0.8652313618806722
Ag19Au20Cu27Pd24Pt18,1,1.550154983997345,2.6672515273094177,-1.5378787517547607,0.693488597869873,-0.866296289873514
Ag16Au14Cu22Pd30Pt26,1,1.879318505525589,3.3751451671123505,-1.773287057876587,0.19530725479125977,-0.8714321627366942
Ag22Au19Cu23Pd22Pt22,1,1.8690922856330872,2.49506014585495,-1.7678424715995789,1.1161896586418152,-0.8828184775566801
Ag16Au11Cu28Pd29Pt24,1,1.2657310366630554,1.5905213356018066,-0.8986874222755432,2.0896865129470825,-0.8861918211237045
Ag19Au30Cu18Pd21Pt20,1,2.235825479030609,3.5624681115150447,-2.274727344512939,-0.04830193519592285,-0.8876718125977523
Ag19Au23Cu14Pd22Pt30,1,1.7072831988334656,3.011479914188385,-1.4695117473602295,0.5672955513000488,-0.8970922245857423
Ag19Au25Cu18Pd25Pt21,1,1.980442225933075,2.6626389622688293,-1.9123404026031494,0.894166946411133,-0.8986306069054395
Ag23Au20Cu26Pd18Pt21,1,2.680482864379883,2.9782848358154297,-2.6366612911224365,0.8512625694274902,-0.9159929516725944
Ag25Au19Cu26Pd19Pt19,1,1.5687978267669678,2.1479971408843994,-1.4127114415168762,1.2440794110298157,-0.9236115504360818
Ag25Au16Cu18Pd32Pt17,1,2.0837114453315735,2.0384411215782166,-2.0829620957374573,1.3972883820533752,-0.942574933443055
Ag19Au22Cu18Pd20Pt29,1,2.7872795462608337,3.211332142353058,-2.8064520359039307,0.46227002143859863,-0.9464550580083045
Ag23Au24Cu22Pd18Pt21,1,2.027848541736603,2.4206342101097107,-1.9013943076133728,1.062384307384491,-0.9520674751604822
Ag17Au19Cu30Pd20Pt22,1,2.1904448866844177,2.631796181201935,-1.96070671081543,0.9889903068542483,-0.9684064846788308
Ag26Au17Cu25Pd17Pt23,1,2.3540844321250916,3.2676058411598206,-2.2897963523864746,0.15468978881835938,-0.9732724246820328
Ag21Au25Cu22Pd18Pt22,1,1.6393548250198364,2.0688306093215942,-0.9744558930397034,1.7884317040443425,-0.9814005208589383
Ag17Au23Cu21Pd23Pt24,1,1.9574119448661802,2.216098129749298,-1.769534170627594,1.2110217213630676,-0.9825455197190993
Ag21Au17Cu21Pd23Pt26,1,1.7682306766510012,2.399787187576294,-1.7250450253486633,0.6983874440193178,-0.9880976373676876
Ag20Au13Cu21Pd29Pt25,1,2.1938321590423584,2.6341540813446045,-2.059346616268158,0.772544801235199,-0.994491072067882
Ag33Au13Cu24Pd21Pt17,1,1.9332122504711151,2.5475015938282013,-1.776119887828827,0.7414504885673523,-0.9959828194783867
Ag12Au24Cu25Pd28Pt19,1,2.217256784439087,2.961979866027832,-2.065383017063141,0.41634684801101673,-1.0019791203582715
Ag19Au15Cu25Pd20Pt29,1,2.42673522233963,2.853553354740143,-2.3128459453582764,0.5905790328979492,-1.0070634700834549
Ag20Au22Cu24Pd16Pt26,1,2.2904945611953735,2.828513741493225,-2.107513725757599,0.5908036828041077,-1.0164658019368549
Ag16Au24Cu25Pd23Pt20,1,2.466118276119232,3.184193670749664,-2.194024801254272,0.38800740242004395,-1.021867472310809
Ag16Au21Cu21Pd30Pt20,1,1.893445611000061,3.6236647367477417,-1.5749871730804446,-0.3833315372467039,-1.025393460694279
Ag21Au25Cu19Pd26Pt17,1,3.0973762869834904,4.183368980884552,-2.953120708465576,-0.5402381420135498,-1.028467045509788
Ag20Au25Cu24Pd20Pt19,1,2.7868831753730774,4.076939046382904,-2.7204601764678955,-0.7002727389335631,-1.0292791669727575
Ag26Au22Cu17Pd20Pt23,1,2.4841931462287903,2.7692617774009705,-2.128178358078003,0.9331438541412354,-1.0297034230433446
Ag18Au23Cu24Pd22Pt21,1,2.5512236952781677,3.3318307995796204,-2.318908929824829,0.182234525680542,-1.0330075510123917
Ag15Au24Cu25Pd26Pt18,1,2.173169195652008,3.9021419882774353,-1.5891551971435547,-0.23266124725341797,-1.0337443782416544
Ag29Au20Cu27Pd16Pt16,1,1.7672927379608154,2.3820316791534424,-1.4710705280303955,0.8585894107818606,-1.0344678840933732
Ag28Au13Cu20Pd21Pt26,1,1.8356212675571442,2.0138951241970062,-1.564433515071869,1.2687854170799255,-1.0360395285705042
Ag26Au18Cu15Pd23Pt26,1,2.6346036791801453,2.9769161343574524,-2.3243913650512695,0.7009284496307371,-1.0381525504796112
Ag19Au14Cu36Pd23Pt16,1,2.138455033302307,2.44679057598114,-1.8476659655570984,0.9638027548789978,-1.0423270883461275
Ag19Au23Cu23Pd21Pt22,1,3.3083367347717285,3.4537954330444336,-3.1451566219329834,0.30899548530578613,-1.0562593839271233
Ag22Au18Cu19Pd32Pt17,1,2.1484506726264954,2.956610143184662,-1.6773927211761475,0.4796149730682371,-1.0821836883182439
Ag20Au24Cu24Pd21Pt19,1,2.23611170053482,2.471188724040985,-2.076978862285614,0.6772157549858093,-1.0830306368885743
Ag18Au18Cu26Pd21Pt25,1,2.0731070637702937,2.7454211115837097,-1.7736439704895022,0.4093773365020752,-1.094991912171124
Ag20Au18Cu28Pd17Pt25,1,2.1391854882240295,2.2785432934761047,-1.7956807017326355,0.9925209879875183,-1.102179250800884
Ag21Au22Cu16Pd20Pt29,1,1.9680000543594358,2.8979402780532837,-1.596726655960083,0.2335493564605715,-1.104541018138011
Ag30Au14Cu29Pd15Pt20,1,2.708757698535919,3.3785236477851868,-2.466615676879883,-0.07944130897521973,-1.1166707127604067
Ag21Au24Cu18Pd26Pt19,1,3.100356936454773,2.811143636703491,-2.8521902561187744,0.7470402717590332,-1.125916145304779
Ag18Au26Cu22Pd19Pt23,1,2.3075135350227356,2.558248221874237,-1.9467270970344543,0.7109604477882386,-1.1261929749051889
Ag22Au21Cu19Pd25Pt21,1,1.2370200157165527,3.3578832149505615,-0.4389915466308594,-0.2921016216278076,-1.1383786721295708
Ag25Au25Cu15Pd20Pt23,1,3.4991395473480225,2.9810285568237305,-3.364589214324951,0.569279670715332,-1.1466112080822803
Ag21Au26Cu19Pd24Pt18,1,2.928336799144745,3.0572682023048405,-2.4752476215362553,0.48740077018737793,-1.1641089361191361
Ag23Au21Cu26Pd22Pt16,1,2.11603045463562,2.6814050674438477,-1.7653596401214602,0.3099675178527834,-1.1642059555727422
Ag17Au27Cu23Pd24Pt17,1,2.5353042483329773,2.455761730670929,-2.102007567882538,0.799503743648529,-1.1920001145810744
Ag16Au27Cu18Pd25Pt22,1,3.0799630284309387,2.7002100348472595,-2.805754601955414,0.6352574229240417,-1.1942608219762485
Ag15Au21Cu31Pd23Pt18,1,2.2878121733665466,1.781276524066925,-1.8798125386238098,1.3572145104408264,-1.1963323509267347
Ag23Au27Cu22Pd12Pt24,1,1.901191473007202,3.539161443710327,-1.0686883926391602,-0.3788645267486572,-1.2213540642429468
Ag23Au17Cu15Pd28Pt25,1,2.824038803577423,2.7163934111595154,-2.3639325499534607,0.4005182981491089,-1.2747689946292042
Ag24Au22Cu24Pd19Pt19,1,3.0460317730903625,3.9002849459648132,-2.4112889766693115,-0.6004626750946045,-1.2837271469977867
Ag17Au22Cu24Pd16Pt29,1,2.3284478783607483,1.9944609999656677,-1.6272960305213928,0.9167452454566953,-1.354704239721705
Ag19Au22Cu20Pd26Pt21,1,2.737058937549591,2.2665008902549744,-2.0457799434661865,0.7954301834106445,-1.3659952851726997
Ag28Au14Cu21Pd20Pt25,1,1.9887700676918032,2.895398437976837,-1.2425134181976318,-0.36399364471435547,-1.3930892968719912
Ag24Au16Cu24Pd18Pt26,1,2.6743319630622864,2.362498700618744,-1.974681794643402,0.4784802794456482,-1.4155000032165084
Ag23Au23Cu26Pd25Pt11,1,2.5461437106132507,2.4591451287269592,-1.7269573211669922,0.41797852516174316,-1.4230737766391013
Ag30Au16Cu20Pd21Pt21,1,2.3676790595054626,2.3389833569526672,-1.2859973907470703,0.6473581790924072,-1.457167005971561
Ag22Au21Cu29Pd17Pt19,1,2.009900748729706,2.2294097542762756,-0.7769994735717773,0.11859583854675271,-1.6264885222889127
