composition_label,n_positions,D_act,D_coke,D_rem,D_CO2,z
Co29Ni21Pd21Rh16Ru21,8,1.4937262460589409,3.016238371531169,-1.6934377749760947,1.101818323135376,2.012108535189783
Co20Ni17Pd32Rh20Ru19,8,1.2776671908795834,2.669575701157252,-2.1440486113230386,0.7236476966312954,2.0098834109588704
Co17Ni23Pd19Rh24Ru25,8,1.5609839595854282,2.3362459341684976,-1.9010716279347737,2.0972272952397666,1.983159482477931
Co21Ni21Pd24Rh30Ru12,8,1.3440233431756496,2.2115548104047775,-1.84117990732193,2.050588505608695,1.9564240277250908
Co18Ni16Pd30Rh20Ru24,8,1.4315205216407776,2.2008903367178783,-1.9538846356528146,1.9590436816215515,1.9471867269974181
Co13Ni15Pd33Rh22Ru25,8,1.594753697514534,2.5772103468577066,-1.7891430457433064,1.4486892700195313,1.8845509431422691
Co18Ni21Pd24Rh22Ru23,8,1.4053038880228996,2.167030096054077,-1.8352165222167969,1.8429687023162842,1.859620911315486
Co19Ni22Pd22Rh21Ru24,8,1.6639193445444107,2.171747088432312,-1.8743037700653076,1.9315052032470703,1.813639482327042
Co13Ni22Pd19Rh25Ru29,8,1.3095080479979515,2.4070459604263306,-1.773645281791687,1.0656310490199499,1.7937670238323293
Co18Ni17Pd24Rh22Ru27,8,0.9282961562275887,2.432324503149305,-1.098897099494934,1.5519039233525593,1.7665059170374824
Co22Ni19Pd26Rh20Ru21,8,1.6016117706894875,2.6304468154907226,-1.6819000720977784,0.9300730625788372,1.7349356474721214
Co16Ni15Pd28Rh26Ru23,8,1.0095378421247005,1.9818420835903712,-1.504534329686846,1.7436975666454861,1.7339382470938594
Co19Ni20Pd27Rh22Ru20,8,1.417064219713211,2.3083748519420624,-1.5388131539026897,1.538235366344452,1.7246061797839778
Co22Ni20Pd25Rh20Ru21,8,1.6758683025836945,2.384528557459513,-1.6289783318837483,1.520747224489848,1.7100111614953146
Co20Ni23Pd23Rh28Ru14,8,1.6426941230893135,2.159976899623871,-1.763719916343689,1.6796814714159285,1.705375424023962
Co22Ni18Pd23Rh24Ru21,8,2.0761601254343987,2.4759698708852134,-2.109029006958008,1.0172587633132935,1.7019690558921234
Co14Ni27Pd27Rh23Ru17,8,1.5459816381335258,2.4039671421051025,-1.6783042430877684,1.1563897530237834,1.694432863001701
Co18Ni18Pd30Rh20Ru22,8,1.1394253596663475,2.248050570487976,-1.4551029602686565,1.2815615790230888,1.6884613850616832
Co20Ni17Pd25Rh24Ru22,8,1.483752302825451,2.195895254611969,-1.7113543351491292,1.4012954831123352,1.685634192850254
Co20Ni14Pd29Rh24Ru21,8,1.7150403708219528,2.7184352397918703,-1.5756110668182375,0.8699709971745808,1.6806763053837483
Co17Ni34Pd17Rh18Ru22,8,1.7963924258947372,2.39449679851532,-1.6967079639434814,1.4010625839233397,1.6738505802081443
Co29Ni18Pd26Rh17Ru18,8,1.5255135223269463,2.254664182662964,-1.6365482807159424,1.399288256963094,1.6686196070103743
Co18Ni14Pd28Rh21Ru27,8,1.5149919465184212,2.2442665576934813,-1.6164609909057617,1.4275717394692558,1.6653496943076478
Co23Ni22Pd26Rh20Ru17,8,1.426473319530487,2.1157380640506744,-1.6257856573377336,1.3983835379282632,1.6274001411575214
Co17Ni23Pd28Rh19Ru21,8,1.3017194792628288,2.4691967010498046,-1.5497205734252928,0.6244218746821085,1.622828746690715
Co14Ni23Pd25Rh23Ru23,8,1.398709487169981,2.272823065519333,-1.5108906030654907,1.2084340572357177,1.6194894944180895
Co18Ni21Pd27Rh19Ru23,8,1.5766982398927212,2.2375842928886414,-1.5129173823765345,1.5114554961522422,1.6177514457941604
Co21Ni21Pd24Rh24Ru18,8,1.4702184572815895,2.1363885005315146,-1.5900797367095947,1.4313520193099976,1.615948331366877
Co19Ni24Pd29Rh18Ru18,8,1.3051784075796604,2.09573347227914,-1.4169928630193074,1.5627110799153645,1.6095513833580501
Co20Ni21Pd24Rh17Ru26,8,2.1661113277077675,2.4564132349831715,-1.7937561784471785,1.3429737431662423,1.607734840137782
Co19Ni17Pd27Rh31Ru14,8,1.5170220993459225,2.1683205127716065,-1.5086623668670656,1.5188942977360316,1.603087403447244
Co15Ni24Pd21Rh23Ru25,8,1.262763872742653,1.9411332607269287,-1.3999199072519937,1.8178480466206868,1.6020290663147088
Co18Ni22Pd24Rh21Ru23,8,1.7046322673559189,2.258341073989868,-1.6871113777160645,1.1098118623097737,1.5603018839264688
Co20Ni14Pd23Rh30Ru21,8,1.6601300202310085,2.370727014541626,-1.4836068153381348,1.1479252576828003,1.5541114292046494
Co21Ni19Pd20Rh22Ru26,8,1.6583773642778397,2.2868679761886597,-1.5801670551300049,1.1085680723190308,1.54416098485472
Co20Ni24Pd27Rh23Ru14,8,1.9760522320866585,2.1913399696350098,-1.7753435373306274,1.3110995292663574,1.5229081044932253
Co19Ni29Pd16Rh19Ru25,8,2.282900158315897,2.8459921649524142,-1.729025959968567,0.43874168395996094,1.512730270171266
Co22Ni18Pd24Rh25Ru19,8,1.586345136165619,2.2544609546661376,-1.4349696636199951,1.1945327520370483,1.5113320296670247
Co16Ni29Pd26Rh16Ru21,8,1.6130699589848518,2.042366121496473,-1.4201189279556274,1.6229812304178872,1.4955176212193844
Co21Ni17Pd32Rh20Ru18,8,1.9709517024457455,2.4620232582092285,-1.5378627479076385,1.0446038586752755,1.4930677094186051
Co18Ni24Pd24Rh23Ru19,8,1.5954058766365051,2.194830298423767,-1.5101366937160492,1.1171155316489083,1.4913521898038087
Co15Ni21Pd20Rh26Ru26,8,2.1707164011895657,2.2724013328552246,-1.726131558418274,1.358859340349833,1.488915097102068
Co24Ni17Pd23Rh22Ru22,8,1.4183157570660114,2.1534962994711737,-1.3356167248317172,1.17656139532725,1.4702768926640863
Co18Ni21Pd31Rh17Ru21,8,1.8349759802222252,2.360773245493571,-1.59750231107076,0.8361908197402954,1.4619492173239055
Co13Ni28Pd27Rh22Ru18,8,1.4863721057772636,2.0736986796061196,-1.411950667699178,1.2649140357971191,1.4618243510634923
Co12Ni16Pd21Rh32Ru27,8,1.8037961944937706,2.409580639430455,-1.507753917149135,0.8396879037221273,1.4594330032380354
Co24Ni21Pd25Rh16Ru22,8,1.2840834110975266,2.1417994158608575,-1.2967852183750699,1.026958363396781,1.4559603916104493
Co18Ni17Pd24Rh26Ru23,8,1.8547810763120651,2.038735787073771,-1.7858455975850422,1.163101315498352,1.4550257741596366
Co21Ni18Pd27Rh22Ru20,8,1.7883058339357376,2.1402541995048523,-1.5670079390207927,1.2158969470432825,1.4478482086969255
Co14Ni26Pd24Rh17Ru27,8,1.6975730955600739,2.256466865539551,-1.423650860786438,1.0915555953979492,1.4446587075825936
Co12Ni27Pd24Rh23Ru22,8,1.6656024530529976,2.30651448170344,-1.4376392841339112,0.9085755007607595,1.4412570382499887
Co22Ni20Pd20Rh23Ru23,8,1.5775263831019402,1.8880693912506104,-1.410690704981486,1.682379620415824,1.440719918451735
Co15Ni23Pd23Rh21Ru26,8,1.5556335747241974,1.788177251815796,-1.3742679357528687,1.8911412239074705,1.4340119102450752
Co17Ni20Pd24Rh24Ru23,8,2.08539180085063,2.5507033552442278,-1.3365202347437541,1.0786799907684326,1.4214835102610126
Co16Ni19Pd21Rh20Ru32,8,1.3207239136099815,2.1236892541249595,-1.2376451889673867,1.0273378917149134,1.409385505373941
Co20Ni30Pd16Rh26Ru16,8,1.7474400699138641,2.2948569456736245,-1.245794455210368,1.2205259799957275,1.4030446633266191
Co20Ni14Pd20Rh27Ru27,8,1.798557199537754,2.1192252159118654,-1.5211212635040285,1.1700285434722901,1.4029103337288664
Co16Ni15Pd26Rh27Ru24,8,1.377650160342455,2.0664667189121246,-1.3359119594097137,0.9868544510432652,1.3935227347616435
Co14Ni16Pd20Rh34Ru24,8,1.5723975487053394,1.8942004953111922,-1.352808674176534,1.559840758641561,1.3904993713650093
Co15Ni16Pd27Rh33Ru17,8,1.3176182433962822,1.9487686157226562,-1.1296084721883137,1.4797139565149944,1.3883472216682093
Co20Ni19Pd25Rh19Ru25,8,1.4106518253684044,2.109831953048706,-1.116444444656372,1.28003648349217,1.3828864016229778
Co25Ni18Pd24Rh23Ru18,8,1.3868949636816978,2.1811528503894806,-1.3428688049316406,0.6734478076299032,1.3734471903150873
Co21Ni26Pd23Rh16Ru22,8,2.306744411587715,2.6008172988891602,-1.3485056400299071,1.0513018369674683,1.3705684382921908
Co17Ni18Pd26Rh19Ru28,8,1.7012654840946198,1.8055271625518798,-1.4975154399871826,1.5567044615745542,1.3637501573392077
Co11Ni21Pd23Rh27Ru26,8,1.7010637782514095,2.130079371588571,-1.3972302164350237,1.059874266386032,1.3609661038871617
Co17Ni22Pd25Rh33Ru11,8,1.5845753848552704,2.0645977088383267,-1.3682223388126917,1.0753262383597237,1.3587016629594113
Co12Ni27Pd22Rh26Ru21,8,1.8734445944428444,1.8394681044987269,-1.577321171760559,1.561585267384847,1.3582019050664786
Co16Ni19Pd30Rh23Ru20,8,1.3789303936064243,2.1962509155273438,-1.56917671362559,0.17093181610107422,1.3561721129934292
Co21Ni19Pd20Rh19Ru29,8,1.6689649149775505,2.3129806518554688,-1.1210142771402996,1.0975732505321503,1.3548106320115985
Co16Ni21Pd25Rh22Ru24,8,2.017728142440319,2.172080079714457,-1.4397194782892864,1.2899747788906097,1.3506207602494043
Co13Ni26Pd11Rh34Ru24,8,1.7240424193441868,2.4107982090541293,-1.537141970225743,0.23510956764221197,1.349964408341195
Co20Ni24Pd19Rh23Ru22,8,1.7535563632845879,1.9519200325012207,-1.2341814041137695,1.728599922997611,1.3495891279041845
Co20Ni19Pd22Rh22Ru25,8,1.6101556569337845,1.9784941332680839,-1.1692225592476981,1.5786020755767822,1.346291956785471
Co17Ni23Pd20Rh26Ru22,8,2.237234242260456,2.288272261619568,-1.7598761320114136,0.7788981993993124,1.3455747357809844
Co17Ni23Pd25Rh21Ru22,8,1.6125260218977928,1.6895496845245361,-1.393021047115326,1.767169611794608,1.3427811100437583
Co17Ni19Pd24Rh26Ru22,8,1.9284284971654415,2.1631762640816823,-1.6575423649379184,0.7589553083692278,1.3379752038501833
Co22Ni24Pd24Rh23Ru15,8,1.7002722695469856,2.0044157505035396,-1.3721039891242977,1.2323154608408609,1.330085682650767
Co19Ni21Pd21Rh22Ru25,8,1.8286670483648777,2.3903070092201233,-1.511861503124237,0.37959843873977656,1.3294310019743876
Co17Ni23Pd20Rh24Ru24,8,1.7721200361847878,1.987126737833023,-1.2729291021823883,1.5324825843175252,1.3290868709766446
Co12Ni19Pd29Rh18Ru30,8,1.2106321677565575,2.0673090389796664,-1.5524189472198486,0.12305173277854911,1.3290687501809364
Co22Ni21Pd27Rh14Ru24,8,2.3137632235884666,2.404073143005371,-1.471182870864868,1.0731995900472004,1.3273428231663151
Co22Ni20Pd25Rh26Ru15,8,1.3726935312151909,1.9887493678501673,-1.2575060299464635,0.9993476470311484,1.3257928313659768
Co21Ni19Pd22Rh20Ru26,8,1.7856841683387756,1.9933215890611922,-1.3881422451564245,1.2901886999607086,1.3169674679100651
Co18Ni20Pd32Rh18Ru20,8,1.7147428318858147,1.9949522018432617,-1.3776942729949953,1.2063857316970825,1.316453179646074
Co16Ni17Pd28Rh21Ru26,8,1.8963673263788223,2.1476755539576216,-1.481401522954305,0.9641433954238892,1.3164408363314695
Co18Ni15Pd21Rh23Ru31,8,1.5261700078845024,1.983654533113752,-1.187079588572184,1.286769946416219,1.3126041433910602
Co18Ni10Pd27Rh28Ru25,8,1.7483964040875435,2.0684099197387695,-1.526872158050537,0.8209862311681112,1.310459314497042
Co22Ni21Pd22Rh21Ru22,8,1.734555646777153,2.0079648971557615,-1.1917660236358643,1.480639968599592,1.3046753765755699
Co22Ni15Pd24Rh15Ru32,8,1.301854059100151,1.9479907512664794,-1.2477155685424803,0.9090703725814819,1.3026611317831112
Co18Ni29Pd20Rh19Ru22,8,1.8261875361204147,2.2384520258222307,-1.351966449192592,0.846711039543152,1.3012389434566858
Co22Ni21Pd27Rh17Ru21,8,2.0084940753877163,2.0820675690968833,-1.4991186459859211,1.1334521770477295,1.2952595200677108
Co15Ni17Pd26Rh25Ru25,8,1.6387613415718079,2.2187366485595703,-1.4290629625320435,0.4727361599604289,1.29484920832072
Co26Ni20Pd20Rh23Ru19,8,2.0450359731912613,2.3311686913172402,-1.2179683844248455,1.158712923526764,1.2940557651905633
Co17Ni18Pd22Rh26Ru25,8,1.8201912119984627,2.1552726924419403,-1.3050199449062347,1.0386122465133667,1.2889070971506231
Co13Ni29Pd23Rh26Ru17,8,2.1202498711645603,2.4300885796546936,-1.5251471996307373,0.4957463343938191,1.2857586702167374
Co22Ni22Pd24Rh19Ru21,8,1.872987661510706,2.4058476856776645,-1.222111088888986,0.7322272062301636,1.285698414507309
Co17Ni16Pd22Rh26Ru27,8,2.3405432924628258,2.02357546488444,-1.8088496526082356,1.1124372482299805,1.2814384479767482
Co25Ni23Pd20Rh23Ru17,8,1.768654577434063,1.9568682610988617,-1.3896986757005965,1.1713595390319824,1.2756976878692607
Co28Ni18Pd24Rh20Ru18,8,1.7264425233006477,2.0671390124729703,-1.194157464163644,1.2149242162704468,1.272426171995498
Co24Ni20Pd21Rh23Ru20,8,2.6679737083613873,2.483393669128418,-1.556849479675293,1.022595763206482,1.2721580304667475
Co24Ni25Pd14Rh21Ru24,8,2.008149452507496,2.1416120529174805,-1.31362779935201,1.219575047492981,1.2672824426429092
Co20Ni11Pd28Rh29Ru20,8,1.59603750705719,2.038545778819493,-1.3109016759055,0.8687595129013063,1.2662293224891599
Co15Ni24Pd13Rh35Ru21,8,1.6032336354255676,1.8506967425346375,-1.2381470998128254,1.3754570143563407,1.2637446944737714
Co21Ni20Pd25Rh27Ru15,8,1.3334387317299843,1.6004914402961732,-1.2000406742095948,1.573348840077718,1.26156030744668
Co18Ni23Pd26Rh23Ru18,8,1.7939526587724686,2.033896247545878,-1.1542090574900308,1.3878197193145752,1.258727019325499
Co21Ni19Pd23Rh28Ru17,8,1.7315339148044586,1.9887721538543701,-1.1835214751107352,1.3247770241328647,1.2540135789119067
Co21Ni18Pd25Rh25Ru19,8,1.648241750895977,1.983702023824056,-1.1454003651936848,1.276587792805263,1.2512696469216085
Co23Ni21Pd15Rh29Ru20,8,1.9288418963551521,1.9179373383522034,-1.4333527882893882,1.2546786240168981,1.2415689434244725
Co20Ni19Pd27Rh16Ru26,8,1.7635162100195885,2.1332788467407227,-1.3714733123779297,0.6989551385243734,1.24135849017093
Co19Ni16Pd25Rh24Ru24,8,1.814496785402298,1.942155162493388,-1.290843391418457,1.292587947845459,1.2406378109402656
Co23Ni24Pd20Rh25Ru16,8,1.8734725639224052,2.244627833366394,-1.1208618879318237,1.0411658883094788,1.237769898510746
Co20Ni20Pd23Rh21Ru24,8,1.6269847974181175,1.8253283898035686,-1.254393776257833,1.3123705046517509,1.2343824483671215
Co20Ni25Pd23Rh22Ru18,8,2.084743995219469,2.222473700841268,-1.6051800251007082,0.5199597563062396,1.2337271358354178
Co12Ni29Pd19Rh20Ru28,8,1.880007278174162,2.007536125183105,-1.2335442066192626,1.3199568475995744,1.233697990125868
Co22Ni17Pd17Rh23Ru29,8,1.8420762866735458,1.6698106016431535,-1.3135922749837239,1.8099050045013427,1.2323446334800776
Co18Ni26Pd21Rh26Ru17,8,1.9953421652317047,1.9411736488342286,-1.3730568408966064,1.3472163336617606,1.2279839450206345
Co23Ni16Pd19Rh25Ru25,8,2.2576828077435493,2.4279696146647134,-1.571020523707072,0.3679763873418172,1.2265142667714353
Co22Ni15Pd23Rh25Ru23,8,1.7054434418678284,1.7876754760742188,-1.4913846254348755,1.0464782238006591,1.224649754926679
Co16Ni23Pd24Rh21Ru24,8,1.5148765444755554,1.6355340878168743,-1.4305835564931233,1.1868873834609985,1.2211196939813904
Co18Ni18Pd21Rh30Ru21,8,1.540552631020546,1.6840598185857139,-1.1488160610198974,1.5976982797895158,1.2179933066657527
Co17Ni20Pd27Rh25Ru19,8,1.8021582141518593,1.84760696547372,-1.2391260067621868,1.4515836238861084,1.2145627269673631
Co18Ni20Pd26Rh21Ru23,8,2.1704821288585663,1.7937002976735432,-1.6622000535329182,1.3264670968055725,1.2135412768696896
Co17Ni18Pd23Rh27Ru23,8,2.0013565719127655,2.05665585398674,-1.25263050198555,1.2628390789031982,1.211582555121431
Co21Ni17Pd28Rh22Ru20,8,2.0594472400844097,2.2537044048309327,-1.3851721286773682,0.7023735046386719,1.2089891386867422
Co24Ni24Pd24Rh18Ru18,8,1.780148409307003,1.5581065654754638,-1.3495163122812903,1.7952838738759358,1.20886169733401
Co17Ni22Pd26Rh20Ru23,8,1.6935177892446518,1.9189119338989258,-1.2536199887593586,1.100168432508196,1.2061775947392508
Co20Ni14Pd24Rh24Ru26,8,2.0242702439427376,2.1733736651284357,-1.3740526948656355,0.7587932518550328,1.189712941146451
Co19Ni18Pd30Rh19Ru22,8,1.6902234479784966,2.1664413043430875,-1.044748067855835,0.8751398324966432,1.18658860644836
Co20Ni18Pd26Rh26Ru18,8,1.3175776302814484,1.7197463512420657,-1.1635059515635173,1.0638011864253454,1.1851504939892612
Co16Ni22Pd27Rh23Ru20,8,1.6237890720367432,1.9468956334250314,-1.205122675214495,0.9329398359571185,1.1815968653387912
Co16Ni27Pd15Rh19Ru31,8,2.300121132284403,2.0875428915023804,-1.3163326740264891,1.366806650161743,1.1795638943369327
Co21Ni25Pd18Rh21Ru23,8,1.7046423740684986,1.9454649857112338,-1.2723700659615653,0.9179962873458862,1.1787381477707057
Co21Ni16Pd20Rh21Ru30,8,1.7877507358789444,1.9472013711929321,-1.3397945761680603,0.9061312675476075,1.1775467277142817
Co21Ni22Pd25Rh21Ru19,8,1.6065348982810974,2.5836753845214844,-0.9523429870605469,0.034713223576545715,1.1767943798453968
Co19Ni12Pd29Rh25Ru23,8,1.8998764678835869,1.8314004421234131,-1.347604751586914,1.2587417193821497,1.1722646433864103
Co19Ni18Pd20Rh26Ru25,8,1.7866485118865967,2.144410411516825,-1.296590805053711,0.5358242307390485,1.1668491476164058
Co19Ni27Pd23Rh24Ru15,8,1.4794254004955292,1.6632426466260637,-1.0216148240225655,1.5443415244420369,1.1605627795963025
Co21Ni15Pd25Rh21Ru26,8,1.994403176009655,2.1124945481618247,-1.3500709136327107,0.7617940425872802,1.159709417967333
Co13Ni21Pd26Rh25Ru23,8,1.6772306449711323,1.7586458580834525,-1.1037518637520927,1.4723647832870483,1.1592295292406238
Co17Ni15Pd23Rh25Ru28,8,2.0194827914237976,2.1061511039733887,-1.3341532945632935,0.8289809908185687,1.1579039284051573
Co33Ni15Pd19Rh19Ru22,8,1.995706021785736,1.767867883046468,-1.604119062423706,1.0003025531768797,1.1538944572424232
Co21Ni20Pd27Rh15Ru25,8,2.1142717227339745,2.152074893315633,-1.2028201421101887,1.0730015754699707,1.1532846581323564
Co24Ni24Pd21Rh25Ru14,8,1.5667672529816628,2.040273802621024,-1.152254581451416,0.6426208972930908,1.1532547679507166
Co20Ni15Pd23Rh22Ru28,8,1.3366155326366425,1.677816104888916,-0.7239474654197692,1.8022499765668596,1.1524520961839995
Co27Ni18Pd21Rh26Ru16,8,1.8136812672019005,2.114313745498657,-1.050523281097412,0.9583498239517212,1.1419758463536145
Co17Ni28Pd19Rh22Ru22,8,3.0114255882799625,2.5614094734191895,-1.672741413116455,0.6012494904654366,1.1412059717811636
Co19Ni25Pd20Rh22Ru22,8,2.1357494443655014,2.259216206414359,-1.338948925336202,0.5984265463692802,1.14066206639459
Co18Ni24Pd24Rh16Ru26,8,2.33902083709836,2.5284043550491333,-1.091268539428711,0.7541543245315552,1.1400388175521436
Co24Ni17Pd32Rh19Ru16,8,2.0834507942199707,1.9845353960990906,-1.556962251663208,0.7040005683898926,1.1396964202061164
Co16Ni20Pd21Rh29Ru22,8,2.026448719203472,2.101383606592814,-1.2012524604797363,1.0009105546133858,1.1388879806028749
Co18Ni25Pd23Rh21Ru21,8,1.4183761328458786,2.075139331817627,-1.0974770545959474,0.3810456820896694,1.1325637401147408
Co13Ni23Pd24Rh26Ru22,8,2.5795890130102634,2.013436714808146,-1.7684174060821531,0.9175628934587751,1.1305529305745745
Co21Ni17Pd23Rh22Ru25,8,2.6157502494752407,2.1104387442270913,-1.7631415128707886,0.7676706314086915,1.1277509592454895
Co19Ni23Pd26Rh18Ru22,8,1.4724333807826042,1.9367369583674838,-1.1083040237426758,0.6800950765609741,1.1235129019147738
Co19Ni26Pd26Rh21Ru16,8,2.027200572192669,2.0897111892700195,-1.191198945045471,0.9569305419921873,1.117613336946721
Co18Ni24Pd28Rh21Ru17,8,1.9546702951192856,2.2772161960601807,-1.311891317367554,0.26556377410888665,1.1167206410818713
Co18Ni17Pd31Rh23Ru19,8,1.6349642053246498,1.7124808856419154,-1.0187722047170003,1.468742949622018,1.1130767687093952
Co21Ni22Pd22Rh26Ru17,8,1.695872113108635,1.9100728432337442,-0.9253828128178915,1.3099087476730347,1.1125585098455069
Co21Ni22Pd20Rh24Ru21,8,2.1522120907902718,2.4927934408187866,-1.2558157444000244,0.1740208864212037,1.1118711896988573
Co19Ni19Pd24Rh25Ru21,8,1.818696454167366,2.058998680114746,-1.0515332698822022,0.9531446933746339,1.1116871673449804
Co16Ni17Pd31Rh26Ru18,8,1.9824113622307777,1.8345709187643868,-1.4629433155059814,0.9193873746054513,1.1115052588177183
Co18Ni22Pd28Rh21Ru19,8,1.9807011783123016,2.1025162764957974,-1.1590327421824138,0.8901889664786203,1.109426702408286
Co24Ni22Pd26Rh21Ru15,8,1.9961936548352242,2.1453563570976257,-1.4722575843334198,0.27147191762924194,1.1065945377698623
Co21Ni26Pd24Rh18Ru19,8,1.7801107317209244,1.8018315315246582,-1.0920713901519776,1.318221131960551,1.1032170804416674
Co23Ni26Pd18Rh22Ru19,8,2.2921207286417484,2.2793696403503416,-1.2691094398498535,0.7310132185618083,1.1011429039328804
Co13Ni25Pd13Rh32Ru25,8,2.1341901272535324,2.136911153793335,-1.0736109188624792,1.1225876467568532,1.096035134315099
Co25Ni13Pd28Rh24Ru18,8,1.8918708190321922,2.1214513778686523,-1.1868354678153992,0.6207212924957275,1.094054736438061
Co25Ni22Pd27Rh14Ru20,8,2.029525026679039,2.1614356637001038,-1.1585881114006042,0.7582967877388,1.0897783798624607
Co21Ni16Pd31Rh19Ru21,8,1.7064549960196018,1.7592187821865082,-0.9026218950748444,1.5771934032440185,1.089673052137729
Co13Ni26Pd28Rh21Ru20,8,1.7887551113963127,1.8822544642857142,-1.1182068416050501,1.0471597399030412,1.0848171722487188
Co18Ni22Pd20Rh26Ru22,8,2.210969604551792,1.8344518343607585,-1.3450878461201985,1.3210957050323486,1.0835601753520285
Co15Ni27Pd20Rh25Ru21,8,1.9018641486763954,1.894251823425293,-1.1740722954273224,1.074677546819051,1.0834846968373315
Co18Ni30Pd22Rh23Ru15,8,2.353202361613512,2.6884219646453857,-1.3847250938415527,-0.30106909785951885,1.0800821254986122
Co19Ni19Pd27Rh17Ru26,8,1.7057374268770218,1.6977423599788122,-0.9556653499603271,1.56434383392334,1.078562325249092
Co27Ni17Pd13Rh26Ru25,8,1.9162872210144997,2.0123658180236816,-1.0435497760772705,1.0422015190124512,1.0740927117154626
Co19Ni21Pd21Rh23Ru24,8,1.7843257784843445,1.7732841968536377,-1.266272703806559,0.9442218542098997,1.0694592809329346
Co25Ni19Pd23Rh22Ru19,8,2.1682752557098866,2.156059304873149,-1.355081876118978,0.5231892381395612,1.0662770406259212
Co19Ni31Pd18Rh21Ru19,8,2.056105673313141,2.0280694166819253,-1.0600775480270386,1.1228277683258054,1.0619618914546582
Co26Ni20Pd17Rh30Ru15,8,2.1147072166204453,1.9664752880732217,-1.3101643721262615,0.8933989604314168,1.0615030221302804
Co19Ni13Pd23Rh28Ru25,8,1.9204928874969482,2.1604867577552795,-1.5318255424499512,-0.16099894046783458,1.058179822305212
Co19Ni24Pd20Rh27Ru18,8,1.5741422027349472,1.8151602268218994,-1.143741750717163,0.7392694950103759,1.0581051634902876
Co22Ni19Pd22Rh16Ru29,8,2.0544211864471436,2.085026184717814,-1.3366222381591797,0.5034890174865723,1.0561598339112974
Co16Ni23Pd24Rh16Ru29,8,1.9895544983446598,2.0423240264256797,-1.164413571357727,0.7620898314884731,1.0468908507050387
Co23Ni23Pd20Rh22Ru20,8,1.9152093268930912,1.9760993123054504,-0.9637530446052551,1.130049228668213,1.0438844766584978
Co19Ni19Pd27Rh23Ru20,8,2.240250028669834,1.8917502164840698,-1.24033784866333,1.2627514203389485,1.0432839519244463
Co15Ni22Pd22Rh25Ru24,8,1.897694043815136,1.7734576974596297,-1.1099699565342493,1.2591016973767961,1.0424922058385118
Co11Ni25Pd23Rh20Ru29,8,2.381745144724846,1.863039255142212,-1.7693069662366596,0.5859285593032838,1.0400176990738945
Co22Ni15Pd24Rh16Ru31,8,1.637559287250042,1.6047732035319011,-1.1704326629638673,1.1328201975141254,1.0399357814621901
Co24Ni24Pd21Rh19Ru20,8,2.184083178639412,1.905957043170929,-1.3059885501861572,1.024844725926717,1.038532400912139
Co17Ni24Pd17Rh27Ru23,8,1.992637686431408,1.9782118797302246,-1.2805304050445558,0.6587482690811157,1.037759872189454
Co17Ni23Pd28Rh20Ru20,8,2.2196556478738785,1.9346243739128113,-1.1568791071573894,1.262494444847107,1.0359924870955843
Co25Ni17Pd25Rh16Ru25,8,1.8218895681202412,1.9662423531214395,-1.0261884530385335,0.8710605416979109,1.0329656894001873
Co21Ni21Pd21Rh21Ru24,8,1.813003659248352,1.6220098733901978,-1.218045949935913,1.2179616292317708,1.0309958094447478
Co14Ni20Pd24Rh26Ru24,8,2.0556916184723377,1.967658370733261,-1.0878820717334747,1.0700738906860352,1.0306364039764127
Co12Ni24Pd20Rh27Ru25,8,2.5011872686445713,1.8686190605163575,-1.4622109413146973,1.224308626992362,1.0292599108337988
Co21Ni11Pd31Rh26Ru19,8,1.973954115062952,1.8630817830562592,-1.2459519250052316,0.8861307757241386,1.0277200977867813
Co16Ni17Pd28Rh26Ru21,8,1.4808915108442307,1.5045888026555378,-0.9527151584625244,1.4466113703591483,1.02688937751759
Co19Ni17Pd19Rh29Ru24,8,1.5818205922842026,1.6258254945278168,-0.9056616425514221,1.4008566652025496,1.0223648332214492
Co17Ni24Pd26Rh22Ru19,8,2.255763992667198,2.116811434427897,-1.2050209840138753,0.8012814521789551,1.02180770487677
Co24Ni15Pd25Rh24Ru20,8,1.9280741959810257,2.11015248298645,-1.1633676886558533,0.4379943779536656,1.0210227891355892
Co17Ni21Pd27Rh17Ru26,8,1.9621763154864311,1.913529634475708,-1.0653764009475708,1.0422948837280273,1.018436499198939
Co21Ni27Pd22Rh23Ru15,8,2.060259271413088,1.9018553892771402,-1.1359527905782063,1.0596356868743895,1.0140501979863759
Co24Ni21Pd17Rh30Ru16,8,1.9812138974666595,2.083773056666056,-0.9637796084086099,0.8785827159881591,1.0135615826951476
Co21Ni28Pd18Rh21Ru20,8,2.4947215616703033,2.0243775844573975,-1.3899704456329345,0.9497096141179402,1.0108243544260853
Co18Ni14Pd21Rh28Ru27,8,1.8077403381466866,1.470233964920044,-0.9987535953521729,1.807643345424107,1.0086993371107533
Co25Ni20Pd21Rh18Ru24,8,2.191252276301384,1.833064397176107,-1.079498887062073,1.4530349458966936,1.008633287913732
Co22Ni18Pd25Rh20Ru23,8,2.1207254491746426,1.9548913836479187,-1.2516637742519379,0.8024169376918248,1.0061852215531422
Co16Ni20Pd24Rh32Ru16,8,1.2545430362224579,1.5581042766571045,-1.0164084831873577,0.8269607680184501,1.003863530905853
Co20Ni23Pd25Rh20Ru20,8,1.6794930025935173,1.9346937792641776,-1.1658127307891846,0.38144946098327637,1.0036345696066056
Co18Ni22Pd30Rh18Ru20,8,2.208427272737026,2.045528936386108,-1.4922611713409426,0.31132945418357855,1.0035752511103182
Co20Ni18Pd21Rh24Ru25,8,2.7334910295903683,1.798856544494629,-1.530286931991577,1.4276330471038818,0.9955214667403391
Co21Ni21Pd28Rh18Ru20,8,1.5864072740077972,1.75495445728302,-1.3157233595848083,0.32709315844944536,0.9953752778532601
Co15Ni25Pd22Rh24Ru22,8,1.6941972002387047,1.7795690298080444,-0.9939918915430704,0.9771915376186371,0.9947263996168739
Co22Ni13Pd22Rh21Ru30,8,1.8057821318507195,1.8287454843521118,-1.0817345142364503,0.8630571365356444,0.9911612046825133
Co18Ni18Pd24Rh29Ru19,8,1.7468764409422874,1.8026162385940552,-1.1916642785072327,0.6412868499755859,0.9900034117433603
Co20Ni20Pd25Rh23Ru20,8,2.211816869676113,2.012934237718582,-1.083284854888916,1.0313479602336884,0.9893304306448653
Co14Ni22Pd28Rh26Ru18,8,1.9198079630732536,1.7606425881385803,-1.406283974647522,0.5872165134974888,0.9891482945807821
Co16Ni21Pd26Rh19Ru26,8,2.016788747161627,2.059876728057861,-1.3668292164802551,0.17115801572799677,0.986951876772875
Co22Ni19Pd20Rh25Ru22,8,1.736716240644455,1.9278242190678914,-0.9149739742279053,0.8080706596374512,0.9792381365521692
Co19Ni22Pd18Rh31Ru18,8,2.2807940542697906,1.97693665822347,-1.3320678075154622,0.7242630958557129,0.9784711262325945
Co23Ni18Pd23Rh28Ru16,8,1.8380117118358612,1.9117379188537598,-1.0149281819661458,0.7990510463714601,0.97759440662549
Co24Ni19Pd27Rh20Ru18,8,1.7438016086816788,1.7956830660502117,-0.7874277432759603,1.2954108238220214,0.976540933174747
Co25Ni14Pd28Rh16Ru25,8,2.072636127471924,1.87343168258667,-1.3553181886672974,0.5929763317108154,0.9740027186787601
Co21Ni20Pd32Rh21Ru14,8,2.1109791472554207,2.158976286649704,-1.0643567442893982,0.5605018138885498,0.9720114114345587
Co19Ni24Pd25Rh18Ru22,8,2.01973307877779,1.7419788440068562,-1.308740997314453,0.8574075698852539,0.9713092830586818
Co24Ni20Pd22Rh17Ru25,8,2.4175856970250607,1.8988786697387696,-1.24038724899292,1.1840647459030151,0.9678197246399198
Co18Ni20Pd22Rh24Ru24,8,1.366995669901371,1.4052923917770388,-0.8369859457015992,1.4451625347137451,0.9655616916087333
Co11Ni28Pd19Rh19Ru31,8,2.185163863003254,1.8210533459981282,-1.1803741057713826,1.1197606921195984,0.9653722981865617
Co21Ni17Pd24Rh24Ru22,8,2.1718861795961857,1.8615012168884277,-1.3058689832687378,0.7998706102371217,0.9646700670273909
Co18Ni20Pd17Rh23Ru30,8,2.077815644443035,2.0454436937967935,-1.153197964032491,0.5539270043373108,0.9625399244013136
Co27Ni18Pd25Rh19Ru19,8,2.1635494083166122,2.1374216079711914,-1.1684528986612954,0.4545554518699645,0.9618139352811121
Co24Ni17Pd19Rh32Ru16,8,1.705779068171978,1.9286864280700684,-1.053877830505371,0.4159797191619873,0.9524965220129427
Co17Ni31Pd24Rh16Ru20,8,2.2997393757104874,2.1967212677001955,-1.4979977130889892,-0.1094518502553304,0.947162597725807
Co22Ni22Pd25Rh14Ru25,8,2.072065733373165,1.779768705368042,-1.1662822961807253,0.988286018371582,0.9441605998768268
Co17Ni24Pd20Rh26Ru21,8,2.468086663633585,2.175911521911621,-1.4469486713409425,0.20980258782704678,0.9372395462590402
Co22Ni20Pd15Rh25Ru26,8,2.084761545062065,1.8462810856955392,-1.407707895551409,0.4095768928527832,0.9333565898278331
Co20Ni27Pd17Rh19Ru25,8,1.8493180349469185,1.8355847199757893,-1.052310903867086,0.7230840325355532,0.9327866838006127
Co16Ni20Pd31Rh21Ru20,8,1.9257695749402046,1.5515828473227364,-1.3253885677882602,0.9304483731587728,0.9325538516206033
Co22Ni22Pd20Rh23Ru21,8,2.3951455876231194,1.8281829357147217,-1.4935522079467773,0.7139336722237722,0.9318535821759737
Co17Ni29Pd16Rh29Ru17,8,1.7521536871790886,1.6050695180892944,-1.1780450344085693,0.8360026359558106,0.9314466094367858
Co20Ni20Pd21Rh19Ru28,8,2.1276618763804436,1.7659947872161865,-1.1186708450317382,1.1196233828862507,0.9306857708932601
Co18Ni15Pd25Rh24Ru26,8,2.0996017046272755,1.89940345287323,-1.1200932264328003,0.7952790941510881,0.9274737161144075
Co18Ni29Pd19Rh15Ru27,8,1.9641161561012268,2.171909511089325,-1.0695823431015015,0.1422896385192871,0.9267223327939467
Co24Ni16Pd18Rh36Ru14,8,1.6939462050795555,1.762109100818634,-0.9153794050216675,0.8492207527160645,0.9208324374764987
Co22Ni13Pd28Rh24Ru21,8,2.092475801706314,1.9589197039604187,-1.0031383037567139,0.8295523325602213,0.9182272846725722
Co24Ni18Pd25Rh21Ru20,8,2.560654543340206,2.7424161434173584,-1.8172318935394287,-1.5335678656895955,0.9175623436248347
Co21Ni17Pd25Rh24Ru21,8,2.0058364644646645,1.9699014254978724,-1.0560108593532016,0.5936397711435953,0.9171346262579076
Co15Ni26Pd27Rh19Ru21,8,2.2639421969652176,1.9896734952926636,-1.0818584362665813,0.8545453151067098,0.915827500170994
Co24Ni15Pd22Rh28Ru19,8,2.2445198222994804,1.7662462506975447,-1.2478224209376745,0.981709909439087,0.912619845507191
Co16Ni18Pd26Rh28Ru20,8,1.4683057144284248,1.3138773441314697,-0.8753774642944335,1.4872222287314278,0.9124494695651033
Co18Ni19Pd24Rh22Ru25,8,1.8111731857061386,2.003379166126251,-1.0190932750701904,0.28827762603759766,0.9081087239894703
Co25Ni17Pd26Rh19Ru21,8,2.119984406977892,1.8131726185480754,-1.0299234787623088,1.0632914066314696,0.9050905709323779
Co17Ni30Pd23Rh24Ru14,8,1.7146750129759312,1.7608709335327146,-0.9668034315109251,0.7229938847678048,0.9040125391423806
Co21Ni26Pd29Rh18Ru14,8,2.384269170463085,2.1028786301612854,-1.237039864063263,0.46977189608982634,0.903356931501196
Co18Ni25Pd17Rh27Ru21,8,2.0553247556090355,1.9011622428894042,-1.162679100036621,0.5473134994506836,0.9001402432552892
Co13Ni25Pd21Rh25Ru24,8,1.8511719107627869,1.603566328684489,-0.9141755104064941,1.279559578214373,0.8943117910397185
Co24Ni18Pd19Rh22Ru25,8,2.1002147048711777,1.8804335991541545,-1.1846426963806151,0.5861626863479614,0.8936394829671653
Co16Ni16Pd32Rh20Ru24,8,2.0854848995804787,2.047913908958435,-1.0530795653661094,0.4506521701812744,0.8928973195663007
Co20Ni20Pd28Rh18Ru22,8,2.3136773109436035,2.0674014687538147,-1.4077773690223694,0.10698876380920423,0.8925616014589998
Co25Ni20Pd24Rh13Ru26,8,2.1338407173752785,2.059157967567444,-1.0448698997497559,0.5048886026654924,0.8921820412436074
Co16Ni20Pd20Rh28Ru24,8,2.047602467238903,1.94508695602417,-1.0962038040161133,0.5250336170196535,0.8908612230632712
Co28Ni21Pd22Rh22Ru15,8,2.27273503318429,2.0209699471791587,-1.2130347887674968,0.4716135660807293,0.8899599846851656
Co20Ni22Pd27Rh24Ru15,8,2.0609881468117237,1.9061059474945068,-1.1903469562530518,0.45498695224523544,0.889715495730824
Co26Ni18Pd18Rh26Ru20,8,1.866766482591629,1.8710209131240843,-0.8395196994145709,0.8622139522007533,0.8881737203702034
Co17Ni23Pd19Rh23Ru26,8,2.1994519867002964,1.8889307975769043,-1.1693457126617433,0.7024320108549935,0.8867483807681167
Co27Ni18Pd27Rh23Ru13,8,1.6910068839788437,1.8732832499912808,-1.0962266921997073,0.1665208563208581,0.8861005640092778
Co20Ni14Pd22Rh29Ru23,8,2.302075169980526,2.0528488953908286,-1.2374480565388999,0.38711584607760113,0.885632582039741
Co26Ni20Pd21Rh22Ru19,8,2.1944402791559696,1.6680586338043213,-1.381055514017741,0.7723357200622558,0.8853689941411456
Co16Ni29Pd20Rh20Ru23,8,2.518308646976948,1.9883386492729187,-1.4910297734396798,0.37074536085128795,0.8848820362168779
Co13Ni18Pd29Rh26Ru22,8,2.027188614010811,1.906381940841675,-1.1906661510467529,0.3874598230634416,0.8846600419237587
Co26Ni17Pd23Rh24Ru18,8,2.09591967985034,2.552469789981842,-1.4829046130180359,-1.3445029258728027,0.8823921725694142
Co17Ni21Pd28Rh20Ru22,8,2.0800348930060863,2.0333675997597833,-1.3841538429260254,-0.1488735973834991,0.8806881504357768
Co19Ni24Pd19Rh27Ru19,8,2.0949375107884407,1.5985450744628906,-1.4820818901062007,0.5625845193862914,0.8752618971264202
Co19Ni23Pd25Rh25Ru16,8,2.164459876716137,1.7364823023478189,-1.0773990948994954,1.0738673210144043,0.874568241943906
Co20Ni14Pd25Rh29Ru20,8,2.0785193480551243,1.7969544955662318,-0.974155068397522,1.01136691229684,0.8742313238769317
Co18Ni19Pd23Rh27Ru21,8,2.304001372307539,1.6577123403549194,-1.3931912779808044,0.8760293126106262,0.8741671542412206
Co18Ni16Pd20Rh22Ru32,8,2.368603214621544,1.7703652381896973,-1.4675578594207765,0.604818117618561,0.8736945225154414
Co21Ni23Pd27Rh18Ru19,8,2.034320667386055,1.9803496201833088,-1.0410673220952351,0.45815174920218327,0.8729253002088132
Co19Ni17Pd24Rh21Ru27,8,1.500084511935711,1.6658771832784016,-0.8652549187342325,0.6639729738235473,0.8705189542111149
Co17Ni22Pd22Rh28Ru19,8,2.492465529590845,1.8582810333796909,-1.0692706448691232,1.2648664474487306,0.8691479240530413
Co20Ni23Pd16Rh25Ru24,8,2.1820187717676163,1.9897795200347899,-0.9922846794128417,0.7079962889353434,0.8689235674537781
Co12Ni15Pd28Rh27Ru26,8,2.149625349789858,1.7679561773935955,-1.0190927982330322,1.0638496194567,0.8679555161602541
Co18Ni20Pd25Rh20Ru25,8,2.1121959313750267,1.6327461004257202,-1.0785144567489624,1.181448016847883,0.8671685385977712
Co18Ni18Pd23Rh31Ru18,8,1.5036168321967125,1.4308924078941345,-0.8114914894104003,1.214197540283203,0.8644944909316687
Co20Ni12Pd25Rh26Ru25,8,1.5748433768749237,1.54904522895813,-0.7535367965698242,1.17080819606781,0.8643345662286884
Co19Ni14Pd26Rh23Ru26,8,2.0272685885429382,2.250730355580648,-1.045874834060669,-0.1550159454345703,0.8614134751802244
Co15Ni22Pd20Rh30Ru21,8,1.9166280440986156,1.8858963762010847,-1.1235037531171528,0.29372477531433105,0.8596832213323761
Co20Ni27Pd13Rh19Ru29,8,2.169006921350956,1.6927706599235535,-0.8084541559219358,1.5713745752970378,0.859183950470382
Co23Ni28Pd23Rh17Ru17,8,2.1890016198158264,1.7243748307228088,-1.343888759613037,0.6028668539864677,0.8576770139060131
Co22Ni28Pd21Rh19Ru18,8,2.099685251712799,1.6131243308385212,-0.9153396288553873,1.4325769742329915,0.8538908238951992
Co14Ni25Pd19Rh23Ru27,8,2.0977760143578053,1.911821444829305,-0.8498755931854248,0.9290845053536552,0.8519415335338751
Co19Ni20Pd26Rh20Ru23,8,2.919796619564295,2.325182239214579,-1.4344631036122641,0.1946500778198242,0.8511974860562226
Co17Ni16Pd24Rh29Ru22,8,1.839205276221037,1.6025027434031167,-0.79647692044576,1.2901753357478551,0.8501383044042017
Co13Ni21Pd23Rh25Ru26,8,2.628103382885456,2.2866782347361245,-1.2702349026997883,0.1523745854695638,0.849318135699447
Co24Ni29Pd24Rh19Ru12,8,1.7891699522733688,1.8432130018870037,-0.7979911168416343,0.7262404918670655,0.8489542368838915
Co27Ni20Pd22Rh26Ru13,8,1.6870044469833374,1.9383851051330565,-0.8342215538024902,0.3234173059463501,0.846944510044751
Co16Ni23Pd18Rh21Ru30,8,1.9576290920376778,1.6482930183410645,-0.9305814901987711,1.1103121439615886,0.8461363698429623
Co24Ni19Pd22Rh22Ru21,8,1.9837460294365883,1.701570885522025,-1.1179192860921223,0.7069905598958334,0.8444267549457893
Co21Ni21Pd19Rh22Ru25,8,1.80865066498518,2.0739967226982117,-1.0210748314857483,-0.12428053220113118,0.8432478700588134
Co21Ni22Pd22Rh21Ru22,8,2.1979670226573944,1.567472219467163,-1.2761982282002766,0.989173412322998,0.8425257579087663
Co22Ni18Pd25Rh23Ru20,8,2.2610098272562027,2.0104767322540282,-1.3151925563812257,0.09804064886910581,0.8399418093480641
Co14Ni28Pd22Rh21Ru23,8,2.1805563420057297,1.7534241676330569,-1.029779979160854,1.0017522970835369,0.8394848584585437
Co15Ni22Pd23Rh30Ru18,8,1.8824738413095474,1.5844625064304896,-1.031327145440238,0.9291420578956604,0.8376406868371109
Co20Ni24Pd18Rh25Ru21,8,2.264601543545723,1.6137629747390747,-1.0007430712382,1.4405214309692382,0.8372274150245514
Co23Ni13Pd33Rh21Ru18,8,1.8212291896343231,1.3666250705718994,-1.015054702758789,1.3121913433074952,0.836686718056322
Co21Ni20Pd24Rh25Ru18,8,2.267633371055126,2.166084718704224,-1.3883312225341797,-0.3497338096300761,0.8363370679595278
Co15Ni20Pd21Rh28Ru24,8,1.6376433968544006,1.6522369044167655,-0.864192179271153,0.7302800927843367,0.8333728626562025
Co22Ni16Pd23Rh26Ru21,8,2.053307209163904,1.5164049352918354,-0.9876185144696917,1.3573240041732788,0.8332427328761902
Co22Ni24Pd29Rh16Ru17,8,2.1574567444622517,1.9889131546020509,-0.8335703372955322,0.8054805994033812,0.8330318186000478
Co14Ni24Pd19Rh25Ru26,8,2.179522927850485,2.0662366449832916,-0.7786880135536194,0.7722417116165162,0.8327374928451262
Co26Ni20Pd25Rh25Ru12,8,1.7747002393007278,1.7259118556976318,-0.7795248985290527,0.9024295125688825,0.830638467737739
Co17Ni30Pd27Rh16Ru18,8,2.17662950232625,1.4712284564971922,-0.9724077701568603,1.6265844617571148,0.8291855673679187
Co23Ni18Pd17Rh25Ru25,8,2.3460004031658173,2.1031506061553955,-1.0082416534423828,0.5004746913909912,0.8261928598164023
Co22Ni21Pd17Rh21Ru27,8,2.598939187824726,2.164207061131795,-1.1354409058888753,0.500361442565918,0.8261138308893363
Co28Ni17Pd26Rh20Ru17,8,2.245254948735237,2.168264865875244,-1.1605329513549805,-0.035001754760741965,0.8254244763943737
Co21Ni21Pd23Rh28Ru15,8,1.2008243054151535,1.607978139604841,-0.9429633617401124,0.056142057691301685,0.8250228737832377
Co21Ni25Pd26Rh25Ru11,8,2.1049084439873695,1.5619834065437317,-0.8629726767539979,1.5167670845985413,0.824918269048631
Co22Ni20Pd26Rh18Ru22,8,1.9789411276578903,1.8510634899139404,-0.9704486529032392,0.5690411329269413,0.8239258587288907
Co19Ni15Pd31Rh25Ru18,8,1.5948981270194054,1.4919133981068928,-0.9221844673156738,0.8473384082317352,0.8210309355258072
Co20Ni21Pd24Rh24Ru19,8,2.3466409519314766,1.940407951672872,-1.1813362042109172,0.5002135833104452,0.8182308045827233
Co19Ni23Pd28Rh22Ru16,8,2.424020618200302,2.3547114531199136,-1.2731215159098308,-0.39946370124816893,0.8168730577826131
Co18Ni23Pd23Rh22Ru22,8,2.900849334895611,2.5074195861816406,-1.84292471408844,-1.0530024290084838,0.8150926996266746
Co22Ni21Pd22Rh23Ru20,8,1.976958692073822,1.7117531895637512,-1.121463656425476,0.5435763597488403,0.8129363913526687
Co20Ni24Pd17Rh22Ru25,8,1.9307405203580856,1.5749072551727294,-1.0871778011322022,0.8090445200602215,0.8107982899969415
Co27Ni13Pd27Rh24Ru17,8,2.0487208887934685,1.760295820236206,-1.3199536323547363,0.18928141593933123,0.8103914749269271
Co15Ni26Pd24Rh23Ru20,8,2.3191733807325363,1.6891022682189942,-1.0792475700378419,1.1098240216573079,0.8084723604079715
Co21Ni30Pd19Rh19Ru19,8,1.9968603402376175,2.175335168838501,-1.230397383371989,-0.5825444062550861,0.8069718595510902
Co12Ni23Pd29Rh30Ru14,8,1.6040181629359722,1.7094947695732117,-0.8656081131526402,0.4368388993399484,0.8014680479395407
Co18Ni25Pd26Rh19Ru20,8,2.1979661658406258,1.8149635314941406,-1.2030520915985106,0.4470702012379964,0.8014223194907253
Co23Ni18Pd25Rh15Ru27,8,1.7664442509412766,1.7291650374730425,-1.1215157508850095,0.15981830869402205,0.797596414193233
Co16Ni24Pd22Rh21Ru25,8,1.8255017027258873,1.7226083676020305,-0.8722817103068033,0.6760799407958984,0.7955839998141251
Co22Ni26Pd26Rh16Ru18,8,1.7644877433776855,1.877446140561785,-0.7918833323887415,0.4154901901880899,0.7950002540584384
Co18Ni19Pd27Rh25Ru19,8,2.133839398622513,2.0968424677848816,-1.0353536307811737,0.030711740255355835,0.7898096542727256
Co15Ni39Pd18Rh20Ru16,8,2.1224631555378437,1.8167449406215121,-1.1601958274841309,0.3663892348607381,0.7894423812542501
Co15Ni21Pd25Rh21Ru26,8,2.166555281728506,1.7607275417872836,-1.024275847843715,0.7732503073556083,0.7890203405714098
Co23Ni19Pd28Rh19Ru19,8,1.9421623572707176,1.6064011255900064,-1.0412443081537883,0.7456087112426758,0.7874515699865655
Co20Ni19Pd25Rh25Ru19,8,2.5120523646473885,2.184798526763916,-0.882064151763916,0.6200214454105921,0.7869734054149086
Co24Ni14Pd25Rh20Ru25,8,2.064865067601204,2.136177659034729,-0.8088760375976562,0.2355753481388092,0.7866043459986616
Co20Ni13Pd29Rh19Ru27,8,1.9901884570717812,1.8280097007751466,-0.9970638275146484,0.43206536769866943,0.7860932018422881
Co17Ni19Pd24Rh24Ru24,8,1.885985128581524,1.8519199689229329,-1.0571374893188477,0.13560997247695922,0.785501190803701
Co22Ni25Pd18Rh17Ru26,8,2.388779327273369,1.7668523447854179,-1.1194858153661091,0.88417649269104,0.7854907890147643
Co23Ni21Pd20Rh23Ru21,8,1.795101586729288,2.174258300236293,-0.6153989178793771,0.1134400963783263,0.7835336386321543
Co17Ni16Pd34Rh24Ru17,8,2.160878963768482,1.6440497125898088,-1.2590929440089635,0.5668859481811523,0.781713884428681
Co17Ni26Pd21Rh27Ru17,8,1.5735650286078453,1.6968148946762085,-1.014206886291504,0.08106593290964763,0.7808901058729674
Co22Ni21Pd27Rh20Ru18,8,2.0915025919675827,1.8353992104530334,-1.0060838460922241,0.5089672803878786,0.7786065927545376
Co18Ni17Pd17Rh31Ru25,8,1.9111101925373077,1.7772026062011719,-0.6220628619194031,1.039716362953186,0.777173852509454
Co13Ni15Pd29Rh27Ru24,8,3.1040412187576294,2.121663530667623,-1.4963292280832927,0.4506084124247233,0.7768751121496731
Co23Ni20Pd14Rh29Ru22,8,2.242168612778187,1.9311013221740723,-1.2362263997395833,0.11445249319076538,0.7767767163374452
Co25Ni26Pd28Rh17Ru12,8,2.1592243760824203,1.8210689067840575,-1.0813214302062988,0.48519887242998394,0.7749235376488419
Co18Ni25Pd23Rh19Ru23,8,2.3282903134822845,1.9683850407600403,-1.267701804637909,0.0867190957069397,0.7731223085666433
Co18Ni25Pd20Rh25Ru20,8,2.414305731654167,1.9007583618164063,-0.9028225898742676,0.9696809053421019,0.7726480098872819
Co22Ni23Pd16Rh19Ru28,8,2.688936907798052,2.2752224922180178,-1.1458204269409178,0.15619454383850098,0.7709109013775631
Co24Ni29Pd20Rh17Ru18,8,1.8945060819387436,1.6789396830967493,-0.8627785273960659,0.7667020048413958,0.7688233078459688
Co22Ni18Pd18Rh31Ru19,8,2.145075500011444,1.9331940412521362,-1.2264384627342224,-0.04186132975987026,0.7676432738568287
Co26Ni17Pd17Rh27Ru21,8,2.6358255818486214,2.164083909988403,-1.4359530925750732,-0.2079052527745564,0.7669714711610436
Co26Ni15Pd21Rh22Ru24,8,1.9430422186851501,1.8994572758674624,-0.9122241139411927,0.2873403344835554,0.7657595985391623
Co18Ni19Pd20Rh24Ru27,8,2.439601220190525,1.9118706385294597,-1.217084805170695,0.4078182578086854,0.7651018942815977
Co19Ni19Pd24Rh24Ru22,8,2.150768008083105,1.7133164882659913,-0.9776262760162353,0.8282716614859444,0.7642139865127785
Co28Ni14Pd15Rh27Ru24,8,1.8596519455313683,1.9109351634979248,-0.8550461133321127,0.2429700791835785,0.7641516015853512
Co19Ni18Pd22Rh31Ru18,8,2.1146190315485,1.5141953059605189,-0.8913024153028215,1.3218604624271393,0.7616074514340614
Co20Ni17Pd27Rh21Ru23,8,3.4596248269081116,2.746359904607137,-1.2151785294214883,0.08316596349080389,0.7597648954118592
Co17Ni30Pd18Rh21Ru22,8,2.415070727467537,2.2014013826847076,-1.0229570865631104,0.09710836410522461,0.7588406092485076
Co17Ni17Pd27Rh27Ru20,8,2.853105865418911,2.0382634003957114,-1.2474760214487712,0.6313316424687703,0.7577404862389419
Co19Ni24Pd22Rh26Ru17,8,2.1339139863848686,1.6643363237380981,-0.98957759141922,0.8509060314723423,0.7560106006000191
Co25Ni19Pd25Rh20Ru19,8,2.5908892787992954,1.7875542640686035,-1.3394436836242676,0.6048140525817872,0.752858687825627
Co14Ni24Pd29Rh21Ru20,8,2.0347251035273075,1.5561168875013078,-0.8631417353947956,1.1310515403747556,0.7502954247272177
Co22Ni19Pd23Rh26Ru18,8,2.1069924011826515,1.7715489864349365,-0.7769482930501304,0.9340661366780599,0.7485518521066648
Co21Ni29Pd16Rh15Ru27,8,1.9262336194515228,2.061037540435791,-1.0086050033569334,-0.300106883049011,0.7484321920316872
Co26Ni19Pd19Rh28Ru16,8,2.1648875772953033,1.9626966714859009,-0.8308696746826172,0.5216732501983643,0.7460754370875744
Co26Ni20Pd20Rh27Ru15,8,1.8699053674936295,1.8863335847854614,-1.0364928245544434,-0.08129310607910156,0.7457330725774015
Co16Ni20Pd23Rh18Ru31,8,1.9791488535702229,1.966544230779012,-0.9941338300704956,-0.028473990304129466,0.7442057290045715
Co19Ni22Pd25Rh24Ru18,8,1.9536626189947128,0.8497424125671387,-1.6511435508728027,1.0655697584152222,0.7436920698721972
Co19Ni27Pd22Rh21Ru19,8,1.9396529607474804,1.5136047005653381,-0.964621365070343,0.8841072618961334,0.7432436735400698
Co18Ni23Pd18Rh18Ru31,8,2.201818697154522,1.94086092710495,-1.048924446105957,0.2124170462290446,0.7394270081105248
Co20Ni15Pd24Rh29Ru20,8,2.7083332389593124,1.7824202179908752,-1.4693681399027507,0.49130449295043965,0.7382568012485281
Co22Ni15Pd22Rh28Ru21,8,2.2787076383829117,1.7610194285710652,-0.8858754237492878,0.9467273235321045,0.7352170788999184
Co22Ni18Pd25Rh19Ru24,8,1.940335474908352,1.6865975856781006,-1.0484644969304404,0.3315518856048584,0.7290296952875893
Co18Ni17Pd26Rh23Ru24,8,1.5549511909484863,1.5347399371010915,-0.7267937319619314,0.6714868545532227,0.7289932383279384
Co20Ni18Pd27Rh20Ru23,8,1.9840593412518501,1.6755613940102714,-0.970578840800694,0.5420244932174683,0.7275456607011799
Co25Ni17Pd19Rh29Ru18,8,1.909873053431511,1.4064591407775877,-0.7347804069519042,1.37499338388443,0.7226483683593117
Co30Ni20Pd19Rh16Ru23,8,2.2435456812381744,2.139485478401184,-0.8069889545440676,0.2159773826599122,0.7225501175491702
Co23Ni20Pd21Rh28Ru16,8,2.0333829075098038,1.5114470720291138,-0.7288985252380371,1.3287974357604981,0.719863965519069
Co18Ni16Pd26Rh17Ru31,8,1.5618565306067467,1.5062242150306702,-0.8010122776031496,0.571234975542341,0.7192964366322101
Co21Ni16Pd23Rh27Ru21,8,1.9857080690562725,1.7432665143694197,-0.9787180821100872,0.3553397655487061,0.7182856934778584
Co20Ni22Pd21Rh19Ru26,8,2.3737796992063522,1.6995427012443542,-1.414971113204956,0.21080131530761714,0.7165639873315113
Co21Ni19Pd23Rh29Ru16,8,1.9363269172608852,1.877316653728485,-1.2159696221351624,-0.4011190295219421,0.7165067369787589
Co27Ni16Pd24Rh20Ru21,8,1.8035258799791336,1.8241540431976317,-0.6581426620483397,0.46388439337412507,0.7099666850029945
Co18Ni17Pd26Rh24Ru23,8,2.1627169623970985,1.67445707321167,-0.9944536209106445,0.6738020976384481,0.7097108083582746
Co14Ni26Pd24Rh19Ru25,8,2.642866834998131,2.744585931301117,-1.17435884475708,-1.156110954284668,0.7096513154290658
Co16Ni22Pd22Rh17Ru31,8,2.441771026700735,1.7587583541870115,-0.7998647212982177,1.2141549246651786,0.7086264801328535
Co19Ni17Pd24Rh18Ru30,8,2.3995952010154724,1.7214013934135437,-0.903255820274353,1.0488332112630208,0.7073725933300674
Co19Ni21Pd23Rh21Ru24,8,2.8722480423748493,2.107841968536377,-1.3218507766723633,0.18214335441589355,0.7069513213612254
Co21Ni24Pd21Rh24Ru18,8,1.988091915845871,1.7873719930648804,-0.8593227863311765,0.42583958307901987,0.7060241998550112
Co19Ni25Pd26Rh19Ru19,8,1.5862158797681332,1.2980019648869832,-0.6695981423060099,1.1933760046958923,0.7042966201351846
Co11Ni25Pd14Rh31Ru27,8,2.285201333463192,1.8414467175801594,-1.1563991069793702,0.1980872948964437,0.7039053190749621
Co21Ni19Pd15Rh26Ru27,8,2.248285360634327,1.5909961064656575,-0.8195688327153524,1.237935209274292,0.703808178033994
Co19Ni19Pd25Rh26Ru19,8,2.714805029332638,1.7765844265619914,-1.4946349461873372,0.32246509790420524,0.7022141082071418
Co20Ni19Pd27Rh26Ru16,8,1.96405877918005,1.7648690342903137,-0.7392141819000244,0.6309154629707335,0.7021906691158003
Co22Ni25Pd17Rh20Ru24,8,2.380788639187813,1.9861738681793213,-1.2444429397583008,-0.1254874070485433,0.702006416508854
Co26Ni23Pd16Rh27Ru16,8,2.3899577036499977,2.0416494369506837,-1.094008779525757,0.03225886821746815,0.7014726099019386
Co20Ni26Pd19Rh25Ru18,8,2.4455452412366867,2.0865034580230715,-1.0458038806915284,0.0954283873240153,0.700306419269623
Co21Ni23Pd23Rh19Ru22,8,2.222291473299265,1.7680721282958984,-0.9959204196929932,0.5221010446548462,0.6997732295829454
Co21Ni24Pd22Rh14Ru27,8,2.494317874312401,2.1695528984069825,-1.0275866508483886,0.01658458709716797,0.6982992636083273
Co27Ni19Pd18Rh27Ru17,8,1.9246686100959778,1.6817560195922852,-0.6546005249023438,0.8719800710678101,0.6971766623182412
Co19Ni23Pd26Rh23Ru17,8,2.323632448911667,1.5620639324188232,-1.0005337170192175,1.049296259880066,0.6946550564656206
Co16Ni28Pd23Rh23Ru18,8,2.9128924682736397,2.328440046310425,-1.2872098445892335,-0.2059793074925742,0.6932080514713017
Co21Ni23Pd21Rh16Ru27,8,2.2085652239620686,1.7506807446479797,-0.9533029794692993,0.5750885407129923,0.6905528237693539
Co31Ni14Pd25Rh20Ru18,8,1.9623250141739845,1.6007651686668396,-0.9283474683761597,0.5706732273101807,0.686369839896998
Co20Ni21Pd26Rh24Ru17,8,2.127501878887415,1.3765600323677065,-0.7170817170824325,1.6127846240997314,0.6857121879140134
Co18Ni18Pd22Rh29Ru21,8,1.9742338359355927,1.49295973777771,-0.6432356357574462,1.2940424169812883,0.6852825371767304
Co18Ni29Pd20Rh22Ru19,8,1.9300694838166237,1.8367107311884563,-0.8232438564300536,0.2229543924331665,0.6847126434082875
Co22Ni18Pd24Rh26Ru18,8,2.804201677441597,2.084875249862671,-1.1672264099121095,0.3120497465133666,0.6843522608610928
Co27Ni22Pd18Rh21Ru20,8,2.4592000022530556,1.9149837017059326,-1.2593210935592651,0.02567732334136963,0.6836602916144603
Co14Ni22Pd22Rh26Ru24,8,2.087603487074375,1.6723194122314453,-1.1312197617122106,0.2322110335032145,0.6831649272444001
Co26Ni22Pd25Rh17Ru18,8,1.9499957486987114,1.7216987013816833,-0.8975423574447631,0.3187264800071715,0.6757386122629948
Co27Ni17Pd21Rh26Ru17,8,2.1859273463487625,2.0802183628082274,-0.9938615798950197,-0.26667626698811836,0.6727232091245342
Co23Ni25Pd27Rh18Ru15,8,2.6967260874807835,1.540432016054789,-1.3084698915481567,0.9485823273658752,0.6650597683332928
Co22Ni18Pd24Rh20Ru24,8,2.548096224665642,1.643639326095581,-1.0422973155975344,0.9910757144292195,0.6635750318246507
Co23Ni23Pd17Rh21Ru24,8,2.237607914954424,2.065752124786377,-1.1086901426315308,-0.4165553450584413,0.6601063577776314
Co22Ni19Pd28Rh21Ru18,8,2.2308474630117416,1.699370563030243,-0.9215560555458069,0.6392418657030379,0.6596180582015143
Co21Ni22Pd22Rh18Ru25,8,2.2573016360402107,1.7189923524856567,-0.8597514629364014,0.7350699106852213,0.6578500334117228
Co24Ni17Pd29Rh21Ru17,8,1.6035461202263832,1.247408926486969,-0.5831606984138489,1.2789721488952637,0.6573201321631859
Co18Ni26Pd16Rh22Ru26,8,1.875593513250351,1.6490931113560994,-0.9496879577636719,0.19656977653503419,0.6564110260152438
Co20Ni16Pd28Rh22Ru22,8,2.414131797850132,2.0305330753326416,-1.3042084376017253,-0.46123828887939444,0.655591389027533
Co18Ni16Pd16Rh33Ru25,8,1.8293453976511955,1.4319194157918294,-1.0588510433832805,0.3764801472425462,0.654127714149506
Co18Ni32Pd20Rh19Ru19,8,2.2133317217230797,2.138894498348236,-1.3330397605895996,-1.010952115058899,0.6538826839273267
Co17Ni20Pd34Rh15Ru22,8,1.6472419649362564,1.330888557434082,-0.4441197395324707,1.3884819149971008,0.6521722072422151
Co21Ni23Pd27Rh15Ru22,8,2.4666642509400845,1.8043851852416992,-0.8337788581848147,0.8652463981083462,0.651390375699614
Co24Ni24Pd24Rh15Ru21,8,2.345807693898678,1.6517921288808186,-1.0295399030049641,0.6627041498819987,0.6490433368372961
Co15Ni15Pd26Rh31Ru21,8,1.447385098785162,1.032672609601702,-0.6279993057250975,1.3825180927912393,0.6468474346944291
Co20Ni16Pd23Rh28Ru21,8,2.0866343416273594,1.6873145699501038,-0.824226438999176,0.5737457190241132,0.6442733601940569
Co23Ni21Pd27Rh19Ru18,8,2.1662701219320297,1.8155803084373474,-0.9085714817047119,0.2730726401011149,0.6435596636877209
Co19Ni31Pd27Rh13Ru18,8,2.5181534625589848,2.146948456764221,-1.0619099140167236,-0.19515838623046874,0.6412722469923025
Co23Ni16Pd23Rh25Ru21,8,1.9869419001042843,1.530575370788574,-0.7085404992103577,0.9413543428693499,0.6406011693075683
Co26Ni15Pd25Rh22Ru20,8,1.9048419333994389,1.7294717311859131,-0.5577914714813232,0.6813130378723143,0.6392848709589687
Co15Ni20Pd23Rh21Ru29,8,2.5346633046865463,1.8808624744415283,-1.0961103439331055,0.2978352819170271,0.6387198086975183
Co23Ni22Pd22Rh22Ru19,8,2.1778036653995514,2.033886092049735,-0.8953035218375069,-0.16314102709293365,0.6356961087833736
Co22Ni28Pd17Rh24Ru17,8,2.3313122913241386,1.763335108757019,-0.9800107479095459,0.4379734992980957,0.6331573216661344
Co14Ni25Pd28Rh15Ru26,8,2.2877614609897137,1.5322723388671875,-1.1382994254430134,0.5689714699983598,0.6318984544308559
Co21Ni19Pd25Rh23Ru20,8,2.1667520999908447,1.8469261229038239,-1.0659576654434204,-0.11146306991577164,0.6313122189518121
Co21Ni18Pd29Rh19Ru21,8,2.287007786333561,2.0954920649528503,-1.0991551876068115,-0.5099580287933348,0.6312574124612366
Co12Ni24Pd17Rh33Ru22,8,2.647545486688614,1.8863437970479329,-1.151593844095866,0.3137222017560685,0.631156746771387
Co23Ni23Pd23Rh21Ru18,8,2.2398223504424095,1.9615284204483032,-0.9810814261436462,-0.10799260139465332,0.6288324588099617
Co28Ni13Pd28Rh18Ru21,8,2.437218874692917,1.8705523610115051,-0.9592413902282714,0.3815561362675258,0.6285212296222851
Co22Ni16Pd22Rh22Ru26,8,2.4338778890669346,1.8938588500022888,-1.2363613843917847,-0.1544160544872284,0.6272489879843262
Co19Ni24Pd23Rh20Ru22,8,1.8731264173984528,1.268457508087158,-0.7372248649597167,1.214839220046997,0.6272310771513506
Co17Ni22Pd21Rh16Ru32,8,2.242731511592865,1.4713612794876099,-1.3370864391326904,0.26398425102233886,0.6260227202573644
Co24Ni23Pd29Rh18Ru14,8,1.80383812636137,1.6321727832158408,-1.024065375328064,-0.12270859877268477,0.6248995850297162
Co16Ni24Pd24Rh25Ru19,8,1.9694429077208042,1.6974071025848387,-1.0080748558044432,-0.011058739253452845,0.6227221375845873
Co23Ni19Pd22Rh22Ru22,8,2.3846281245350838,2.174661636352539,-1.4978276093800862,-1.2641188144683837,0.6220695628879335
Co31Ni24Pd20Rh19Ru14,8,2.4267835170030594,2.0530618826548257,-0.9889108339945475,-0.0830603539943695,0.6214100870153886
Co14Ni24Pd15Rh30Ru25,8,2.613164462149143,1.7493705749511719,-1.3446435530980427,0.1630787968635558,0.6192469664422288
Co18Ni17Pd29Rh24Ru20,8,2.202548921108246,1.6400620937347412,-0.8698054790496825,0.6465757148606437,0.6190820570232307
Co18Ni30Pd24Rh17Ru19,8,2.057478405535221,1.4690345014844621,-0.7676713466644287,0.9698919057846069,0.618337514027232
Co14Ni25Pd20Rh26Ru23,8,1.7290952503681183,1.3090268373489382,-0.5911031961441042,1.150029500325521,0.6175469987710922
Co13Ni29Pd22Rh27Ru17,8,2.199164167046547,1.7028999030590057,-0.9690884649753571,0.3365856905778249,0.6175339932940936
Co20Ni19Pd23Rh20Ru26,8,2.304579809308052,1.976956566174825,-0.7813374996185303,0.2392547527949016,0.6152985951512961
Co22Ni14Pd27Rh26Ru19,8,2.5873474217951298,1.9413102626800536,-1.4235302925109863,-0.42173532644907624,0.6133534368869352
Co19Ni21Pd24Rh25Ru19,8,2.160026825964451,1.92428990205129,-1.087359142303467,-0.3948720932006836,0.6114694368958661
Co14Ni25Pd30Rh14Ru25,8,2.8404672369360924,2.1203938484191895,-1.2238012313842774,-0.12904753684997558,0.6051166101607276
Co19Ni16Pd21Rh22Ru30,8,1.693079724907875,1.5915447076161702,-0.5086402893066406,0.6183702945709229,0.6047212058141279
Co19Ni24Pd14Rh20Ru31,8,2.292220313102007,1.796658618109567,-0.6981705256870815,0.68443164229393,0.6035195549536987
Co16Ni32Pd27Rh18Ru15,8,2.4389018826186657,1.6828152452196394,-0.9656903743743898,0.6348623832066854,0.5991503845123503
Co15Ni18Pd24Rh24Ru27,8,2.7479367069900036,1.8340204954147339,-1.332598368326823,0.11228835582733161,0.5987056191077935
Co26Ni20Pd22Rh23Ru17,8,2.110346756875515,1.90517315864563,-1.0773708820343018,-0.47349505424499505,0.594877586790268
Co18Ni20Pd20Rh30Ru20,8,2.287086933851242,1.5446037650108337,-0.6800600290298462,1.1843094825744624,0.5946327522650533
Co16Ni23Pd22Rh31Ru16,8,1.8406271636486053,1.3588573535283406,-0.6521240075429281,1.002019269125802,0.5945371696245909
Co19Ni24Pd18Rh24Ru23,8,2.6210460998117924,1.887288284301758,-0.9254325628280642,0.5153200626373293,0.5937435769712827
Co20Ni15Pd20Rh32Ru21,8,1.7624407559633255,1.2741334438323975,-0.7084845815386089,0.9465434153874713,0.5886862347495931
Co18Ni24Pd28Rh11Ru27,8,2.3675795793533325,1.9784770965576173,-0.845949363708496,0.09823294480641682,0.5876306594566313
Co21Ni23Pd23Rh18Ru23,8,2.5613222755491734,2.08289901415507,-1.0466071764628093,-0.20747547149658194,0.5850493420823686
Co24Ni15Pd30Rh24Ru15,8,2.247975043952465,1.5965696275234222,-0.8593002557754517,0.6736174651554652,0.584191120743057
Co16Ni18Pd28Rh21Ru25,8,2.3366906493902206,1.3188388049602509,-0.8145286696297782,1.4350707530975342,0.5841447672111751
Co23Ni23Pd18Rh18Ru26,8,2.6969521269202232,2.0488216876983643,-0.8569998741149902,0.34302960123334614,0.5774321875501898
Co19Ni22Pd26Rh20Ru21,8,2.6403847858309746,1.9896645545959473,-1.1383337020874025,-0.10308273633321119,0.5766981678511337
Co22Ni20Pd18Rh24Ru24,8,2.3696575351059437,1.8710300127665203,-0.8631019194920858,0.23123649756113696,0.5732387054622503
Co18Ni18Pd26Rh19Ru27,8,2.077280219644308,1.6695061127344768,-0.9003274043401083,0.17720297972361254,0.5729780080806356
Co24Ni18Pd22Rh25Ru19,8,2.266772039234638,1.7645847002665203,-0.8494194348653158,0.3211048046747844,0.5707956493943016
Co16Ni18Pd26Rh23Ru25,8,2.8246000558137894,1.8269190788269043,-1.339716911315918,0.10562109947204586,0.5707665265394176
Co25Ni22Pd14Rh23Ru24,8,2.4484018720686436,1.9097649256388347,-0.8867085774739585,0.20026254653930664,0.5686291989295873
Co19Ni25Pd24Rh20Ru20,8,2.276972535997629,1.8318267345428467,-0.8621476650238037,0.15365684032440186,0.565144467335886
Co17Ni22Pd23Rh19Ru27,8,1.739750374108553,1.331178367137909,-0.6722764372825623,0.7659753262996674,0.5648248888557995
Co16Ni13Pd19Rh32Ru28,8,3.0304132029414177,1.6244264841079712,-1.6803110837936401,0.16845588684082022,0.5610571590852443
Co21Ni27Pd19Rh19Ru22,8,2.474155679345131,1.7938084602355957,-0.9186404943466187,0.37959980964660645,0.5597777117903611
Co18Ni28Pd24Rh20Ru18,8,2.053445253521204,1.6265433231989543,-0.8205702304840088,0.31267850739615294,0.5588503421933979
Co20Ni19Pd27Rh18Ru24,8,2.1193342953920364,1.8572475115458171,-0.7719360192616781,0.011141240596771296,0.5571149434644678
Co19Ni21Pd21Rh24Ru23,8,2.4845150485634804,1.580027437210083,-0.9615190982818603,0.7285947004954022,0.5536434961320401
Co21Ni16Pd19Rh26Ru26,8,2.378300592303276,1.7211843132972717,-1.0066232681274414,0.20543479919433594,0.5501076989170886
Co22Ni16Pd19Rh28Ru23,8,2.720417607575655,2.2620579401652017,-0.613401730855306,0.25116151571273804,0.5497244122065678
Co21Ni22Pd22Rh27Ru16,8,2.3011136762797832,1.5106366872787476,-0.852432042360306,0.7796292304992677,0.5464925493555344
Co21Ni25Pd21Rh22Ru19,8,2.069159399718046,1.2732831954956056,-0.9361390113830567,0.7998491764068603,0.5461613444627776
Co24Ni11Pd24Rh27Ru22,8,1.6943390294909477,1.6651850700378419,-0.5730959892272949,0.12225461006164551,0.546143046908033
Co16Ni22Pd28Rh18Ru24,8,2.532602619379759,1.8468618392944336,-1.0835676670074463,0.0016109943389892578,0.5437748989627686
Co12Ni24Pd22Rh28Ru22,8,2.945296175777912,1.898855447769165,-1.0564809799194335,0.49495701789855956,0.5415072144577028
Co16Ni18Pd28Rh16Ru30,8,2.535935088992119,1.9838764270146687,-1.1470565398534138,-0.41301860809326163,0.5360195676449756
Co15Ni27Pd22Rh24Ru20,8,1.8960841745138168,1.303989589214325,-0.8465847373008728,0.6155608654022215,0.5359274972769721
Co17Ni19Pd30Rh25Ru17,8,2.660150606185198,1.956405222415924,-1.1393061876297002,-0.181645075480143,0.5343659108835949
Co28Ni22Pd21Rh19Ru18,8,2.356438532471657,1.8355343341827393,-0.5711601575215659,0.6321916580200198,0.534255929114366
Co14Ni19Pd19Rh30Ru26,8,2.8438738621771336,2.0039461255073547,-0.8804594278335571,0.41421711444854725,0.533153735962121
Co17Ni18Pd24Rh18Ru31,8,1.9796657115221024,1.3677881558736165,-0.7583209673563639,0.7394566535949707,0.5327500549425974
Co15Ni24Pd25Rh24Ru20,8,2.2058121263980865,1.5493789196014403,-0.9695642471313476,0.2972653865814208,0.5287723081066107
Co14Ni24Pd20Rh30Ru20,8,2.989052902907133,1.7832351922988892,-1.058218538761139,0.7324965000152588,0.5282591271040202
Co29Ni14Pd25Rh18Ru22,8,2.2244741544127464,1.3619611263275146,-0.8591356873512268,0.8910971879959108,0.5280921429481225
Co13Ni31Pd21Rh19Ru24,8,2.5910169035196304,1.8263559818267823,-0.9801746845245363,0.22284987994602742,0.5243657729255519
Co24Ni18Pd22Rh23Ru21,8,2.2673178613185883,1.785845935344696,-0.7382714748382568,0.27963701883951836,0.5235392842938018
Co21Ni26Pd16Rh23Ru22,8,2.462376520037651,1.6711170673370361,-0.909233808517456,0.4723038971424103,0.5210878347815435
Co10Ni21Pd22Rh23Ru32,8,1.7434130273759365,1.3539626598358154,-0.6006555080413819,0.6714370250701904,0.5210543221821549
Co18Ni20Pd21Rh23Ru26,8,2.5835139378905296,2.004851770401001,-0.9687874794006347,-0.14458930492401123,0.5207351368170025
Co18Ni18Pd18Rh28Ru26,8,2.2243933752179146,1.844001865386963,-0.7742898941040038,0.021638035774230735,0.5187556315249241
Co19Ni23Pd25Rh18Ru23,8,2.2414861544966698,1.7236068589346751,-0.8763583728245327,0.11092090606689453,0.518294439852164
Co14Ni18Pd26Rh19Ru31,8,2.4704738557338715,1.9168118000030518,-0.9590129852294922,-0.11434909701347351,0.5178685387510558
Co20Ni18Pd18Rh33Ru19,8,2.123167537152767,1.7018110275268554,-1.1508981227874757,-0.4831000566482543,0.5175955098056614
Co16Ni25Pd15Rh25Ru27,8,2.382459130138159,1.606243440083095,-1.026738444964091,0.2777525901794433,0.5175222531372436
Co18Ni25Pd21Rh21Ru23,8,2.471432499587536,1.7707957029342651,-0.7292865117390951,0.5673486789067588,0.5146571446225546
Co20Ni18Pd20Rh28Ru22,8,1.2990875989198685,1.052410078048706,-0.4421085834503174,0.9253378212451935,0.5141671084479438
Co21Ni19Pd23Rh24Ru21,8,2.6346357204020023,1.9515560070673623,-1.0978190501530964,-0.22498053312301636,0.5120728163368788
Co26Ni16Pd23Rh24Ru19,8,2.3830997236073017,1.560083270072937,-0.9209761619567871,0.532496730486552,0.5119343895474927
Co24Ni22Pd19Rh15Ru28,8,2.0670208409428596,1.649328629175822,-0.6443537076314291,0.3920358022054036,0.5100445917580374
Co24Ni23Pd23Rh21Ru17,8,2.2888310477137566,1.7429323196411133,-0.7014554738998413,0.3988273938496906,0.508513731081687
Co22Ni28Pd15Rh17Ru26,8,2.4052175506949425,1.9534525275230408,-0.7371145486831665,0.06695550680160522,0.5081947464274127
Co16Ni19Pd25Rh27Ru21,8,2.2728968895971775,1.4990989764531453,-0.8711682160695394,0.5744994163513184,0.5074893000974607
Co21Ni19Pd18Rh30Ru20,8,2.409408025443554,1.6370770931243896,-0.9184470176696777,0.3983783721923829,0.5074803881341554
Co22Ni24Pd23Rh18Ru21,8,2.039156809449196,1.9576660990715027,-1.1788066625595093,-1.2087620496749878,0.506729246111742
Co20Ni14Pd31Rh21Ru22,8,2.839896634221077,1.807678461074829,-1.2372320493062339,0.07664108276367196,0.5050229090192393
Co26Ni21Pd20Rh26Ru15,8,1.9199333414435387,1.5336471796035767,-0.5526800155639648,0.5583049569811139,0.5033904641855963
Co19Ni32Pd16Rh17Ru24,8,2.4221580624580383,1.875797510147095,-0.9164896011352535,-0.08313854535420766,0.5030825208000095
Co17Ni23Pd26Rh21Ru21,8,2.0354564487934113,1.225898802280426,-0.6432235836982727,1.1763662815093994,0.5016436554829264
Co24Ni14Pd19Rh27Ru24,8,2.3633679896593094,1.8506657282511394,-1.0215779304504393,-0.3041159063577652,0.5005137251475119
Co23Ni19Pd14Rh24Ru28,8,2.2069814205169678,1.8927571773529053,-0.9707579612731934,-0.5146767298380533,0.5004360752361998
Co24Ni23Pd19Rh25Ru17,8,1.980122771114111,1.5924002528190613,-0.6535583734512329,0.3305497566858928,0.49943218077292895
Co19Ni25Pd28Rh17Ru19,8,2.1756850332021713,1.5799025467463903,-0.9905782540639242,0.03748617172241211,0.49897498386858885
Co17Ni27Pd21Rh29Ru14,8,2.134650208055973,1.597380518913269,-0.5903506278991698,0.6239407857259116,0.4955037681481721
Co24Ni20Pd19Rh25Ru20,8,2.0991980507969856,1.9693956971168518,-0.6642678976058959,-0.3115553061167399,0.49437289293104836
Co23Ni21Pd23Rh19Ru22,8,2.0447619631886482,1.6647655963897705,-0.9354772567749023,-0.23778119257518224,0.49396966579405155
Co19Ni31Pd19Rh20Ru19,8,1.9918996840715408,1.4405720233917236,-0.7717463493347168,0.42818427085876454,0.493941504024217
Co25Ni18Pd19Rh23Ru23,8,2.145666278898716,1.5500739812850952,-0.6884996891021727,0.5545024531228202,0.4928401317088287
Co20Ni22Pd23Rh20Ru23,8,2.267823062837124,2.1454612811406455,-0.8683063507080078,-0.8141452471415201,0.4889511136318536
Co21Ni20Pd22Rh27Ru18,8,2.114398628473282,1.547589659690857,-0.7071105639139811,0.4676305225917271,0.48858223851436655
Co20Ni25Pd16Rh22Ru25,8,2.2652091309428215,1.5386464595794678,-0.8614386490413122,0.4199457168579102,0.48755100587906364
Co20Ni10Pd27Rh28Ru23,8,2.450635503977537,1.6023581981658934,-0.7495142936706543,0.7350035905838013,0.4872391650018701
Co16Ni19Pd20Rh34Ru19,8,2.1515324115753174,1.4417349497477214,-0.6556074619293214,0.815555214881897,0.48699798265762306
Co16Ni21Pd26Rh20Ru25,8,1.7667707279324532,1.6727017879486084,-0.7572146892547609,-0.3616570472717285,0.48461346639384284
Co19Ni15Pd21Rh26Ru27,8,2.516245909035206,1.5791881084442139,-1.2978797554969788,-0.0933518260717392,0.4830908548776742
Co19Ni19Pd18Rh22Ru30,8,2.6470098346471786,1.950103691646031,-0.9841054848262243,-0.13383257389068604,0.48113143767706734
Co14Ni23Pd21Rh22Ru28,8,2.190416321158409,1.633419394493103,-0.731307586034139,0.320777348109654,0.48012178416575
Co21Ni25Pd20Rh21Ru21,8,2.983813438564539,1.9517492850621543,-1.1396830876668296,0.03388237953186035,0.4766689282551797
Co13Ni20Pd31Rh21Ru23,8,2.618205711245537,1.910996389389038,-1.2493270874023437,-0.5731030941009522,0.4759297894640071
Co24Ni21Pd20Rh22Ru21,8,1.9833421781659126,1.836051607131958,-0.7810828208923339,-0.5039041042327881,0.4687908095266873
Co18Ni31Pd24Rh11Ru24,8,2.6091832295060158,1.604375918706258,-1.0572237173716228,0.33840250968933105,0.4683896022527083
Co17Ni21Pd26Rh25Ru19,8,2.9719414860010147,1.824032211303711,-1.0021146774291991,0.47555541992187506,0.4669931005378679
Co20Ni26Pd17Rh22Ru23,8,2.4481889829039574,1.7713543176651,-0.8674935499827067,0.09546512365341187,0.4651555709243459
Co24Ni17Pd28Rh17Ru22,8,2.206575036048889,1.6135972227369035,-0.5440642833709716,0.643803800855364,0.46459536898316167
Co22Ni17Pd26Rh23Ru20,8,2.199862986803055,1.7622016072273254,-0.9921451807022095,-0.44574336210886645,0.46351543216657587
Co24Ni20Pd22Rh24Ru18,8,1.8426801338791847,1.195700466632843,-0.4654897451400757,1.1191370146615165,0.46121342453894515
Co19Ni17Pd25Rh23Ru24,8,2.2032596096396446,1.5504547119140626,-0.7975476741790771,0.3131929238637288,0.46061318316603594
Co23Ni14Pd15Rh23Ru33,8,2.0582672841846943,1.6685652335484822,-0.5019676287968954,0.37296321988105774,0.45708793461928177
Co20Ni23Pd25Rh22Ru18,8,2.466946080327034,1.5271541674931843,-0.8011691570281982,0.6983087857564291,0.45703077497540723
Co24Ni15Pd16Rh29Ru24,8,2.659129846841097,1.974119305610657,-0.6964074770609537,0.22732057571411116,0.45545827264811106
Co21Ni26Pd19Rh17Ru25,8,2.3262372836470604,1.8151790618896484,-0.9061503887176513,-0.26965030034383136,0.45439709067867995
Co23Ni26Pd21Rh21Ru17,8,2.4286251291632652,1.6892295360565184,-0.6378520011901855,0.5879967510700226,0.45416929946443163
Co23Ni14Pd24Rh31Ru16,8,2.335726026445627,1.7249481081962585,-0.885297954082489,-0.04430242947169712,0.45273895046567836
Co19Ni22Pd24Rh21Ru22,8,2.7051761597394943,1.7483232816060383,-1.109411080678304,0.017492961883544746,0.45130234245677975
Co25Ni21Pd22Rh22Ru18,8,2.230444446206093,1.6180906295776367,-0.7112380027770996,0.3243696689605713,0.45129035962928343
Co17Ni23Pd20Rh27Ru21,8,1.9308985397219658,1.4925390720367433,-0.6449820041656495,0.2849573294321695,0.45095121785509623
Co19Ni21Pd28Rh24Ru16,8,2.20998864620924,1.5772782393864224,-0.7523364680153983,0.2970682212284633,0.44850446818387146
Co16Ni25Pd22Rh21Ru24,8,2.385337423533201,1.8707467317581177,-0.9631282091140746,-0.4257458150386811,0.44816401346340656
Co22Ni20Pd17Rh26Ru23,8,2.3563925698399544,1.8292274475097656,-1.0916752417882283,-0.603442112604777,0.44806363036559615
Co21Ni20Pd25Rh24Ru18,8,2.6970444917678833,1.8545304139455159,-0.8628371556599933,0.19778499603271485,0.4465300381666668
Co13Ni18Pd31Rh27Ru19,8,3.4326402470469475,2.1697813272476196,-1.0210881233215332,0.27956700325012207,0.4452294110925308
Co19Ni17Pd30Rh23Ru19,8,2.6280971616506577,1.4003035227457683,-0.9510125319163005,0.8666727542877197,0.4448661631348923
Co18Ni25Pd12Rh25Ru28,8,2.5075555741786957,1.8222312529881795,-0.954416553179423,-0.16524982452392584,0.44341331775047044
Co16Ni30Pd16Rh22Ru24,8,2.572106670588255,1.8124167919158936,-0.8743642171223959,0.07837212085723877,0.4428095333930635
Co20Ni24Pd27Rh19Ru18,8,2.906198989599943,1.899919867515564,-0.7394337654113768,0.5771689414978026,0.44004726391561644
Co21Ni17Pd30Rh16Ru24,8,2.3612359389662743,1.6216678619384766,-0.7370872497558594,0.40359656016031903,0.43974765494114315
Co24Ni18Pd15Rh25Ru26,8,2.4212899282574654,1.807314356168111,-0.6675464312235515,0.22721115748087564,0.4393750662762994
Co22Ni22Pd25Rh18Ru21,8,2.185772441327572,1.497228240966797,-0.6234297752380371,0.599419641494751,0.43615148338266974
Co18Ni26Pd20Rh25Ru19,8,3.2691881470382214,1.9374059041341147,-1.1974493662516277,0.18295741081237793,0.4350761808028752
Co16Ni19Pd15Rh28Ru30,8,2.740388359874487,2.0697572231292725,-0.9834586381912231,-0.4369041919708252,0.4345724404175175
Co21Ni16Pd20Rh25Ru26,8,2.484583057463169,1.5726847648620605,-0.9186295986175537,0.33353766373225613,0.4339595859151569
Co18Ni17Pd24Rh25Ru24,8,2.5689351744949818,1.4529455048697335,-1.0489014898027693,0.46074685454368597,0.43264312876413336
Co17Ni19Pd18Rh26Ru28,8,2.3174922950565815,1.7047227621078491,-0.7676092783610026,0.09291332108633858,0.43235820876774095
Co17Ni20Pd23Rh29Ru19,8,3.4648659378290176,2.1850900173187258,-1.2902535438537597,-0.2268146276473999,0.4319054507064155
Co19Ni23Pd18Rh19Ru29,8,2.7600674517452717,1.9157254695892334,-0.8144152164459229,0.16992692947387694,0.4284679802779383
Co16Ni26Pd23Rh25Ru18,8,2.334361106157303,1.8991550207138062,-1.0501511096954346,-0.7869773308436075,0.42743843104091556
Co20Ni23Pd31Rh20Ru14,8,2.646752290427685,1.7158194184303284,-0.9330134391784668,0.21101983388264978,0.4271081860136442
Co14Ni21Pd23Rh27Ru23,8,2.1484546214342117,1.415144145488739,-0.8377054333686828,0.30828384558359784,0.4271037136051009
Co17Ni24Pd29Rh20Ru18,8,2.738633032888174,1.824967418398176,-0.9553871949513754,0.07171695572989327,0.4260999200502399
Co25Ni21Pd17Rh15Ru30,8,2.551530107855797,2.0632315476735434,-0.6689050992329917,-0.17401142120361318,0.42537426599055145
Co21Ni21Pd21Rh29Ru16,8,2.3893157988786697,1.3444047768910725,-0.7983816464742025,0.8389765421549479,0.42503369040414374
Co21Ni21Pd22Rh23Ru21,8,2.0687941163778305,1.662548581759135,-0.9911111195882161,-0.5786567330360413,0.424288469133417
Co18Ni27Pd27Rh15Ru21,8,2.4470659494400024,1.507998561859131,-0.6394732475280761,0.8522597312927245,0.423074773107749
Co21Ni23Pd23Rh17Ru24,8,2.210918754339218,1.774474322795868,-0.847982406616211,-0.3739001274108887,0.4221208216223766
Co17Ni24Pd19Rh29Ru19,8,2.663643538951874,1.6792365312576292,-0.9629497528076171,0.23575830459594727,0.4219844665808915
Co25Ni22Pd24Rh22Ru15,8,1.5520563945174217,1.550745964050293,-0.5319836139678954,-0.27567453384399415,0.4206363462230792
Co28Ni14Pd23Rh23Ru20,8,1.7300385534763336,1.33961820602417,-0.5139616330464681,0.42316997051239014,0.41994606506979826
Co18Ni28Pd21Rh21Ru20,8,1.925343319773674,1.304534137248993,-0.6174492835998535,0.5753229141235352,0.41852110163504896
Co18Ni24Pd24Rh20Ru22,8,2.449542447924614,2.301893264055252,-1.1104331314563751,-1.5886139472325642,0.4183469966742938
Co19Ni26Pd19Rh20Ru24,8,2.4541292898356915,1.6323481400807698,-0.6987825234731038,0.4815826416015625,0.41679096317386966
Co20Ni19Pd28Rh22Ru19,8,2.6373613886535168,1.6166521906852722,-0.7088449597358704,0.7439854145050048,0.4164864427479289
Co26Ni16Pd22Rh24Ru20,8,2.236554466187954,1.81382817029953,-0.8630785942077638,-0.47502605120340985,0.4146972852249183
Co15Ni15Pd22Rh27Ru29,8,2.773241348564625,1.5091384410858155,-0.9332860469818115,0.7413813173770905,0.4121271881234825
Co23Ni26Pd19Rh22Ru18,8,2.3112571723759174,1.6607754571097237,-0.6140369687761579,0.35537668069203693,0.41167295100410906
Co19Ni21Pd22Rh24Ru22,8,2.370487615466118,2.024514079093933,-1.145727276802063,-1.2214807271957397,0.4116094268917013
Co15Ni27Pd22Rh20Ru24,8,1.8428989201784134,1.4599037170410156,-0.6494744618733724,0.05793261528015146,0.40996279139489644
Co20Ni20Pd25Rh20Ru23,8,2.22480845451355,1.6789613564809163,-0.4038654963175454,0.5571773529052735,0.4099421264023886
Co21Ni17Pd30Rh23Ru17,8,2.2335424944758415,1.3046579957008362,-0.6383065581321716,0.915217161178589,0.4079120288913872
Co15Ni28Pd26Rh21Ru18,8,3.0625248923897743,1.8945156931877136,-1.1568477153778076,-0.05563885825020936,0.40670524485724163
Co23Ni18Pd22Rh19Ru26,8,2.1183942705392838,1.5197259357997348,-0.7194711140223912,0.17680940628051758,0.40665544818174293
Co17Ni23Pd16Rh22Ru30,8,2.1880393996834755,1.5294337272644043,-0.5538514137268066,0.5341826677322387,0.4056916444565063
Co22Ni24Pd18Rh17Ru27,8,2.3007376715540886,1.6134042739868164,-0.5846567153930664,0.4594128926595052,0.4046100209082822
Co21Ni19Pd24Rh22Ru22,8,2.2336408607661724,1.5830769141515095,-0.8018800020217896,0.0541915819048881,0.4045939390410434
Co22Ni24Pd22Rh19Ru21,8,2.736473098397255,1.7848310867945354,-1.2948272705078125,-0.5235936164855958,0.40456429585446774
Co28Ni20Pd25Rh20Ru15,8,2.231039360165596,1.5317396777016776,-0.6668864658900671,0.3878779411315918,0.40452344926077866
Co22Ni21Pd28Rh18Ru19,8,2.829688400030136,1.738509734471639,-1.1629366079966226,-0.08729533354441332,0.4014915305229701
Co26Ni12Pd19Rh26Ru25,8,1.9377001151442528,1.5680102705955505,-0.4901631474494934,0.2047926982243856,0.40056163512295434
Co21Ni22Pd21Rh18Ru26,8,2.4199240431189537,1.5225780010223389,-0.9810338020324707,0.09347951412200928,0.3978821266026138
Co22Ni24Pd30Rh14Ru18,8,3.0584395974874496,1.7135487397511802,-1.360005299250285,-0.08303129673004128,0.3973277709882838
Co20Ni22Pd17Rh28Ru21,8,2.297628201544285,1.4321087087903706,-0.7828540120806012,0.4439951181411743,0.3955803979898384
Co24Ni15Pd27Rh22Ru20,8,2.0086134746670723,1.3256532192230224,-0.5663694381713869,0.63627564907074,0.3943670462703853
Co16Ni23Pd20Rh21Ru28,8,2.5134639516472816,2.1038917303085327,-0.5242643356323242,-0.18836373090744007,0.39322114051208223
Co15Ni21Pd20Rh31Ru21,8,2.5303849689662457,1.7319689750671388,-0.9902643680572509,-0.2173203349113466,0.39290574596154837
Co19Ni15Pd32Rh21Ru21,8,2.1732340529561043,1.2702261805534363,-0.6655655929020473,0.7929581006368002,0.39233792368202064
Co18Ni19Pd23Rh24Ru24,8,2.089778643101454,1.5578571047101701,-0.7924837725503104,-0.13205844163894653,0.39024848063492606
Co27Ni18Pd21Rh20Ru22,8,2.3858261294662952,1.9119232296943665,-0.6233487129211426,-0.17473043714250844,0.38553263010339084
Co23Ni15Pd24Rh23Ru23,8,2.4725725166499615,1.6467008193333943,-0.7587768236796061,0.24601426720619196,0.385193957402269
Co21Ni18Pd20Rh24Ru25,8,2.1425960920751095,1.6084589958190918,-0.7192105293273925,-0.05698914527893084,0.3851278089624525
Co23Ni16Pd22Rh23Ru24,8,2.244917146861553,1.652250623703003,-0.6892966270446779,0.0443160057067872,0.38496083964969396
Co21Ni13Pd31Rh20Ru23,8,2.6225874796509743,1.3218140602111816,-0.7003307342529301,1.2030781110127766,0.3833972932935438
Co20Ni24Pd18Rh17Ru29,8,2.6057413294911385,1.750460187594096,-0.6419400374094645,0.41058985392252606,0.38324122224316787
Co28Ni21Pd18Rh20Ru21,8,2.6960893012583256,1.9625596205393474,-0.8785219192504883,-0.3113025426864624,0.3819029498029495
Co27Ni17Pd27Rh21Ru16,8,2.897284395992756,1.9727936188379924,-0.9564615885416669,-0.19481484591960896,0.3814995296343615
Co27Ni20Pd15Rh23Ru23,8,2.455370783805847,1.727866291999817,-0.9126470685005188,-0.22552557786305746,0.38087334818331137
Co18Ni20Pd21Rh29Ru20,8,1.9953312575817108,2.1128581251416887,-1.0947192907333374,-1.9507227540016174,0.37998026621693
Co15Ni25Pd24Rh17Ru27,8,2.273507997393608,1.6867475032806396,-1.090206241607666,-0.7023833990097045,0.3793680494794377
Co23Ni24Pd25Rh18Ru18,8,2.167968235909939,1.593034267425537,-0.8027747154235841,-0.16323173046112038,0.37830237613762746
Co25Ni14Pd28Rh17Ru24,8,2.2034882232546806,1.3052579561869302,-0.8990182876586913,0.3004794120788574,0.3777487955809602
Co25Ni16Pd14Rh20Ru33,8,2.8356892690062523,1.7337509393692017,-1.1042776107788086,-0.07220069567362468,0.3757564212184411
Co25Ni20Pd25Rh19Ru19,8,2.1504178419709206,1.4990909576416016,-0.7168331146240234,0.1328885078430176,0.3735559104288582
Co18Ni25Pd24Rh18Ru23,8,2.6317211985588074,1.6056891282399495,-0.8338510195414225,0.36807374954223643,0.37337091694702956
Co19Ni23Pd25Rh21Ru20,8,2.604680649936199,1.7197090148925782,-0.7287396430969239,0.2791938304901123,0.37277759529581067
Co24Ni17Pd24Rh21Ru22,8,2.7321965247392654,1.836704969406128,-0.9663047790527344,-0.2043142318725586,0.3705844451921407
Co20Ni23Pd17Rh22Ru26,8,2.6974734738469124,1.460129451751709,-0.6993333101272583,0.9740564823150635,0.3705703187569809
Co23Ni15Pd17Rh29Ru24,8,3.188886508345604,1.8944075107574463,-1.0174803733825686,0.20005575815836604,0.36783496795403914
Co22Ni26Pd26Rh19Ru15,8,1.893515594303608,1.7981414794921875,-0.6035109758377076,-0.6517773270606992,0.3675490347109598
Co27Ni20Pd23Rh21Ru17,8,2.5893211364746094,1.8036574920018513,-0.9122735659281412,-0.25144513448079425,0.3672989651490116
Co16Ni18Pd23Rh27Ru24,8,2.8860901668667793,1.6051411032676697,-0.9985669255256654,0.40051364898681646,0.3659841497668742
Co20Ni22Pd21Rh23Ru22,8,2.4507741071283817,1.7173926830291746,-0.8062731197902133,-0.08730024099349976,0.365884083904895
Co18Ni18Pd30Rh23Ru19,8,3.205313056707382,1.926393222808838,-1.3198376178741456,-0.37435857454935717,0.365551857012794
Co19Ni26Pd23Rh21Ru19,8,2.2728006839752197,1.6491003831227622,-1.0213056405385337,-0.5642158985137941,0.3654364811905889
Co14Ni26Pd16Rh23Ru29,8,2.6596785709261894,1.80011704989842,-0.6996933392116002,0.21032247543334961,0.365191177038402
Co19Ni23Pd20Rh21Ru25,8,3.0572647228837013,1.7645010948181152,-1.2627136707305908,-0.16146430969238282,0.36232652914608254
Co19Ni30Pd20Rh17Ru22,8,2.2284488305449486,1.7806954781214397,-0.664977510770162,-0.29268336296081543,0.361236016388693
Co21Ni23Pd27Rh22Ru15,8,2.934330765157938,2.315709352493286,-0.9034748077392574,-0.8397324085235598,0.359009184845014
Co24Ni27Pd22Rh18Ru17,8,2.6486185789108276,1.510680913925171,-0.678936998049418,0.7923674583435057,0.3587252771128945
Co16Ni22Pd29Rh17Ru24,8,3.303991973400116,1.9472143650054932,-1.129486083984375,0.01763916015625,0.35839533148923086
Co22Ni20Pd18Rh33Ru15,8,2.871832113713026,1.6513688961664834,-0.7741225163141886,0.6433099210262297,0.35808884727305756
Co22Ni18Pd19Rh27Ru22,8,2.11288520693779,1.640180778503418,-0.48025012016296387,0.13235816955566407,0.3557363998981226
Co21Ni21Pd19Rh28Ru19,8,2.336470291018486,1.6071553230285645,-1.1589552760124207,-0.6731269836425782,0.35488240716356234
Co26Ni26Pd23Rh21Ru12,8,2.3451015278697014,1.680863332748413,-0.7043700695037842,-0.025829493999481312,0.354738195891351
Co24Ni24Pd20Rh19Ru21,8,2.3120215982198715,1.5432365735371907,-0.7119684219360352,0.1917473077774049,0.35384885666591415
Co24Ni22Pd24Rh23Ru15,8,2.1839829310774803,1.6173546314239502,-0.5706657682146344,0.09242153167724632,0.3491449838849596
Co22Ni23Pd24Rh16Ru23,8,2.0937617495656013,1.3890278339385986,-0.7209827899932861,0.16321587562561013,0.34665916948656655
Co15Ni22Pd25Rh25Ru21,8,3.232369616627693,2.0660533905029297,-0.7957623402277628,0.2020589510599772,0.34508742258474545
Co23Ni22Pd23Rh15Ru25,8,1.7847798019647598,1.360876703262329,-0.5456043243408203,0.09620308876037598,0.3449059838373295
Co15Ni26Pd30Rh15Ru22,8,2.7809985280036926,1.5973779814583915,-0.6868696553366525,0.7254883561815534,0.3445735939870245
Co19Ni16Pd27Rh20Ru26,8,2.9092312902212143,1.7749855041503908,-0.9400708198547363,0.10133004188537591,0.34445752250682854
Co23Ni25Pd21Rh22Ru17,8,2.37243240326643,1.5323822100957236,-0.6265839338302613,0.401498760495867,0.34346464495785844
Co16Ni22Pd20Rh23Ru27,8,2.395828749984503,1.771647334098816,-1.0555616617202759,-0.7985245585441588,0.3422718856630816
Co17Ni20Pd20Rh27Ru24,8,2.4675234258174896,1.4967774663652693,-0.5871049563090006,0.6647239412580218,0.34183837877922085
Co17Ni18Pd26Rh22Ru25,8,2.1314186677336693,1.3669432004292805,-0.596935749053955,0.4505101272038052,0.3409392545616584
Co21Ni15Pd22Rh28Ru22,8,2.4528935849666595,1.5726002693176269,-0.7515811920166016,0.19867655209132598,0.3398622568984965
Co25Ni19Pd12Rh27Ru25,8,2.4681274853646755,1.9381238222122192,-0.8556255340576172,-0.7036998271942139,0.33949557854821366
Co22Ni25Pd26Rh19Ru16,8,2.213284522294998,1.401042103767395,-0.7728429635365804,0.18162981669108066,0.3392176055150742
Co27Ni20Pd24Rh20Ru17,8,2.401818446815014,1.8130846977233888,-0.9839054107666015,-0.7644735813140867,0.3388466370613967
Co18Ni30Pd31Rh14Ru15,8,3.3314570151269436,1.8449440002441406,-1.259885311126709,-0.04906368255615264,0.33708593336846504
Co12Ni22Pd21Rh24Ru29,8,2.7675519958138466,1.832148858479091,-1.1755903164545694,-0.6491392850875854,0.33587605160091505
Co22Ni21Pd29Rh11Ru25,8,2.9166090041399,1.60298980985369,-0.6218570981706891,0.9644896189371744,0.333105279688219
Co21Ni26Pd22Rh19Ru20,8,2.307687573134899,1.567775297164917,-0.65606164932251,0.13747286796569824,0.3303130109948077
Co21Ni26Pd19Rh24Ru18,8,2.310747817158699,1.62306547164917,-0.7810592651367192,-0.19187116622924796,0.3290148329371017
Co23Ni24Pd29Rh12Ru20,8,2.2623698487877846,1.417900800704956,-0.602936840057373,0.46355533599853516,0.3282708970468592
Co20Ni20Pd26Rh21Ru21,8,3.0126211047172546,2.1292249679565427,-0.9688549041748047,-0.5937816500663757,0.32787551008640414
Co21Ni25Pd22Rh23Ru17,8,1.926391415297985,1.2720582485198975,-0.15430307388305664,1.0742011547088623,0.3273157818652733
Co23Ni20Pd18Rh21Ru26,8,2.39035614579916,1.54310933748881,-0.6388441562652588,0.3136700838804245,0.32634868502693837
Co17Ni20Pd25Rh25Ru21,8,2.0336867421865463,1.4420338698795865,-0.6999834265027728,-0.0929070711135865,0.32116021486331847
Co22Ni19Pd15Rh22Ru30,8,2.413264699280262,1.7132433414459227,-1.0060922145843505,-0.6576472918192545,0.3208010028242562
Co18Ni20Pd21Rh24Ru25,8,2.2548230290412903,1.6541336059570313,-0.7607049465179443,-0.33113606770833337,0.3202775492842176
Co32Ni15Pd14Rh17Ru30,8,2.506943054497242,1.9584434032440186,-0.5011253356933594,-0.16874277591705333,0.31741577906709495
Co21Ni22Pd24Rh25Ru16,8,1.9162010326981544,1.1115363041559856,-0.5914953549702963,0.5792756974697113,0.3146689841550066
Co23Ni16Pd22Rh17Ru30,8,2.724009457975626,2.0461814403533936,-0.5387735366821289,-0.12988487879435207,0.31415202624543825
Co18Ni23Pd28Rh18Ru21,8,3.4377961605787277,1.819574451446533,-0.9196026325225829,0.6411407788594564,0.31383892839923355
Co20Ni25Pd23Rh20Ru20,8,2.6951930448412895,1.6531987190246582,-0.8336046695709227,0.11044303576151522,0.31207891082228056
Co24Ni20Pd19Rh18Ru27,8,2.388592664152384,2.000869115193685,-0.9152938524881998,-1.156234323978424,0.3113381337023474
Co17Ni30Pd23Rh20Ru18,8,2.370543487370014,1.4966787815093996,-0.7534774780273438,0.11509358882904042,0.3096089559518761
Co30Ni21Pd14Rh22Ru21,8,2.195437263697386,1.5963162978490193,-0.5871837933858236,-0.03797690073649066,0.3095655973730863
Co24Ni16Pd21Rh27Ru20,8,1.9108615592122078,1.7534124851226807,-0.6486296653747559,-0.8669350743293762,0.30537338123074764
Co28Ni19Pd18Rh25Ru18,8,2.031325399875641,1.7095207571983337,-0.7789231538772583,-0.8398429155349731,0.3052270325330954
Co20Ni24Pd22Rh20Ru22,8,2.3789358735084534,1.7469667792320251,-0.9288393259048463,-0.7097774147987365,0.30336508634058623
Co16Ni18Pd21Rh26Ru27,8,2.476684395223856,1.4661543369293213,-0.5834257602691649,0.5844182968139647,0.30197495732371854
Co18Ni25Pd26Rh20Ru19,8,1.9855138286948204,1.4550520777702332,-0.5813238620758057,-0.058855652809143066,0.30160363631197507
Co16Ni16Pd24Rh18Ru34,8,2.6848964914679527,1.8684696810586112,-1.1056603988011677,-0.857306957244873,0.30054607955684987
Co30Ni22Pd19Rh17Ru20,8,2.1503757163882256,1.895637035369873,-0.44256099065144844,-0.4957934021949769,0.2999046871335643
Co24Ni20Pd25Rh25Ru14,8,2.8002815321087837,1.9293293356895447,-0.5904049873352047,0.06380256017049139,0.2998335011794357
Co17Ni23Pd23Rh20Ru25,8,2.5346037708222866,1.6360998749732971,-1.0702654719352722,-0.5320972919464112,0.29976814471338037
Co21Ni24Pd27Rh14Ru22,8,3.1500859558582306,1.2159053484598796,-1.0383265018463135,1.2108352184295654,0.2992791707876916
Co13Ni21Pd30Rh20Ru24,8,2.4958914071321487,1.6418024131229945,-1.0814521653311593,-0.6238024830818177,0.2977528483946833
Co23Ni19Pd16Rh22Ru28,8,2.4964043870568275,1.77784260114034,-1.0115873018900554,-0.786307712395986,0.29580330874213984
Co23Ni17Pd29Rh20Ru19,8,3.07964251562953,2.205300748348236,-0.9211260080337524,-0.7056148648262024,0.295472484069806
Co22Ni25Pd21Rh22Ru18,8,2.402613814920187,1.7215023040771484,-0.5520042419433594,-0.006964050233364105,0.2953565472648042
Co19Ni22Pd27Rh24Ru16,8,2.1559781208634377,1.860023776690165,-0.5970664819081625,-0.703839635848999,0.2947425886280367
Co23Ni16Pd21Rh20Ru28,8,2.3417764753103256,1.8472694754600525,-0.937818169593811,-1.0175370573997498,0.29393276038067107
Co19Ni19Pd18Rh29Ru23,8,2.6663499511778355,1.7767265439033508,-0.8441339731216428,-0.2789698123931886,0.29198027633932727
Co18Ni26Pd17Rh25Ru22,8,2.660788018256426,1.4414216876029968,-0.629104256629944,0.7489259924207415,0.2878628540710197
Co26Ni25Pd18Rh18Ru21,8,2.8441146165132523,1.7726733684539795,-0.6675448417663574,0.25852906703948975,0.2876076939967999
Co21Ni26Pd22Rh20Ru19,8,2.261195208877325,1.7568583885828655,-0.35723026593526214,0.029390786375318254,0.28639913720521926
Co16Ni25Pd17Rh29Ru21,8,1.9222823455929756,1.281461306980678,-0.3821887629372733,0.48638319969177246,0.28547640909886285
Co22Ni23Pd23Rh16Ru24,8,2.7580230571329594,1.5397669792175293,-0.8200570344924926,0.3375466465950011,0.2844070260012088
Co23Ni24Pd18Rh23Ru20,8,2.3322296887636185,1.9017085075378417,-0.8088155746459961,-0.9566066265106201,0.2843951906234218
Co25Ni22Pd20Rh16Ru25,8,2.697919573634863,1.7192142605781555,-0.8093249797821045,-0.1114150881767273,0.2790637167041632
Co19Ni23Pd26Rh22Ru18,8,2.672052673995495,1.6662519375483196,-0.7450542052586873,0.06564188003540054,0.27749797817585775
Co16Ni28Pd25Rh24Ru15,8,3.544848918914795,1.7140742540359497,-1.048751433690389,0.6285219192504883,0.27699085329689227
Co18Ni24Pd21Rh19Ru26,8,2.335399530827999,1.5830614566802979,-0.6645985841751099,-0.09138727188110396,0.27574170576501894
Co21Ni21Pd24Rh22Ru20,8,3.2619197480380535,1.9262089729309082,-1.110485851764679,-0.3109591347830634,0.27265753627087685
Co18Ni21Pd24Rh21Ru24,8,2.559785932302475,1.4571311473846436,-0.6628571152687074,0.45941534638404835,0.27255210527748985
Co27Ni21Pd19Rh21Ru20,8,2.1519981995224953,1.5312547087669373,-0.674289345741272,-0.2654395898183188,0.2725203950293463
Co26Ni21Pd18Rh30Ru13,8,1.9059207364916801,1.5656589984893798,-0.47055559158325194,-0.32385104043143137,0.2710131476761981
Co24Ni14Pd17Rh34Ru19,8,1.9469903782010078,1.4430774450302124,-0.3946230411529541,0.11005973815917969,0.2705324255984794
Co20Ni24Pd15Rh27Ru22,8,2.4709770753979683,1.5102336406707764,-0.4980916976928711,0.4994309743245446,0.2685382629351843
Co24Ni19Pd18Rh20Ru27,8,2.3467028811573982,1.8422444820404054,-0.6621323585510256,-0.6325448036193847,0.26713498553546167
Co27Ni23Pd20Rh13Ru25,8,2.9193501248955727,1.6277438799540203,-0.8985759417215983,0.17254815101623544,0.26707085293204946
Co19Ni17Pd22Rh23Ru27,8,2.642596025019884,1.823406974474589,-0.5958375136057535,-0.07828487668718617,0.26690386985250203
Co17Ni26Pd14Rh26Ru25,8,2.5432285740971565,1.754278302192688,-0.767765204111735,-0.37437411149342853,0.26589516134106506
Co21Ni22Pd19Rh24Ru22,8,2.068020284175873,1.4479703903198242,-0.9003886779149374,-0.6316089232762655,0.2650594761705291
Co19Ni26Pd18Rh24Ru21,8,2.286375932395458,1.4522429943084716,-0.6343765735626221,0.10805702209472656,0.26298618537360097
Co19Ni21Pd23Rh18Ru27,8,2.3683990985155106,1.3963109016418456,-0.6827850341796873,0.2447117328643797,0.2618189638129389
Co19Ni18Pd21Rh25Ru25,8,2.2807383686304092,1.6212499618530274,-1.011964738368988,-0.9082860946655275,0.25975681904868264
Co21Ni24Pd23Rh20Ru20,8,2.1914419308304787,1.3922218254634313,-0.5671299525669643,0.2032656329018729,0.25959285822876066
Co23Ni20Pd22Rh20Ru23,8,2.274774741381407,1.6632933020591736,-0.849894881248474,-0.7269490857919058,0.25843180567581836
Co15Ni21Pd24Rh19Ru29,8,2.626520000398159,1.7479419708251953,-0.7896804809570312,-0.3177834749221802,0.25807031505766465
Co22Ni11Pd20Rh22Ru33,8,2.8424028269946575,1.8337981700897217,-0.9099442481994628,-0.41350412368774414,0.25629167315610646
Co22Ni20Pd13Rh27Ru26,8,2.339603565633297,1.4148119290669758,-0.6089466412862142,0.2711063226064046,0.25575621186356035
Co17Ni28Pd13Rh26Ru24,8,2.811531074345112,1.5160748362541199,-0.7910836935043335,0.391179879506429,0.25541443527072627
Co16Ni26Pd19Rh27Ru20,8,2.85475567728281,1.7098508278528848,-0.8764148950576781,-0.0981611708799998,0.2535870915396359
Co22Ni23Pd18Rh21Ru24,8,2.34172023832798,1.4720405737559001,-0.444084326426188,0.4269125461578367,0.25182846975156437
Co22Ni20Pd28Rh14Ru24,8,2.447686679661274,1.4541730086008708,-0.8078336715698242,-0.02301769256591788,0.251439550687773
Co20Ni18Pd26Rh23Ru21,8,2.667366724461317,1.6102719306945803,-1.1419898668924968,-0.6249866008758544,0.24986730501360535
Co26Ni16Pd23Rh15Ru28,8,2.3361597061157227,1.857579588890076,-0.5170791149139404,-0.5024822950363159,0.24854761470816267
Co23Ni19Pd23Rh23Ru20,8,2.7990064956247807,1.667220413684845,-0.8493601083755493,-0.07629168033599854,0.24478903082497752
Co20Ni21Pd15Rh29Ru23,8,2.2222109586000443,1.2068408966064452,-0.5198150634765624,0.6422919750213623,0.24456395247882265
Co15Ni24Pd26Rh24Ru19,8,2.55898180231452,1.6442985932032268,-0.696138858795166,-0.10493588447570808,0.24143015996756534
Co21Ni24Pd18Rh25Ru20,8,2.97056495398283,1.7252388000488281,-0.5955185095469157,0.46371960639953624,0.2412546270389608
Co21Ni21Pd16Rh24Ru26,8,2.9139766916632652,1.9232816696166992,-1.025791072845459,-0.7888511568307878,0.23383423268893705
Co17Ni25Pd19Rh20Ru27,8,2.7505344934761524,1.6417327267783028,-0.8775475365774972,-0.18469953536987305,0.23354329425850892
Co21Ni19Pd32Rh16Ru20,8,2.321717455983162,1.3914688587188722,-0.5760168075561524,0.25678415298461915,0.23244947855794648
Co21Ni20Pd16Rh27Ru24,8,2.3492832332849503,1.606887400150299,-0.3914886713027954,0.17249155044555664,0.2315682645797038
Co17Ni20Pd23Rh25Ru23,8,2.7866438142955303,1.6909792025883992,-0.8878137667973836,-0.2654626965522766,0.2305313619532661
Co21Ni30Pd23Rh19Ru15,8,2.909097120165825,1.6903009414672852,-0.9915532469749451,-0.2824547290802002,0.22915120390276117
Co20Ni14Pd25Rh22Ru27,8,3.4235282465815544,2.1264578898747764,-0.9489409923553466,-0.3956718444824218,0.22882449331434132
Co21Ni25Pd25Rh23Ru14,8,1.784284546971321,1.1157512068748472,-0.3870064020156858,0.3895798126856486,0.22686842987299105
Co16Ni22Pd30Rh15Ru25,8,3.274066500365734,1.9131470521291096,-0.7141903241475424,0.21867551803588867,0.22362456027174765
Co21Ni19Pd22Rh23Ru23,8,2.5489280223846436,1.7425758361816406,-0.6499203681945802,-0.31812907457351675,0.2216630087831826
Co18Ni20Pd18Rh31Ru21,8,2.4655729606747627,1.5608708063761394,-0.6105394760767618,-0.010346114635467474,0.21778851999944226
Co18Ni20Pd22Rh21Ru27,8,2.2378120496869087,1.9962633609771727,-0.7994633197784423,-1.5306536455949147,0.21767182859470846
Co24Ni26Pd19Rh23Ru16,8,2.9123727157711983,2.0398709297180178,-0.7960625648498535,-0.7005343079566955,0.21653770420775525
Co15Ni27Pd19Rh20Ru27,8,2.467126466333866,1.6122583150863647,-0.785592794418335,-0.4242042700449626,0.21553452042348345
Co19Ni18Pd28Rh24Ru19,8,2.6889851950109005,1.5369060039520264,-0.7711833545139857,0.04966286818186435,0.21413616201358987
Co18Ni22Pd22Rh23Ru23,8,2.6164354011416435,1.5951670805613198,-0.7917302449544271,-0.20342636108398482,0.21396714129287348
Co21Ni15Pd20Rh25Ru27,8,3.4995120726525784,2.167100429534912,-1.0036206245422363,-0.5311823844909667,0.2135355779227756
Co16Ni22Pd17Rh25Ru28,8,2.4667615219950676,1.6896514892578127,-1.104772424697876,-1.1453111469745636,0.2126003215179271
Co22Ni24Pd23Rh20Ru19,8,2.995784357190132,1.794724988937378,-0.798068618774414,-0.11172080039978027,0.21193108321631302
Co22Ni23Pd23Rh20Ru20,8,2.2200627997517586,1.2457459767659504,-0.6523510615030924,0.19766767819722486,0.21152220111431774
Co16Ni28Pd21Rh25Ru18,8,2.526879571378231,1.5252179304758708,-0.8834348519643148,-0.36745357513427734,0.20761760120647607
Co24Ni21Pd23Rh17Ru23,8,1.9152914136648178,1.1701486110687254,-0.5272032419840494,0.12898099422454823,0.2056004002903808
Co23Ni15Pd22Rh28Ru20,8,2.6815096735954285,1.4409046570460002,-0.7892062664031981,0.1665325760841373,0.2050808764829307
Co17Ni22Pd23Rh27Ru19,8,2.643072083592415,1.4740678310394286,-0.5750176429748535,0.4092705249786375,0.20312719322366818
Co21Ni24Pd17Rh30Ru16,8,2.686655268073082,1.681814432144165,-0.7585914134979247,-0.27755176169531687,0.2013464828436014
Co15Ni24Pd19Rh24Ru26,8,2.504030868411064,1.4270737171173096,-0.48463140215192524,0.4627966403961182,0.2009053482858298
Co20Ni30Pd24Rh17Ru17,8,2.310885116457939,2.073175847530365,-0.4642157554626465,-1.0774891972541811,0.2004727383136268
Co19Ni21Pd24Rh19Ru25,8,2.0710573196411133,1.6273561886378698,-0.6860710779825846,-0.88997483253479,0.19859210222083612
Co23Ni18Pd19Rh34Ru14,8,2.7879265882074833,1.4929996967315673,-0.6611816883087158,0.3971145649751027,0.19774031271678127
Co20Ni20Pd24Rh20Ru24,8,2.124571193009615,1.4916482269763947,-0.36799436807632446,0.0012528300285339355,0.19693099175098988
Co19Ni26Pd22Rh17Ru24,8,2.747697599232197,1.4296428362528484,-0.7051941553751627,0.39133983850479115,0.19685826972856585
Co22Ni22Pd19Rh26Ru19,8,2.1715431064367294,1.4845174551010132,-0.5478046417236329,-0.23517805337905895,0.1959454498571175
Co15Ni22Pd23Rh27Ru21,8,1.3960923254489899,0.822053909301758,-0.5733572244644167,-0.003680075917925169,0.19243966511523097
Co17Ni30Pd15Rh28Ru18,8,2.014184057712555,1.3180479322160994,-0.5550199236188617,-0.14765337535313197,0.19005276774022875
Co25Ni21Pd26Rh18Ru18,8,2.5744269266724586,1.4699851274490359,-0.6748074293136601,0.09744807652064738,0.1897104195997101
Co19Ni26Pd21Rh24Ru18,8,2.5323918238282204,1.396442949771881,-0.5043386816978453,0.48373274008433015,0.18960164551953673
Co24Ni18Pd23Rh22Ru21,8,2.6710725128650665,1.584374229113261,-0.7181899944941202,-0.08336445263453893,0.18844487623394995
Co19Ni24Pd21Rh22Ru22,8,2.900297772139311,1.7650640010833738,-0.7059140205383299,-0.11925594011942546,0.1879141921294497
Co17Ni28Pd23Rh17Ru23,8,2.511084832251072,1.7966868877410889,-0.596937338511149,-0.5258806705474852,0.1875370303330975
Co23Ni21Pd23Rh23Ru18,8,2.9012781642377377,1.9329397082328796,-0.7543269991874695,-0.5467348098754883,0.18681303636163804
Co17Ni30Pd21Rh26Ru14,8,2.899122543632984,1.642941176891327,-0.647101402282715,0.21713006496429443,0.1850716010015938
Co18Ni18Pd29Rh18Ru25,8,3.7188355028629303,1.762664270401001,-1.0338487148284912,0.4196646809577941,0.18488594364894367
Co18Ni23Pd18Rh20Ru29,8,2.4583522267639637,1.3919613758722942,-0.6451682249704996,0.1279484331607818,0.18446546765748723
Co25Ni23Pd23Rh20Ru17,8,1.9136385694146156,1.5128847360610962,-0.3115088939666748,-0.28963470458984375,0.1824509908448318
Co18Ni28Pd21Rh18Ru23,8,3.116136848926544,1.518966197967529,-0.7560171127319335,0.5414177576700846,0.17662740427466517
Co22Ni23Pd28Rh20Ru15,8,3.2811913266777992,2.308351993560791,-1.0743212699890137,-1.3872154355049133,0.1763853465608557
Co16Ni25Pd21Rh24Ru22,8,2.947022784501314,1.6745229959487915,-0.6183836460113527,0.231343944867452,0.1760563576263558
Co22Ni18Pd26Rh30Ru12,8,3.3131194338202477,2.041879177093506,-0.9429709434509277,-0.5859121084213256,0.1739350520754938
Co15Ni29Pd20Rh24Ru20,8,2.653334129601717,1.7495828151702881,-0.9851199150085449,-0.9640206495920818,0.17363930886506107
Co23Ni21Pd18Rh17Ru29,8,2.399152547121048,1.3694129467010496,-0.711238670349121,-0.07820134162902832,0.1703250984404947
Co15Ni18Pd27Rh25Ru23,8,2.7340568229556084,1.3515894412994385,-0.6507222652435302,0.515662431716919,0.16974759013766205
Co19Ni21Pd16Rh36Ru16,8,2.789516855031252,1.6005442937215169,-1.2787915706634523,-1.0062626600265503,0.168128873545058
Co13Ni25Pd17Rh30Ru23,8,3.299556590616703,1.6669762929280598,-0.9087578773498535,0.1910279393196106,0.16786406524157393
Co23Ni21Pd24Rh18Ru22,8,3.0466039031744003,1.7709983984629314,-1.2775910377502442,-1.005968689918518,0.16677459084888935
Co23Ni24Pd24Rh16Ru21,8,2.9205766282975674,1.5490915775299072,-0.8069263185773579,0.07852995395660411,0.16480684734402162
Co16Ni22Pd23Rh21Ru26,8,2.531655989587307,1.4237415790557861,-0.6631760199864706,0.04381978511810303,0.16266480237684708
Co28Ni24Pd16Rh20Ru20,8,2.947861436754465,1.9944569269816081,-0.4573793411254883,-0.1930253505706787,0.16257520932214914
Co17Ni21Pd24Rh26Ru20,8,2.879840575158596,1.372532606124878,-0.826314115524292,0.33713793754577637,0.16214094328524553
Co22Ni20Pd20Rh19Ru27,8,2.5740212872624397,1.4521862268447874,-0.4606914520263671,0.37930949529012076,0.15911018047871567
Co20Ni29Pd21Rh14Ru24,8,2.627773441374302,1.6418400764465333,-0.8983691692352295,-0.6892821192741394,0.15903226347353572
Co19Ni13Pd25Rh25Ru26,8,2.7708746939897537,1.6851853132247925,-0.6467725038528441,-0.14927875995636009,0.15866034509768145
Co20Ni14Pd28Rh26Ru20,8,2.729111395776272,1.148191547393799,-1.0733116269111633,0.1461873054504395,0.1586005443342542
Co16Ni27Pd24Rh22Ru19,8,2.6495189405977726,1.6203964948654175,-0.6390792926152548,-0.17385625839233398,0.15759147622081865
Co19Ni12Pd23Rh27Ru27,8,2.9927838295698166,1.7326171795527139,-0.8329677581787109,-0.277939932686942,0.15560782997952843
Co23Ni20Pd22Rh24Ru19,8,2.954858399927616,1.6114343643188476,-0.6844115257263185,0.17041316032409667,0.1549242672498714
Co24Ni19Pd23Rh21Ru21,8,2.857330746948719,1.2970490455627441,-0.8593021035194397,0.36733800172805786,0.1534018731560666
Co27Ni26Pd19Rh18Ru18,8,2.7820348404347897,1.6495531627110072,-0.6599789346967425,-0.10862656434377034,0.15272588904665574
Co17Ni24Pd18Rh27Ru22,8,2.4725985527038574,1.470287799835205,-0.3644406795501709,0.34011568341936377,0.15147213288941752
Co20Ni26Pd20Rh21Ru21,8,2.742136299610138,1.8243191242218018,-0.28278017044067383,0.12837276458740243,0.15123113238921074
Co15Ni25Pd19Rh21Ru28,8,3.081381730735302,1.5975201606750489,-0.9003819465637208,-0.02262824773788452,0.14996973137708872
Co23Ni16Pd21Rh31Ru17,8,2.382434770464897,1.6345971425374348,-0.9754321575164795,-1.1816121737162273,0.14909590158882305
Co18Ni20Pd18Rh24Ru28,8,2.2752111852169037,1.5660329818725587,-0.6711011886596678,-0.6682372689247134,0.14761981053782652
Co19Ni28Pd18Rh25Ru18,8,2.3438339456915855,1.4182888439723425,-0.47639002118791873,0.05846873919169123,0.14688224143336764
Co22Ni25Pd32Rh15Ru14,8,2.9143781289458275,1.5853425661722818,-0.5161330699920653,0.42571616172790516,0.1466541294965258
Co19Ni24Pd24Rh20Ru21,8,2.8477091155946255,1.7068268458048503,-0.8740542729695638,-0.5430214802424114,0.14346626606566176
Co19Ni24Pd19Rh26Ru20,8,2.1811016649007797,1.4474643071492515,-0.8236504395802816,-0.8377168178558351,0.14306000727320392
Co22Ni22Pd19Rh22Ru23,8,2.5385529547929764,1.4754934651511056,-0.5929937362670897,-0.024392962455749734,0.13946006833338584
Co21Ni20Pd18Rh17Ru32,8,2.747572861611843,1.752793312072754,-0.5384375254313151,-0.21265659332275408,0.13845517965716325
Co27Ni22Pd13Rh28Ru18,8,2.2425905726850033,1.6418577829996746,-0.6896068572998046,-0.938088099161784,0.1378238514487949
Co22Ni30Pd20Rh16Ru20,8,2.9750549718737602,1.7604903221130372,-0.8705853223800659,-0.49857910474141454,0.1370821057611849
Co16Ni18Pd22Rh27Ru25,8,2.522000089287758,1.5445153713226318,-0.8299682140350342,-0.6074624061584473,0.13676720520443914
Co26Ni14Pd25Rh20Ru23,8,2.9281443655490875,1.3925735473632812,-0.9082682609558106,0.11771183013916016,0.13673230133074626
Co19Ni21Pd18Rh21Ru29,8,2.7690144404768944,1.7800906896591187,-0.8834159374237063,-0.8428600430488584,0.13655393270377203
Co22Ni25Pd19Rh24Ru18,8,3.0632634349167347,1.7217092911402385,-0.8466217915217082,-0.2670269012451172,0.1349758531534256
Co17Ni20Pd20Rh30Ru21,8,2.7238131910562515,1.6096453666687012,-1.1046743392944336,-0.9591325283050537,0.132038917313389
Co19Ni22Pd24Rh16Ru27,8,2.2482426837086678,1.5629408955574036,-0.6445738077163699,-0.7168776392936705,0.13177700306726492
Co21Ni23Pd20Rh23Ru21,8,2.8155178502202034,1.351522752216884,-0.7460902077811105,0.29828476905822776,0.1293440357052923
Co20Ni25Pd22Rh20Ru21,8,3.0411485210061073,1.6025525093078614,-0.8070759296417236,-0.00981774330139178,0.12932007991345335
Co18Ni16Pd28Rh29Ru17,8,2.227711994200945,1.3108583518436978,-0.641434737614223,-0.24171632528305056,0.12833896819359716
Co21Ni23Pd20Rh22Ru22,8,2.6067847348749638,1.5419040203094483,-0.7267062187194824,-0.34596570332845067,0.1274773980759222
Co24Ni20Pd22Rh22Ru20,8,2.562837354838848,1.5077538013458252,-0.550204849243164,-0.043011188507079856,0.12459600839486612
Co20Ni20Pd18Rh30Ru20,8,3.382572490721941,1.6360136667887368,-0.6921791235605875,0.5650224089622498,0.1243405678465818
Co21Ni21Pd19Rh27Ru20,8,2.896241556853056,1.621947924296061,-0.811909914016724,-0.29307099183400465,0.11980799367397547
Co23Ni21Pd24Rh24Ru16,8,2.479881167411804,1.7729828357696533,-0.6134912967681885,-0.8257729411125182,0.11907833949155439
Co22Ni16Pd16Rh27Ru27,8,2.9367198944091797,1.7621987819671632,-0.5895942687988283,-0.15333056449890115,0.11611342308377356
Co21Ni24Pd17Rh20Ru26,8,2.755607843399048,1.465476353963216,-0.4906654357910156,0.36702044804890965,0.11450583678616534
Co18Ni30Pd19Rh21Ru20,8,2.2517383620142937,1.351719549724034,-0.6469775268009731,-0.3661980152130127,0.11235760260966282
Co22Ni23Pd18Rh20Ru25,8,2.0514919757843018,1.5666962464650471,-0.3449217478434245,-0.5549592971801758,0.1117961263761657
Co28Ni20Pd13Rh23Ru24,8,2.9428846165537834,1.7000527381896973,-0.7414159774780273,-0.30477023124694824,0.1102984601971043
Co24Ni22Pd26Rh20Ru16,8,2.228877365589142,1.5395774841308594,-0.45188331604003906,-0.4521984060605367,0.10966545947066213
Co20Ni25Pd20Rh18Ru25,8,2.71455942094326,1.8441683769226074,-0.4499975204467773,-0.40994977951049805,0.10883469265965591
Co13Ni23Pd27Rh23Ru22,8,3.1629332564771175,1.4141655445098877,-0.7963751792907715,0.466196209192276,0.10697485782143086
Co23Ni26Pd26Rh18Ru15,8,2.9461776837706566,1.8827248811721802,-0.5578745603561401,-0.37560420036315917,0.10489823597667156
Co21Ni19Pd18Rh22Ru28,8,3.0869810692965984,1.5650544166564944,-0.7253106117248534,0.17029280662536622,0.10469041839993992
Co23Ni26Pd18Rh19Ru22,8,3.077248230576515,1.8228509426116943,-0.4071165720621745,0.179492235183716,0.10360656869929334
Co21Ni22Pd20Rh20Ru25,8,2.5154063999652863,1.3405434489250183,-0.6173216104507446,0.028982210159301757,0.10313343462721215
Co20Ni23Pd24Rh18Ru23,8,3.04619549959898,1.7494656244913738,-0.9554533958435059,-0.665246287981669,0.1026998352724799
Co27Ni20Pd15Rh19Ru27,8,2.7095376141369343,1.3744982481002808,-0.6690919399261475,0.1315941333770752,0.10239284511561396
Co18Ni23Pd30Rh17Ru20,8,2.8871405199170113,1.7564404010772705,-1.073525309562683,-1.1017029762268067,0.10222375658257624
Co23Ni23Pd16Rh25Ru21,8,2.6333972327411175,1.6216697692871094,-0.5519173940022785,-0.28571923573811836,0.09875846997544713
Co29Ni22Pd18Rh24Ru15,8,2.772297751158476,1.5678460597991943,-0.7964804649353027,-0.4173608223597209,0.0970170260028857
Co16Ni27Pd26Rh17Ru22,8,2.920271098613739,1.7386486530303955,-0.9581003189086914,-0.8509916237422399,0.09481971466836453
Co18Ni19Pd23Rh19Ru29,8,3.2071599662303925,1.7390515009562175,-0.9101869265238441,-0.3829731345176698,0.09380253171014004
Co24Ni23Pd22Rh18Ru21,8,2.188957616686821,1.6420764923095703,-0.7883735656738281,-1.3851181864738467,0.08765971674033796
Co23Ni22Pd18Rh17Ru28,8,2.492609817534685,1.7542213996251426,-0.47510695457458496,-0.6614778836568197,0.08687550896237359
Co22Ni23Pd23Rh19Ru21,8,3.090669948607683,1.7053459882736206,-0.5492660999298095,0.10787639766931523,0.08318152665496549
Co21Ni24Pd20Rh20Ru23,8,2.688583243638277,1.1615488529205324,-0.6052157878875737,0.5655409495035805,0.08259003413006125
Co20Ni23Pd20Rh23Ru22,8,2.271133467555046,1.5909801125526428,-0.40062332153320324,-0.5222382545471191,0.08203255956251629
Co23Ni22Pd21Rh21Ru21,8,2.2677460685372353,1.3984675407409668,-0.5537370681762696,-0.40413886308670044,0.08121148042235199
Co21Ni16Pd18Rh28Ru25,8,2.529283780604601,1.2792261838912964,-0.569011926651001,0.16006584962209067,0.07947201033531454
Co22Ni22Pd19Rh20Ru25,8,2.336794041097164,1.198136528333028,-0.4030064582824708,0.3453571796417238,0.07837586884164366
Co20Ni29Pd18Rh17Ru24,8,2.646415591239929,1.7284636974334717,-0.6406439781188965,-0.7260190248489381,0.07702508912694156
Co20Ni23Pd28Rh19Ru18,8,2.7701541259884834,1.540101957321167,-0.47133338451385487,0.11076196034749348,0.07544706433789239
Co25Ni18Pd24Rh20Ru21,8,2.5080189630389214,1.391133975982666,-0.34945874214172373,0.26243346929550176,0.07425661650994839
Co20Ni17Pd25Rh27Ru19,8,2.8295442312955856,1.8398537635803223,-0.9131311416625976,-1.1903502941131592,0.07298647245242881
Co16Ni20Pd20Rh25Ru27,8,2.504906788468361,1.3647905826568603,-0.5055573463439941,0.03490400314331055,0.07253858006427927
Co21Ni20Pd29Rh18Ru20,8,2.6446094028651714,1.325149933497111,-0.6171499093373618,0.10671606063842773,0.07112191168467147
Co16Ni20Pd22Rh26Ru24,8,3.496153712272644,1.5498098731040955,-1.1837965250015259,-0.176667849222819,0.06962442906780528
Co29Ni20Pd21Rh16Ru22,8,2.721575103700161,2.2221319675445557,-0.6737551689147949,-1.7147725820541382,0.06913839845915398
Co29Ni20Pd16Rh20Ru23,8,2.6391932740807533,1.742447853088379,-0.4146927595138551,-0.40808346441813864,0.0685200893540045
Co19Ni26Pd16Rh26Ru21,8,2.2708413377404213,1.4319435755411785,-0.4902788798014323,-0.4118319749832154,0.0679495267904475
Co21Ni21Pd20Rh22Ru24,8,2.615308467298746,1.5007866223653157,-0.4525516827901204,-0.02001798152923584,0.06742450196652698
Co24Ni21Pd23Rh22Ru18,8,2.026607222855091,1.2456262906392415,-0.27341127395629866,0.0065859258174896795,0.06735695684709253
Co14Ni24Pd20Rh27Ru23,8,3.0890135169029236,1.500621259212494,-1.1591393947601318,-0.5987294912338257,0.06694557662144852
Co21Ni17Pd10Rh34Ru26,8,2.4980204328894615,1.434052586555481,-0.39378225803375266,0.04905990759531664,0.06534071071760464
Co27Ni18Pd23Rh21Ru19,8,3.4538227394223213,1.8851271152496336,-0.7926770210266113,-0.2629353602727254,0.06362949615058333
Co25Ni18Pd26Rh23Ru16,8,2.536977745592594,1.4796295166015625,-0.9130560954411824,-0.8951907753944398,0.06356008619333009
Co22Ni22Pd20Rh24Ru20,8,2.2199406772851944,1.5949834982554119,-0.7116007804870605,-1.217386156320572,0.06228180419634863
Co25Ni22Pd24Rh20Ru17,8,3.633582428097725,1.952387015024821,-0.818916161855062,-0.21037419637044272,0.06114658995463142
Co26Ni28Pd16Rh15Ru23,8,2.7592415660619736,1.533082127571106,-0.6905514001846313,-0.32759261131286627,0.06089870486468939
Co22Ni22Pd23Rh19Ru22,8,2.471292160451412,1.4796759128570558,-0.2759791374206544,0.1038980484008789,0.06043543922797172
Co21Ni27Pd24Rh16Ru20,8,2.866726640611887,1.337632954120636,-0.7528719305992126,0.10413031578063965,0.06006771077754364
Co26Ni15Pd19Rh30Ru18,8,2.1877312287688255,1.514254399708339,-0.6218350274222237,-0.9523378695760456,0.059777110214090684
Co25Ni10Pd17Rh24Ru32,8,3.1378398090600967,2.0392993688583374,-0.7256817817687988,-0.9108408490816752,0.058405664033100796
Co19Ni22Pd25Rh23Ru19,8,2.9132530726492405,1.4524436791737874,-0.5399970213572184,0.28992160161336256,0.056995302858591335
Co18Ni27Pd19Rh25Ru19,8,2.8411557115614414,1.7245834469795227,-0.7010592222213745,-0.6438417434692383,0.05574294800900506
Co22Ni19Pd25Rh20Ru22,8,2.3180467933416367,1.4997286399205525,-0.48244261741638184,-0.5239651501178741,0.0550186308763321
Co18Ni22Pd18Rh27Ru23,8,2.8248837925493717,1.2493397394816081,-0.8096063137054443,0.10371102889378865,0.053978553746428126
Co25Ni22Pd26Rh24Ru11,8,2.854063719511032,1.3271396636962889,-0.7796679496765135,0.032982587814331055,0.052922281248862835
Co30Ni22Pd21Rh24Ru11,8,2.586498811841011,1.5941722869873045,-0.6193844795227051,-0.5969597220420837,0.05262005668409363
Co30Ni16Pd24Rh21Ru17,8,2.5085136592388153,1.8442235946655272,-0.4306738853454589,-0.8879551887512208,0.05171092300607233
Co20Ni21Pd19Rh21Ru27,8,3.236573275178671,1.5157440503438315,-0.8123808701833091,0.10737790380205427,0.05131879492396775
Co20Ni23Pd21Rh21Ru23,8,2.3244270607829094,1.2217359145482383,-0.5038855870564778,-0.0033460617065428798,0.05127648713601833
Co20Ni17Pd24Rh23Ru24,8,3.4004805125296116,1.6255652507146199,-0.6667234897613525,0.35328344504038495,0.049864438621572055
Co20Ni32Pd15Rh19Ru22,8,2.286467671394348,1.4217062791188557,-0.32544612884521484,-0.17019522190093994,0.04686648152742291
Co15Ni25Pd24Rh27Ru17,8,2.67287739738822,1.3112535476684573,-0.6689397493998213,-0.01687273979187003,0.0462263860335554
Co19Ni18Pd20Rh24Ru27,8,2.862538553774357,1.372215231259664,-0.6744565010070802,0.09954941272735611,0.04418779336942059
Co21Ni21Pd18Rh26Ru22,8,2.77472385764122,1.3506962458292644,-0.5274511337280274,0.27345937490463257,0.043092370709888014
Co19Ni18Pd20Rh20Ru31,8,2.556014973670244,1.6014680385589601,-0.8305374145507814,-1.0568961302439372,0.04305108547291803
Co17Ni24Pd26Rh23Ru18,8,2.207578495144844,1.5070910056432087,-0.7406028509140014,-1.1927756411688668,0.040822293272834875
Co30Ni22Pd17Rh21Ru18,8,2.488028332591057,1.3933650016784669,-0.3289213180541992,0.1295318603515625,0.04046931295559372
Co20Ni17Pd26Rh20Ru25,8,2.5311353355646133,1.3929490089416503,-0.6298606872558593,-0.33448858062426234,0.03964620811578519
Co24Ni18Pd17Rh28Ru21,8,2.313613586127758,1.3706916332244874,-0.5023019790649415,-0.3766375184059142,0.03668243979175011
Co15Ni28Pd18Rh28Ru19,8,2.202577944844961,1.0919175545374553,-0.49897336959838867,0.03597725289208548,0.03473634563013682
Co22Ni26Pd15Rh20Ru25,8,2.784419097006321,1.209439754486084,-0.7068800926208496,0.2202692985534668,0.03248769862465592
Co22Ni27Pd26Rh18Ru15,8,2.512666955590248,1.4249517122904458,-0.433116277058919,-0.12714624404907235,0.02910147278845209
Co19Ni24Pd26Rh18Ru21,8,2.3861690014600754,1.4277820587158203,-0.5819487571716309,-0.5635472337404887,0.028758670701693342
Co21Ni20Pd23Rh21Ru23,8,3.1578080728650093,1.5548776388168335,-0.7745578289031982,-0.1082872748374939,0.027956414366299955
Co18Ni27Pd21Rh21Ru21,8,2.4609177708625793,1.5439754327138266,-0.6170326073964437,-0.7655440688133239,0.02697663080042724
Co22Ni20Pd31Rh18Ru17,8,2.8670390993356705,1.2953394254048667,-0.6018373171488445,0.31446266174316495,0.02620917026862825
Co20Ni26Pd17Rh25Ru20,8,3.0635946467518806,1.9867546558380127,-0.6632295846939087,-0.9504258235295614,0.020537360321576353
Co13Ni22Pd22Rh27Ru24,8,2.306656002998352,1.516120229448591,-0.5443100531895956,-0.821112871170044,0.02005164710721624
Co18Ni16Pd30Rh24Ru20,8,2.779139831662178,1.1902368664741516,-0.5443085432052612,0.48067569732666016,0.019540311211828976
Co23Ni24Pd23Rh18Ru20,8,2.5807330682873726,1.309126377105713,-0.4949946403503418,0.05385422706604004,0.019298332419481506
Co15Ni25Pd19Rh19Ru30,8,2.837595723569393,1.5583954652150473,-0.7963752746582032,-0.6280171275138854,0.018210026727063455
Co23Ni19Pd20Rh19Ru27,8,2.523515410721302,1.338109811147054,-0.54532527923584,-0.177172803878784,0.017467489715614064
Co16Ni28Pd16Rh24Ru24,8,2.1619962900877,1.0615999102592468,-0.27912575006484996,0.35200420022010814,0.01735782249396206
Co18Ni33Pd15Rh20Ru22,8,2.929625377058983,1.6846295765468053,-0.889578104019165,-0.9273408651351929,0.016429064787667258
Co25Ni22Pd24Rh19Ru18,8,2.481835812330246,1.4781105816364288,-0.7310237288475038,-0.8482108116149902,0.015173668969020587
Co18Ni19Pd31Rh19Ru21,8,3.0246122404932976,1.780472755432129,-0.7714077234268188,-0.8086530208587646,0.011427402294072075
Co21Ni21Pd19Rh24Ru23,8,2.7589851655066013,2.1604793071746826,-0.7417252063751221,-1.899213194847107,0.009084952640714183
Co20Ni24Pd20Rh25Ru19,8,3.7002259232103825,2.121864080429077,-0.74981427192688,-0.5650983333587646,0.0065522701602618305
Co24Ni26Pd15Rh23Ru20,8,2.628186210989952,1.6711676120758057,-0.3912232716878255,-0.49653820196787507,0.00457151108365321
Co17Ni26Pd21Rh23Ru21,8,2.687663823366165,1.2025440136591594,-0.5009502172470094,0.33929219245910636,0.0029902447386120357
Co13Ni20Pd18Rh23Ru34,8,3.573668383061886,1.8052558898925781,-0.7068055152893066,-0.04572492837905895,0.0002812006533395514
Co15Ni18Pd29Rh23Ru23,8,3.743124194443226,1.8085859417915344,-0.8689149220784503,-0.1028604507446289,0.00012750354548300702
Co15Ni21Pd22Rh27Ru23,8,3.9149157255887985,2.0406058629353843,-1.2788774172465007,-1.0602139631907146,-0.002721460015488175
Co27Ni18Pd17Rh23Ru23,8,2.9952554553747177,1.7192127307256062,-0.41371766726175946,-0.16400365829467764,-0.0029075561671768127
Co29Ni24Pd21Rh17Ru17,8,2.3158947750926018,1.584338562829154,-0.3705733163016183,-0.7426352160317558,-0.003663664557823937
Co17Ni28Pd15Rh29Ru19,8,2.6680494509637356,1.3705246845881145,-0.43767301241556816,0.0508120059967041,-0.004496131735924502
Co26Ni19Pd26Rh21Ru16,8,2.8361567594110966,1.6567793488502502,-0.6116275787353517,-0.6100036303202311,-0.006434462919797906
Co24Ni21Pd24Rh25Ru14,8,3.348536156117916,1.6936314900716145,-1.1510165532430012,-0.9287172158559164,-0.008511716587798479
Co28Ni16Pd17Rh21Ru26,8,3.193563386797905,1.9353458881378174,-0.8914365768432617,-1.1866271495819092,-0.009824288603740489
Co18Ni21Pd16Rh30Ru23,8,3.3762047328054905,1.592768132686615,-0.6447569131851196,0.1781581242879232,-0.01110139143076748
Co20Ni17Pd18Rh22Ru31,8,2.705969452857971,1.2298903942108155,-0.47425546646118166,0.29603830973307294,-0.011542490656063609
Co22Ni24Pd23Rh16Ru23,8,2.7403965331614017,1.4337393045425415,-0.6233110427856446,-0.3342212200164793,-0.012966846614326198
Co16Ni22Pd24Rh26Ru20,8,2.602289505302906,1.4321107864379885,-0.6373490095138551,-0.5456738471984864,-0.013630327163043784
Co18Ni23Pd24Rh23Ru20,8,2.6521352231502533,1.7129566669464111,-0.9553966522216797,-1.601225018501282,-0.014538799974978367
Co19Ni23Pd22Rh21Ru23,8,2.8110897690057755,1.6595859130223591,-0.788968276977539,-0.9890965580940246,-0.01453892574153881
Co25Ni23Pd23Rh15Ru22,8,2.537480503320694,1.871510922908783,-0.6499767303466797,-1.5609757602214813,-0.017003569542949404
Co24Ni21Pd19Rh23Ru21,8,2.7130118161439896,1.7453669139317103,-0.6427251952035085,-1.05563645362854,-0.01747003339773992
Co21Ni21Pd26Rh20Ru20,8,3.219295460730791,1.4361698627471924,-0.7730461756388346,0.03343768914540609,-0.017872965512837166
Co20Ni21Pd13Rh29Ru25,8,2.752349264919758,1.3796089172363282,-0.4646935939788818,0.042050242424011286,-0.018897597862078952
Co21Ni20Pd16Rh24Ru27,8,2.998917445540428,1.3935160636901855,-0.5748665809631348,0.14544177055358887,-0.022176032666059955
Co15Ni25Pd14Rh35Ru19,8,3.1571855023503304,1.697361628214518,-0.6513096491495768,-0.3919668197631835,-0.02313977342029924
Co24Ni23Pd21Rh16Ru24,8,2.8883680403232574,1.5169894695281978,0.15742206573486373,1.0055744647979736,-0.023332463739324905
Co23Ni19Pd26Rh25Ru15,8,3.0552818775177,1.5665197372436523,-0.5803886651992798,-0.14508287111918117,-0.023793689423529697
Co18Ni23Pd23Rh20Ru24,8,3.0981597676873207,2.3301537036895748,-0.47261571884155273,-1.4512075980504353,-0.024048894699614798
Co18Ni21Pd25Rh23Ru21,8,3.2511050775647163,1.4274935245513916,-1.1733330726623534,-0.6518247127532958,-0.031284309484158335
Co22Ni21Pd16Rh24Ru25,8,2.51967853307724,1.5006455580393472,-0.30554040273030586,-0.2955959637959798,-0.03143047195603887
Co19Ni22Pd22Rh24Ru21,8,2.4006151854991913,1.4552077849706015,-0.47385597229003923,-0.6663228869438171,-0.0339271921941038
Co16Ni28Pd18Rh22Ru24,8,3.1599885150790215,2.057153860727946,-0.8682651519775391,-1.538681149482727,-0.03435903081639352
Co23Ni20Pd27Rh23Ru15,8,2.7817094549536705,1.5499916474024455,-0.6207083861033122,-0.6101233164469401,-0.03784994717016714
Co31Ni12Pd23Rh23Ru19,8,2.746823973953724,1.3549096584320066,-0.35566139221191406,0.19525251388549805,-0.038144349592424534
Co17Ni22Pd19Rh30Ru20,8,3.2158774733543396,1.6930828094482422,-0.6382735967636108,-0.34418306350708006,-0.038773351875550276
Co16Ni23Pd20Rh27Ru22,8,3.904480569064617,1.9879000981648762,-0.9483305613199868,-0.5424745082855223,-0.03889945595249456
Co20Ni21Pd24Rh18Ru25,8,2.706680364906788,1.4281661510467527,-0.4230046272277832,-0.13210988044738747,-0.04005017730741831
Co21Ni23Pd18Rh24Ru22,8,2.6292634084820747,1.3949635982513429,-0.43634777069091796,-0.19603157043457023,-0.040781942999036744
Co18Ni22Pd20Rh20Ru28,8,2.4731663912534714,1.035303771495819,-0.46708714962005604,0.26608691896711073,-0.04136332431996198
Co26Ni14Pd19Rh25Ru24,8,2.4755332991480827,1.189365267753601,-0.4281064271926881,0.016144943237304865,-0.04331409798923627
Co20Ni22Pd21Rh25Ru20,8,3.455375835299492,1.8625656127929688,-0.6854466438293458,-0.4712126731872558,-0.045507758913037544
Co22Ni18Pd28Rh17Ru23,8,3.0633114129304886,1.6997255086898804,-0.8043781916300458,-0.8810680707295736,-0.045899978765287036
Co24Ni13Pd23Rh19Ru29,8,3.0361612141132355,1.7373051047325134,-0.7548760175704957,-0.9123561382293699,-0.04680623936107392
Co19Ni22Pd23Rh21Ru23,8,3.2886575907468796,1.442582607269287,-0.7543418407440183,0.012084722518920676,-0.05124158762322005
Co21Ni25Pd17Rh23Ru22,8,2.952247627079487,1.4829613367716472,-0.45913394292195636,-0.017273108164469402,-0.05128742861606146
Co20Ni18Pd25Rh25Ru20,8,2.4268244095146656,1.3233332633972168,-1.0343057155609132,-1.402986725171407,-0.05153233252005812
Co20Ni18Pd19Rh29Ru22,8,2.6210040524601936,1.0782338551112582,-0.48442564691816037,0.30693112100873676,-0.05201939802704389
Co31Ni26Pd22Rh12Ru17,8,2.646170798689127,1.5009722709655762,-0.5133860111236572,-0.5676910281181337,-0.05224330094574805
Co19Ni22Pd23Rh23Ru21,8,3.1886180713772774,1.1366026997566223,-0.6797225475311279,0.6185697317123414,-0.05306778022477976
Co22Ni24Pd20Rh19Ru23,8,3.2010483033955097,1.5033475875854492,-0.4382592439651489,0.3036649227142334,-0.05428134443026475
Co16Ni24Pd27Rh14Ru27,8,3.1872574910521507,1.7487686475118,-0.4234782854715983,-0.20630764961242665,-0.05890907967531813
Co19Ni25Pd28Rh13Ru23,8,2.418616857379675,1.1166790962219237,-0.4174723148345946,0.0354923009872436,-0.06040439218723563
Co20Ni21Pd20Rh20Ru27,8,2.5227732360363007,1.1762696743011474,-0.5388522148132323,-0.1579753557840983,-0.061487182194911415
Co25Ni14Pd33Rh18Ru18,8,3.152905974537134,1.4502736727396648,-0.7164848645528158,-0.16714709145682205,-0.062229312772647885
Co23Ni18Pd21Rh30Ru16,8,3.0921753011643887,1.477304172515869,-0.5823286533355713,-0.07962062954902643,-0.06393820180820084
Co20Ni21Pd22Rh26Ru19,8,2.5740756057202816,1.0980979919433593,-0.4950829505920411,0.13434462036405298,-0.06438804657012215
Co13Ni22Pd16Rh28Ru29,8,2.743850253522396,1.4167403834206718,-0.3955624444144113,-0.13111764192581177,-0.06975559668799453
Co19Ni17Pd16Rh22Ru34,8,3.168299436569214,1.3710625171661377,-0.5852807164192199,0.21017963545663015,-0.06992477713385649
Co23Ni23Pd22Rh13Ru27,8,3.4138531535863876,1.7078301565987724,-0.4273643493652344,0.1308446407318115,-0.07061422749467328
Co15Ni17Pd19Rh25Ru32,8,3.5190627351403236,1.5426559925079346,-0.700405788421631,0.13170723915100097,-0.07196657601208242
Co19Ni28Pd23Rh20Ru18,8,2.416950561106205,1.3018052975336711,-0.4689287185668946,-0.4799813429514567,-0.07241343040274131
Co25Ni28Pd20Rh21Ru14,8,2.4114923924207687,1.311629056930542,-0.21351265907287598,-0.07053861618041993,-0.07356779503968139
Co21Ni24Pd24Rh18Ru21,8,2.7875981852412224,1.5438245137532551,-0.5551995833714803,-0.6243596076965332,-0.07443064416338785
Co18Ni25Pd19Rh21Ru25,8,3.038816958665848,1.4852116107940674,-0.5016903877258301,-0.0736124038696289,-0.07500280840160137
Co22Ni28Pd15Rh24Ru19,8,2.718906857073307,1.2982251246770222,-0.5155090332031251,-0.15526384115219094,-0.07554339964771098
Co21Ni17Pd21Rh24Ru25,8,2.3118670396506786,1.423258622487386,-0.3707289695739747,-0.717646837234497,-0.07686900926359666
Co24Ni24Pd17Rh24Ru19,8,3.075663238763809,1.4389069080352783,-0.5394856452941894,-0.004206061363220215,-0.07731202848786771
Co29Ni19Pd19Rh20Ru21,8,2.3013597577810287,1.2821476459503174,-0.054352641105651855,0.09928642000470843,-0.07735811439103579
Co26Ni18Pd20Rh22Ru22,8,2.497039884328842,1.4150776863098145,-0.21220560073852548,-0.1844419751848492,-0.07914528828182249
Co20Ni15Pd28Rh22Ru23,8,2.465885192155838,1.1914844910303752,-0.5183868010838827,-0.30522909760475153,-0.07987538353723488
Co19Ni19Pd28Rh16Ru26,8,3.680918149650097,1.845162534713745,-0.9613589286804199,-0.7556642293930055,-0.08248269846863635
Co18Ni19Pd21Rh21Ru29,8,3.158671375364065,1.6410984992980957,-0.3182051522391182,0.05878499576023634,-0.08276073754212666
Co24Ni22Pd21Rh25Ru16,8,2.581348456442356,2.141770839691162,-0.7648906707763672,-2.515060341358185,-0.08292022573452723
Co20Ni19Pd16Rh26Ru27,8,3.1577423065900803,1.5937691211700438,-1.1146942615509032,-1.2244047045707702,-0.08307995882488484
Co21Ni21Pd18Rh28Ru20,8,2.78554792329669,1.2725531458854675,-0.47162342071533214,0.028771082560221206,-0.08408132050711482
Co19Ni25Pd22Rh15Ru27,8,2.7274273559451103,1.3956068992614745,-0.5903881072998046,-0.5097978711128235,-0.0852023509179198
Co19Ni22Pd15Rh28Ru24,8,2.4294426664710045,1.4206553101539612,-0.29777443408966076,-0.4604833821455638,-0.08529966198883612
Co24Ni25Pd25Rh17Ru17,8,2.4829214364290237,1.2689471244812014,-0.5677923361460367,-0.5467388530572256,-0.08533424626745141
Co19Ni24Pd21Rh19Ru25,8,3.1741119399666786,1.5746309161186218,-0.7006985545158386,-0.4657222032546997,-0.08752505471095204
Co19Ni26Pd20Rh24Ru19,8,3.0362169928848743,1.464095285960606,-0.5661784172058104,-0.2063904255628587,-0.0899900865606225
Co19Ni28Pd22Rh20Ru19,8,2.7200725227594376,1.2707552909851074,-0.48371334075927735,-0.11049191157023112,-0.09223253723854308
Co21Ni23Pd18Rh21Ru25,8,2.5312435775995255,1.5364061355590821,-0.5587033271789552,-1.042190968990326,-0.0937649847870262
Co24Ni19Pd25Rh23Ru17,8,2.714803095906973,1.3902229070663452,-0.5212600231170655,-0.4329090813795724,-0.09418845171048457
Co17Ni24Pd20Rh27Ru20,8,3.5121995881199837,1.9601902961730957,-0.6708919207255045,-0.7638772130012513,-0.09419894981446605
Co19Ni16Pd27Rh19Ru27,8,3.2928968369960785,1.6573159217834472,-0.7026744842529297,-0.5026957194010416,-0.09427208883246299
Co21Ni18Pd13Rh31Ru25,8,2.5617255941033363,1.2504990100860596,-0.45195808410644533,-0.238304819379534,-0.09432708262303166
Co22Ni24Pd25Rh20Ru17,8,3.004963204264641,1.7786996761957805,-0.17026815414428703,-0.22504639625549325,-0.09543287577757771
Co12Ni18Pd21Rh27Ru30,8,3.354898300021887,1.7706360816955566,-0.7324491341908773,-0.7089345455169678,-0.09652737285359643
Co25Ni23Pd24Rh19Ru17,8,2.675525665283203,1.3480087518692017,-0.3217719793319702,-0.06624364852905289,-0.09675721773118795
Co19Ni21Pd27Rh19Ru22,8,2.776737477630377,1.4962862730026245,-0.6343519687652588,-0.7721456527709961,-0.09733960432280025
Co19Ni16Pd28Rh21Ru24,8,2.744009304791689,1.338725169499715,-0.6055217583974203,-0.44994115829467785,-0.09804823702513553
Co26Ni25Pd22Rh13Ru22,8,2.7972775623202324,1.6110390027364094,-0.5200753211975097,-0.7839957078297933,-0.09843439752345409
Co24Ni18Pd26Rh16Ru24,8,3.014829881489277,1.4951775074005127,-0.6268285751342775,-0.44653785228729237,-0.1006578811332155
Co20Ni26Pd22Rh21Ru19,8,2.3792022988200188,1.7926013469696045,-0.44697316487630195,-1.6081335693597794,-0.10177218216673628
Co20Ni12Pd31Rh27Ru18,8,2.5409170985221863,1.4174578189849854,-0.4573301076889037,-0.6506416201591493,-0.10321018532541798
Co23Ni29Pd20Rh16Ru20,8,2.585386388003826,1.2399204572041829,-0.34621795018514007,-0.04143488407134995,-0.10410062387830521
Co20Ni24Pd24Rh21Ru19,8,3.4728561863303185,1.7333834171295166,-0.5885759592056273,-0.2563132643699647,-0.10445281814567331
Co20Ni22Pd25Rh23Ru18,8,3.3419820442795753,1.4800810813903809,-0.868797242641449,-0.40843701362609874,-0.10540292831489577
Co24Ni20Pd25Rh15Ru24,8,2.948896858841181,1.4140215317408245,-0.3945195198059082,0.006291866302490146,-0.10652484053576596
Co10Ni21Pd21Rh25Ru31,8,2.88836719840765,1.15190988779068,-0.46716368198394775,0.326640099287033,-0.1074378469655422
Co20Ni22Pd23Rh18Ru25,8,3.1463524103164673,2.031491756439209,-0.31539344787597656,-0.8516493320465088,-0.10903616512301664
Co14Ni18Pd30Rh20Ru26,8,4.049847356975079,1.7746535028730122,-0.7952688535054525,0.06583318710327149,-0.10976421975139604
Co22Ni15Pd20Rh28Ru23,8,3.0098255798220634,1.5686070237840923,-0.5107445716857909,-0.45004183905465267,-0.11260413373943287
Co19Ni18Pd24Rh16Ru31,8,3.387997981160879,1.7774362087249755,-1.0272140502929688,-1.2580316066741943,-0.11403464981817896
Co25Ni23Pd17Rh19Ru24,8,3.285244431346655,1.8253076553344727,-0.5533848762512207,-0.6767231673002243,-0.11423128139463223
Co23Ni22Pd21Rh22Ru20,8,2.82800655066967,1.4296818256378174,-0.6559939384460449,-0.675021517276764,-0.11472994138226988
Co24Ni18Pd21Rh26Ru19,8,2.6295889243483543,1.6230373978614807,-0.6336301565170288,-1.3037036955356598,-0.11599691749853283
Co23Ni30Pd18Rh20Ru17,8,2.6261803433299065,1.3434928059577942,-0.5156687100728355,-0.5376311937967935,-0.11611434294324222
Co25Ni21Pd26Rh21Ru15,8,3.288910649716854,1.5470237135887146,-0.39010614156723034,0.1608688036600748,-0.11777752214210863
Co17Ni23Pd24Rh19Ru25,8,2.8175394237041473,1.4032659530639648,-0.5755469322204589,-0.5089451074600219,-0.117781295083901
Co21Ni23Pd19Rh23Ru22,8,2.816730447113514,1.482955535252889,-0.37558603286743164,-0.33308351039886475,-0.11949689151592892
Co23Ni29Pd18Rh16Ru22,8,3.552937865257263,2.039628744125366,-0.9270617961883545,-1.4150610268115997,-0.11956061352145164
Co21Ni23Pd24Rh22Ru18,8,3.9571137577295303,1.9453890323638916,-0.6053898334503176,-0.11903291940689098,-0.11976824190753502
Co23Ni24Pd28Rh17Ru16,8,2.98590999096632,1.742561435699463,-0.5255142450332642,-0.8924099802970886,-0.12034183445788164
Co14Ni20Pd25Rh27Ru22,8,3.132660932838917,1.6284657001495362,-0.934307861328125,-1.1760222117106118,-0.1223544099801689
Co21Ni22Pd25Rh22Ru18,8,3.1787442341446877,1.648793339729309,-0.4433547258377074,-0.308438261349996,-0.12295126684450154
Co26Ni14Pd20Rh22Ru26,8,3.1840504594147205,1.5641254782676697,-0.47178947925567627,-0.19333577156066895,-0.1266062618834305
Co27Ni18Pd26Rh22Ru15,8,2.421920485794544,1.2462937150682722,-0.14635314260210316,-0.025423616170883234,-0.12738930439416785
Co22Ni21Pd22Rh22Ru21,8,2.6193759217858315,1.3573514819145203,-0.1495213508605957,0.007666792188372121,-0.12852020260172137
Co16Ni22Pd26Rh25Ru19,8,3.529016464948654,1.4549114108085632,-0.6006180047988893,0.2623079220453899,-0.1296791616962767
Co25Ni17Pd23Rh26Ru17,8,2.8666350916028023,1.2388673850468226,-0.5057888031005858,-0.038248884677886875,-0.13020569582984626
Co19Ni23Pd18Rh25Ru23,8,3.0962589532136917,1.4540239969889324,-0.6767139434814453,-0.4613756984472276,-0.13102810927487527
Co19Ni18Pd14Rh28Ru29,8,3.0113504081964493,1.2903706232706704,-0.39831527074178047,0.2209477424621582,-0.1348634083260226
Co19Ni24Pd23Rh23Ru19,8,2.431981585919857,1.0912479877471923,-0.6607108116149901,-0.6191720167795819,-0.13555552901198828
Co22Ni21Pd23Rh22Ru20,8,2.639437146484852,1.3469444910685222,-0.46051637331644696,-0.5217541555563608,-0.138478268527111
Co22Ni28Pd20Rh22Ru16,8,2.9119576141238213,1.362909913063049,-0.32241241137186677,0.05396831035614014,-0.13876962018819727
Co26Ni23Pd17Rh23Ru19,8,2.725232906639576,1.2235993146896362,-0.3998250961303713,-0.051213622093200684,-0.13881034174586285
Co21Ni13Pd23Rh25Ru26,8,2.5934582725167274,1.3038987318674724,-0.40046374003092433,-0.4002191623051962,-0.14023113908702545
Co27Ni23Pd20Rh19Ru19,8,3.0666851811110973,1.4184259176254272,-0.2668145497639974,0.24076110124588013,-0.14051351059581843
Co17Ni29Pd20Rh25Ru17,8,2.888846665620804,1.5935407161712647,-0.7893699645996095,-1.2664544582366943,-0.14219477123717444
Co23Ni18Pd27Rh25Ru15,8,2.853744477033615,1.1015447974205017,-0.5330322980880737,0.11133849620819092,-0.14614181076585528
Co21Ni20Pd23Rh20Ru24,8,3.2599907964468002,1.3899750709533691,-0.6066808700561523,-0.060930887858072914,-0.14913141923605894
Co24Ni26Pd21Rh17Ru20,8,3.5578825250267982,1.8434784412384033,-0.8471317291259766,-0.9932851195335389,-0.1495098810787113
Co15Ni26Pd18Rh26Ru23,8,3.408209729939699,1.6403842568397522,-0.8639580011367799,-0.8306003411610919,-0.153673372572165
Co19Ni17Pd23Rh26Ru23,8,3.092274308204651,1.2701433499654133,-0.4419382413228352,0.2202342450618744,-0.15375082684368946
Co17Ni22Pd26Rh23Ru20,8,3.852090273052454,2.2399981021881104,-0.8212761878967285,-1.3722913265228274,-0.15423300728160724
Co22Ni15Pd25Rh22Ru24,8,3.3893869146704674,1.524932622909546,-0.5694595336914062,-0.11986688772837321,-0.1553997318433078
Co26Ni19Pd23Rh21Ru19,8,2.899211771786213,1.4139481782913208,-0.8359932899475098,-1.0240851243336995,-0.15593753679263508
Co16Ni22Pd22Rh29Ru19,8,2.8149367719888687,1.0638970732688906,-0.6187152266502381,-0.06024603843688956,-0.15778762436213084
Co23Ni27Pd20Rh13Ru25,8,3.8740000650286674,1.8686338067054749,-0.6380484104156494,-0.2878410816192626,-0.15810656034480156
Co17Ni21Pd20Rh20Ru30,8,3.2656901851296425,2.0900153636932375,-0.6014936447143555,-1.5032609462738038,-0.15862835993427873
Co23Ni18Pd18Rh23Ru26,8,2.936917543411255,1.6077799797058105,-0.21782231330871582,-0.310242493947347,-0.15904001772972556
Co24Ni23Pd17Rh22Ru22,8,2.75541378185153,1.2503529787063599,-0.31833815574646007,-0.01721038137163435,-0.1619451147592787
Co28Ni17Pd19Rh26Ru18,8,2.3166503496468067,1.4317667484283447,-0.6542491912841797,-1.5630155404408774,-0.1620400448145844
Co21Ni31Pd22Rh16Ru18,8,2.3375373855233192,1.5112804174423218,-0.47025609016418457,-1.381859540939331,-0.16300599269419416
Co21Ni19Pd30Rh20Ru18,8,2.8928041756153107,1.2733860492706297,-0.3976900100708007,-0.027818986347743442,-0.16529368411238538
Co12Ni30Pd23Rh25Ru18,8,2.689798478037119,1.4939466714859009,-0.8649237155914307,-1.5707215070724487,-0.1681755942427413
Co22Ni16Pd24Rh21Ru25,8,3.2150858752429485,1.5630079507827759,-0.549481749534607,-0.4741021394729614,-0.17380736655920845
Co16Ni15Pd28Rh23Ru26,8,4.081572633236647,1.7812387148539226,-1.0970862706502278,-0.6941200097401938,-0.17602517927268707
Co17Ni34Pd15Rh23Ru19,8,3.048600621521473,1.2988958358764648,-0.5131394522530692,-0.11270975073178602,-0.17652597613364618
Co23Ni24Pd19Rh18Ru24,8,2.6467604264616966,1.533413052558899,-0.38274049758911133,-0.9195443391799927,-0.17896019299849145
Co27Ni21Pd19Rh17Ru24,8,3.029003195464611,1.9923481941223145,-0.5435194969177246,-1.6112370491027832,-0.1795193754919222
Co26Ni21Pd17Rh26Ru18,8,2.856436163187027,1.654024600982666,-0.6995880603790283,-1.4464528560638428,-0.1838121511662819
Co22Ni27Pd17Rh23Ru19,8,3.316044770181179,1.6634714944022042,-0.5658320018223353,-0.6140147844950359,-0.1849478719598583
Co17Ni20Pd21Rh25Ru25,8,3.025661289691925,1.5960751374562583,-0.553887685139974,-0.8554490566253661,-0.18592726061495707
Co23Ni17Pd28Rh21Ru19,8,3.627994492650032,1.8801164627075195,-0.8454054594039917,-1.1180171012878417,-0.18626880887081476
Co28Ni21Pd23Rh14Ru22,8,3.0681980550289154,1.4154657125473022,-0.6561247110366821,-0.611593008041382,-0.18686613636973362
Co19Ni23Pd17Rh28Ru21,8,2.920703887939453,1.4833784103393555,-0.3593832424708775,-0.43750717490911484,-0.18696996694653578
Co20Ni28Pd23Rh21Ru16,8,2.9940214194357395,1.356680965423584,-0.46100330352783203,-0.28851403508867535,-0.19492435806630318
Co18Ni23Pd25Rh18Ru24,8,3.3250419348478317,1.36794380346934,-0.7421163717905681,-0.3533024787902832,-0.19645570086023967
Co22Ni25Pd19Rh16Ru26,8,3.4331979230046272,1.642590045928955,-0.3529661893844602,-0.09743614196777343,-0.1980580623887805
Co20Ni26Pd23Rh16Ru23,8,2.7067388258874416,1.2272919416427612,-0.6198606491088867,-0.7087446053822836,-0.19926493280820845
Co19Ni26Pd21Rh25Ru17,8,3.598499659448862,1.5179094473520913,-0.6196342468261719,-0.09100198745727521,-0.2006431915683497
Co22Ni22Pd18Rh31Ru15,8,2.579454258084297,1.412708044052124,-0.5508698225021362,-1.1445212364196777,-0.20066319902259708
Co20Ni15Pd29Rh22Ru22,8,3.0122891888022423,1.2679681096758162,-0.7869221766789755,-0.6871203184127808,-0.2048481757322329
Co27Ni19Pd20Rh22Ru20,8,3.3415187522768974,1.8769728541374207,-0.4839738607406616,-0.9543407956759135,-0.20551032959339854
Co27Ni25Pd18Rh18Ru20,8,2.30015080422163,1.5314647674560546,-0.2931578636169433,-1.3534995913505554,-0.20896832104997237
Co22Ni23Pd25Rh21Ru17,8,2.868043400347233,1.4340418577194214,-0.6524011294047037,-1.013772189617157,-0.21127110564932888
Co24Ni21Pd27Rh24Ru12,8,3.9988795146346092,1.8086568117141724,-0.7408475081125895,-0.3909791197095599,-0.2117443128859486
Co24Ni25Pd21Rh16Ru22,8,2.892136998474598,1.560178565979004,-0.5083862304687501,-0.99179664679936,-0.2121942138126049
Co26Ni24Pd19Rh19Ru20,8,2.750683903694153,1.5192251205444336,-0.3875620365142822,-0.8964131355285645,-0.21323307755340387
Co24Ni27Pd22Rh22Ru13,8,3.2075530514121056,1.4390856879098075,-0.3278138296944754,-0.01264941692352295,-0.21408031194193544
Co23Ni28Pd20Rh16Ru21,8,3.0277569741010666,1.493265724182129,-0.616013717651367,-0.8694794178009035,-0.21512889014317493
Co27Ni21Pd25Rh21Ru14,8,2.843138597905636,1.8867641687393188,-0.3718149662017822,-1.4993811398744583,-0.21571690751062322
Co19Ni26Pd25Rh19Ru19,8,3.018009513616562,1.299678897857666,-0.3913267135620117,-0.10395832856496183,-0.21573117937088437
Co25Ni20Pd14Rh22Ru27,8,2.813501611351967,1.5261750221252441,-0.2375221252441405,-0.5791559219360353,-0.21654505463077547
Co19Ni28Pd20Rh21Ru20,8,2.8423285596072674,1.5637948513031006,-0.5783891677856445,-1.2105538845062256,-0.21780266163730572
Co20Ni16Pd20Rh24Ru28,8,2.748591586947441,1.3952656269073487,-0.5205377578735352,-0.897363506257534,-0.21813278251612667
Co19Ni17Pd21Rh24Ru27,8,2.671677753329277,1.2752550840377808,-0.2442399263381957,-0.2898189226786297,-0.22034974529766255
Co24Ni23Pd24Rh16Ru21,8,2.5512639954686165,1.1105224291483562,-0.44473028182983404,-0.46831880296979633,-0.22097164904453911
Co21Ni21Pd18Rh30Ru18,8,3.261458609253168,1.4798595905303955,-0.7734378178914387,-0.8211606230054584,-0.22120876585319468
Co26Ni21Pd21Rh19Ru21,8,2.4630478024482727,1.329210877418518,-0.44336366653442383,-1.0317420959472656,-0.22147252469518794
Co15Ni26Pd26Rh19Ru22,8,3.1490832418203354,1.1800125598907472,-0.5628777503967286,-0.011496384938557943,-0.22366899714428107
Co15Ni31Pd14Rh23Ru25,8,2.7904272451996803,1.2873486280441284,-0.13427750269571934,0.023436069488524502,-0.22374903930005136
Co23Ni24Pd18Rh20Ru23,8,2.764773942530155,1.6793344497680665,-0.5688001155853273,-1.5583051045735679,-0.22383151578269123
Co26Ni11Pd29Rh21Ru21,8,3.8779244422912598,1.9987874031066895,-0.7324755191802979,-0.9781375885009765,-0.22442569039483862
Co19Ni14Pd26Rh25Ru24,8,2.9643866047263145,1.09058678150177,-0.43187832832336426,0.1395395483289446,-0.225077636060024
Co18Ni30Pd22Rh16Ru22,8,3.3547847904264927,1.5158285617828369,-0.6762898445129395,-0.6152432958285013,-0.22514305430928605
Co19Ni18Pd25Rh22Ru24,8,3.5386587157845497,1.4319826364517212,-0.8513232866923014,-0.5044898192087809,-0.22685158413403503
Co26Ni14Pd26Rh17Ru25,8,2.562069572508335,1.0596799850463867,-0.24924111366271973,-0.040938615798950195,-0.22798740698368827
Co23Ni21Pd15Rh22Ru27,8,2.904446579515934,1.4760467608769734,-0.2002575397491455,-0.3459134101867677,-0.2305283260375636
Co28Ni15Pd24Rh23Ru18,8,2.7879927083849907,1.6488803625106812,-0.22980976104736328,-0.9169995784759521,-0.23322351006603723
Co21Ni20Pd24Rh24Ru19,8,3.0534311421215534,1.5708447694778442,-0.7991395950317383,-1.3941741784413655,-0.23630095980696006
Co18Ni19Pd27Rh23Ru21,8,3.1706133894622326,1.4552718639373778,-0.9101001739501953,-1.1933762431144714,-0.23662368930050884
Co17Ni26Pd19Rh24Ru22,8,2.978618197143078,1.3957927823066711,-0.9093830585479737,-1.3372544348239899,-0.23779295691500257
Co20Ni16Pd26Rh22Ru24,8,3.5336891636252403,1.8904480934143066,-0.886256217956543,-1.5467409292856853,-0.23790755309422354
Co19Ni27Pd20Rh20Ru22,8,2.6219794750213623,1.2871124744415283,-0.2844734191894533,-0.5258555412292479,-0.23885144775987857
Co20Ni25Pd17Rh25Ru21,8,2.682822361588478,1.4163477420806885,-0.1872624397277834,-0.5420140743255615,-0.24000273084006707
Co22Ni24Pd18Rh18Ru26,8,2.573970951139927,0.9903137683868408,-0.2080059051513672,0.11591541767120361,-0.24562951590882237
Co24Ni23Pd21Rh26Ru14,8,3.577558021992445,1.577752908070882,-0.9686786333719891,-1.0269873887300491,-0.24581972187928255
Co17Ni25Pd22Rh16Ru28,8,3.1205438412725925,1.4452738761901855,-0.7285042603810628,-0.967212200164795,-0.24648994204891048
Co20Ni18Pd24Rh26Ru20,8,2.1309337094426155,1.4666314125061035,-0.1603603363037105,-1.3745383739471435,-0.24654704930735388
Co24Ni15Pd16Rh19Ru34,8,3.118589401245117,1.438126524289449,-0.32118860880533856,-0.2562359174092612,-0.2476988314578118
Co24Ni22Pd24Rh18Ru20,8,2.7063650377094746,1.2087593078613283,-0.5169421195983888,-0.7014853556950887,-0.2506132439389097
Co20Ni23Pd22Rh22Ru21,8,2.4490699470043182,1.491675853729248,-0.5833786725997925,-1.7406715949376423,-0.2506939803974427
Co30Ni12Pd17Rh29Ru20,8,2.846313666552305,1.0777960220972695,-0.2978545824686685,0.1275240182876587,-0.2520356248322075
Co21Ni26Pd16Rh26Ru19,8,3.0583909451961517,1.515669298171997,-0.37060546875,-0.6085512240727743,-0.25454023710753604
Co21Ni23Pd27Rh12Ru25,8,3.07796361297369,1.4488462380000522,-0.44324677331107004,-0.5760978460311889,-0.2555820040534953
Co26Ni16Pd20Rh23Ru23,8,2.654800407588482,1.158742904663086,-0.19975519180297857,-0.1473704973856608,-0.256917069851333
Co21Ni21Pd23Rh27Ru16,8,3.1848744824528694,1.3135727246602376,-0.5382138888041179,-0.3266448179880777,-0.2571407127062176
Co24Ni25Pd22Rh22Ru15,8,2.463654436171055,1.1886699199676514,-0.24885185559590658,-0.5564971764882405,-0.25780628386147275
Co18Ni20Pd28Rh19Ru23,8,3.555950578302145,1.4722145398457844,-0.6637685298919679,-0.3652786413828532,-0.2582039086180456
Co23Ni24Pd27Rh14Ru20,8,3.538823388516903,1.7885894378026326,-0.41180984179178876,-0.5951274871826172,-0.2582083064362613
Co20Ni22Pd18Rh22Ru26,8,3.0709680318832397,1.578807383775711,-0.5947141647338869,-1.1243153095245362,-0.2588363724995987
Co20Ni25Pd10Rh30Ru23,8,2.566428318619728,1.6080991327762604,-0.7106050763811383,-2.07080082098643,-0.2589887231965051
Co20Ni28Pd21Rh15Ru24,8,2.781573548913002,1.3618268966674805,-0.3875441551208496,-0.7284923791885378,-0.26107193692211106
Co20Ni20Pd28Rh23Ru17,8,3.3575543463230133,1.7394371032714844,-0.8945497274398801,-1.5968120098114014,-0.2632856656975996
Co24Ni21Pd25Rh15Ru23,8,3.530246637761593,2.306062936782837,-0.7591695785522461,-2.277907907962799,-0.26329849159748464
Co20Ni24Pd21Rh16Ru27,8,2.8361584469676018,1.3059991200764973,-0.18184510866800938,-0.19622762997945142,-0.263740745556944
Co24Ni18Pd13Rh29Ru24,8,3.3472545742988586,1.595952558517456,-0.49278841018676756,-0.6371375322341919,-0.26623194031166464
Co22Ni25Pd28Rh14Ru19,8,2.6149236485362053,1.7590688069661458,-0.8115188280741373,-2.5219820499420167,-0.2679704834924246
Co20Ni24Pd22Rh17Ru25,8,2.919148091226816,1.4259669780731201,-0.9847851991653443,-1.7502572933832803,-0.2725397451873477
Co20Ni27Pd24Rh19Ru18,8,2.9362073242664337,1.3637272119522095,-0.3682243824005127,-0.5358516216278076,-0.272734235443137
Co27Ni21Pd14Rh25Ru21,8,2.272016830742359,1.0558619976043702,-0.03783435821533212,-0.24415214856465658,-0.2729575403870195
Co19Ni16Pd30Rh19Ru24,8,4.219579562544823,1.8237112363179524,-0.8583290576934814,-0.5721513271331787,-0.2729698391340696
Co19Ni25Pd16Rh17Ru31,8,2.5930006951093674,1.4782582521438599,-0.45262813568115234,-1.3863003849983215,-0.2740733077318226
Co16Ni23Pd25Rh21Ru23,8,3.765160970389843,1.7622026602427165,-0.7043538093566892,-0.8083091974258425,-0.27523416927523114
Co22Ni21Pd23Rh18Ru24,8,2.9733845479786396,1.3740007877349854,-0.29736328125,-0.39473676681518577,-0.27547116497019
Co15Ni21Pd26Rh21Ru25,8,2.615140225738287,1.093484115600586,-0.4659897804260254,-0.6061907768249511,-0.2759875312467181
Co23Ni20Pd25Rh20Ru20,8,2.509774774312973,1.3477656841278076,-0.5747032165527344,-1.458631992340088,-0.27727925894124417
Co24Ni18Pd25Rh24Ru17,8,3.25844032689929,1.5307550430297852,-0.3773702383041382,-0.47962346076965323,-0.2794591104114022
Co19Ni25Pd19Rh24Ru21,8,3.8204100131988525,1.7801717519760132,-0.6297115087509156,-0.6615590651830038,-0.28040811914155706
Co22Ni24Pd21Rh20Ru21,8,2.8493781313300133,1.6476223468780518,-0.4089463949203491,-1.3536560833454132,-0.28588928190575386
Co23Ni25Pd19Rh21Ru20,8,3.021899089217186,1.2800358931223552,-0.4066851933797202,-0.37613835334777823,-0.2876098428532427
Co22Ni23Pd25Rh19Ru19,8,2.771396454423666,1.0476812918980916,-0.3797861735026041,-0.20402567727225174,-0.2889087481650742
Co23Ni13Pd16Rh30Ru26,8,3.2307756654918194,1.636079740524292,-0.5566052436828614,-1.090919017791748,-0.2918524733365421
Co22Ni22Pd27Rh19Ru18,8,4.013863079249859,1.7239131927490234,-0.6072750091552734,-0.29384446144104004,-0.29234915934247085
Co11Ni28Pd26Rh22Ru21,8,2.8596681840717793,1.3291728019714355,-0.8431082725524902,-1.4726475477218628,-0.2930102457109425
Co31Ni22Pd10Rh20Ru25,8,2.685879699885845,1.1769618034362792,-0.2361147880554199,-0.3544288362775532,-0.29387280427367285
Co17Ni22Pd19Rh21Ru29,8,3.1469624638557434,1.4281846682230632,-0.21675777435302734,-0.2047288417816162,-0.29410951844861893
Co16Ni23Pd14Rh31Ru24,8,3.706357792019844,1.7603172659873962,-0.7470289468765259,-1.039475679397583,-0.2953220587398079
Co19Ni22Pd22Rh29Ru16,8,3.644739408046007,1.7235703070958455,-0.8046485900878906,-1.1610528628031414,-0.29847708995903977
Co20Ni23Pd18Rh25Ru22,8,2.531610779464245,1.1207911968231197,0.09246015548706099,0.09759950637817372,-0.29884010683759
Co28Ni25Pd21Rh20Ru14,8,2.927647903561592,1.2090954780578613,-0.371714210510254,-0.3572456496102469,-0.3017847468256556
Co22Ni22Pd22Rh23Ru19,8,2.7072696052491665,1.2250415086746216,-0.4086967309316,-0.7556416789690653,-0.30238416499206544
Co20Ni20Pd20Rh18Ru30,8,2.8538054823875427,1.2017793258031209,-0.3919880390167236,-0.4817832589149476,-0.30275506213487197
Co30Ni21Pd18Rh19Ru20,8,3.060191512107849,1.4862745285034178,-0.18911285400390615,-0.4342973572867258,-0.30435989604381936
Co14Ni31Pd19Rh22Ru22,8,3.5757971107959747,1.2106047471364338,-0.6594327290852865,0.001575787862141927,-0.3072772052832808
Co19Ni20Pd12Rh27Ru30,8,3.6591994650661945,1.7980806827545166,-0.5584146976470947,-0.9130688905715942,-0.30986568663428327
Co25Ni20Pd23Rh20Ru20,8,3.072008840739727,1.5787868976593018,-0.41486330032348634,-1.0230588515599568,-0.3110082385101076
Co14Ni29Pd18Rh23Ru24,8,2.4395216330885887,1.3049312432607014,-0.39093685150146484,-1.288962543010712,-0.3117247162759993
Co22Ni24Pd16Rh29Ru17,8,2.6934088617563248,1.445566475391388,-0.6976412534713745,-1.7671607971191405,-0.3136868103318433
Co21Ni20Pd29Rh13Ru25,8,3.2089960649609566,1.465323543548584,-0.8159670829772948,-1.3131451606750488,-0.3143073361135985
Co14Ni29Pd25Rh17Ru23,8,3.523992344737053,1.5836818218231201,-0.5466987609863281,-0.6683044830958049,-0.31646808461962994
Co27Ni24Pd20Rh16Ru21,8,2.957595631480217,1.4087227582931519,-0.3112835884094238,-0.6797718604405719,-0.3172559224270543
Co19Ni27Pd20Rh22Ru20,8,3.0506932362914085,1.383876085281372,-0.49677782058715814,-0.8345242887735367,-0.32001491963590956
Co20Ni24Pd20Rh21Ru23,8,3.1999636255204678,1.7121742367744446,-0.9957264065742492,-2.1622670888900757,-0.32053387847526565
Co25Ni19Pd22Rh17Ru25,8,2.7149615064263344,1.0539765357971191,-0.052971839904785156,0.1430614789326984,-0.32061581051826643
Co18Ni29Pd21Rh23Ru17,8,2.541293155401945,1.1674510478973388,-0.28323278427124016,-0.7224652511732919,-0.32088437140325354
Co18Ni26Pd23Rh27Ru14,8,3.125983290374279,1.3159139156341553,-0.5660871505737305,-0.7220510045687357,-0.32200095787297367
Co24Ni25Pd18Rh20Ru21,8,2.824697583913803,1.359545071919759,-0.4004513422648112,-0.9380064606666566,-0.32298730073401105
Co23Ni16Pd20Rh25Ru24,8,2.763752721250057,1.3181040287017822,-0.5994059244791665,-1.2823766867319744,-0.3234099418851824
Co19Ni25Pd17Rh23Ru24,8,3.137524276971817,1.3175494074821472,-0.20703697204589833,-0.09700965881347656,-0.3239612430508141
Co28Ni22Pd21Rh21Ru16,8,2.0301139131188393,0.8611115813255312,-0.16960299015045188,-0.6135576069355011,-0.32434987677891614
Co20Ni22Pd26Rh14Ru26,8,3.6682166010141373,1.9997722148895265,-0.4473528861999513,-1.1883445262908934,-0.32721797752351756
Co12Ni30Pd25Rh23Ru18,8,3.0975405275821686,1.3488878011703491,-0.5372622013092041,-0.8025021553039553,-0.32810128120922355
Co23Ni24Pd25Rh21Ru15,8,2.787091076374054,1.331818660100301,-0.542386531829834,-1.2039790153503418,-0.3293579073706022
Co21Ni17Pd26Rh23Ru21,8,3.781037352979183,1.4526008129119874,-0.719328498840332,-0.40450148582458495,-0.3296623984740228
Co22Ni19Pd25Rh24Ru18,8,2.7526379600167274,1.174791157245636,-0.20626473426818848,-0.3552921215693156,-0.3303690309301195
Co18Ni24Pd18Rh29Ru19,8,3.0757464915513992,1.574152946472168,-0.47579002380371094,-1.1976555347442626,-0.3317164516307991
Co18Ni18Pd21Rh31Ru20,8,2.775489341467619,1.5078991254170735,-0.5897350311279297,-1.6758504390716553,-0.3335419595258681
Co19Ni30Pd27Rh17Ru15,8,3.3472156673669815,1.4683750356946672,-0.7871707507542202,-1.1610219478607178,-0.33393888849318654
Co22Ni21Pd25Rh22Ru18,8,3.6116343922913074,1.5207289218902589,-0.5617161750793457,-0.5279014110565186,-0.3363856623679958
Co20Ni17Pd16Rh23Ru32,8,3.0264411345124245,1.2918661321912492,-0.37139463424682617,-0.5438937187194826,-0.33974714960563906
Co25Ni23Pd22Rh21Ru17,8,2.921151466667652,1.4435173034667967,-0.3878525733947754,-1.0290483355522155,-0.3411741847952737
Co22Ni22Pd22Rh18Ru24,8,3.036407671868801,1.1781387329101567,-0.540672779083252,-0.6007318496704102,-0.34187226923439723
Co17Ni20Pd22Rh22Ru27,8,3.204281322658062,1.3424373467763266,-0.5030057430267335,-0.6448748111724854,-0.34289007934223864
Co18Ni25Pd21Rh22Ru22,8,3.018928099423647,1.0013546943664553,-0.7563714981079103,-0.645699272553126,-0.343635158600278
Co27Ni25Pd19Rh22Ru15,8,2.925200115889311,1.0512802004814148,-0.517843008041382,-0.468658924102783,-0.3452334857203047
Co15Ni32Pd19Rh23Ru19,8,3.2913923636078835,1.3454729914665222,-0.3901224136352537,-0.35572242736816406,-0.34740375163822174
Co26Ni16Pd24Rh30Ru12,8,2.8992901779711246,1.1363739967346191,-0.8121383190155029,-1.2016038099924724,-0.349275961709528
Co24Ni18Pd25Rh23Ru18,8,4.269788179546595,1.699459433555603,-0.5716123580932617,-0.06977208455403645,-0.35049317123402957
Co29Ni18Pd14Rh22Ru25,8,2.95196196064353,1.2865439256032307,-0.2220424016316732,-0.42030677795410154,-0.35064239820718995
Co20Ni24Pd22Rh22Ru20,8,3.210906997323036,1.3784536918004353,-0.43992114067077637,-0.6505484580993652,-0.3554056694162933
Co19Ni25Pd19Rh22Ru23,8,3.352890696376562,1.577914555867513,-0.4446590741475423,-0.8755751848220824,-0.35667697934074905
Co17Ni21Pd23Rh23Ru24,8,3.1834433153271675,1.5314338207244873,-0.6982528686523437,-1.456862497329712,-0.3583733730710475
Co20Ni19Pd23Rh27Ru19,8,3.2015205584466457,1.3833951950073242,-0.40437364578247054,-0.6292135119438172,-0.35968553137981507
Co18Ni27Pd27Rh12Ru24,8,2.2615896910429,1.3827097415924072,0.3764629364013672,-0.5564926465352374,-0.3597105519474809
Co21Ni21Pd23Rh23Ru20,8,3.465022586286068,1.3574506640434265,-0.7511142492294313,-0.8292115132013956,-0.3625679534504814
Co17Ni21Pd25Rh20Ru25,8,4.040581025183201,1.6963367462158203,-0.48943209648132324,-0.2819496790568034,-0.3625714972602477
Co19Ni14Pd27Rh24Ru24,8,2.895938139408827,1.157585322856903,-0.5214247703552246,-0.802003800868988,-0.3629397580731262
Co21Ni18Pd21Rh20Ru28,8,3.6171771101653576,1.5593991279602055,-0.5699357986450195,-0.7282228469848633,-0.3648558578877499
Co21Ni19Pd30Rh13Ru25,8,3.431566435843706,1.7015661239624023,-0.4856220245361328,-1.1239893436431885,-0.3649997551525208
Co22Ni16Pd25Rh22Ru23,8,2.8262126557528973,1.3976783752441406,-0.38242340087890625,-1.1630369424819946,-0.3676949584628635
Co24Ni16Pd26Rh22Ru20,8,4.134591668844223,1.8431944370269775,-0.5392045021057129,-0.5708202362060546,-0.37064465188800777
Co24Ni24Pd18Rh21Ru21,8,2.712735302746296,0.9782686233520509,-0.4364458719889324,-0.5831623792648315,-0.37351964080102523
Co26Ni14Pd22Rh26Ru20,8,2.8590542301535606,1.219069480895996,-0.5289999008178711,-1.0456063350041707,-0.3766781284192712
Co16Ni27Pd17Rh20Ru28,8,3.954692207276821,1.6647351741790772,-0.7028738021850586,-0.7609777450561523,-0.3767696916745174
Co15Ni24Pd24Rh24Ru21,8,3.085510991513729,1.2186246395111084,-0.6063908576965332,-0.875938892364502,-0.3780190602961888
Co23Ni20Pd16Rh23Ru26,8,3.3168578259646893,1.696243166923523,-0.5896401405334473,-1.5087605953216552,-0.37978009934899304
Co21Ni18Pd24Rh20Ru25,8,2.9136987403035164,1.0031684637069702,-0.15537822246551514,0.09228736162185669,-0.38170527305057766
Co22Ni15Pd24Rh22Ru25,8,3.4611094780266285,1.447192112604777,-0.46346696217854816,-0.6023498603275844,-0.38305510781352814
Co19Ni24Pd12Rh33Ru20,8,2.904679235070944,1.4079319953918457,-0.44007196426391604,-1.2410056948661805,-0.3835703495055884
Co23Ni19Pd18Rh21Ru27,8,3.267142627388239,1.1873726447423298,-0.34927233060201,-0.14407642682393393,-0.38369706378639323
Co31Ni17Pd21Rh12Ru27,8,2.727975320070982,1.1611194610595703,0.16777896881103516,0.06947930653889973,-0.38374836816873475
Co23Ni18Pd23Rh23Ru21,8,2.8451373539865017,1.1005620956420898,-0.1092691421508789,-0.13015214602152506,-0.3844873618109863
Co16Ni19Pd24Rh26Ru23,8,3.9300829470157623,1.70491627852122,-0.792891025543213,-1.0629755258560178,-0.38453169920112173
Co23Ni21Pd20Rh25Ru19,8,3.35380919277668,1.479443073272705,-0.41707420349121077,-0.7403037399053572,-0.3847301713020359
Co23Ni25Pd14Rh29Ru17,8,2.867981545627117,1.163896878560384,-0.15897226333618164,-0.3234046697616577,-0.38692976588614136
Co22Ni23Pd19Rh24Ru20,8,3.570317219942808,1.349395036697388,-0.4416666030883789,-0.23816863695780435,-0.3881159559382051
Co21Ni21Pd24Rh21Ru21,8,3.159170627593994,1.4384373664855956,-0.5683514595031738,-1.1983623845236642,-0.3884662023812415
Co21Ni20Pd17Rh28Ru22,8,3.2337060682475567,1.348327080408732,-0.292245308558146,-0.4388332622391838,-0.3889428572080753
Co23Ni24Pd14Rh23Ru24,8,3.1261963061988354,1.252296805381775,-0.39126157760620117,-0.5627561807632446,-0.3893031353346514
Co19Ni26Pd14Rh25Ru24,8,3.2972953990101814,1.2248375415802002,-0.3413205146789551,-0.19517946243286133,-0.3910687391955798
Co26Ni24Pd20Rh18Ru20,8,3.3240152671933174,1.1311067342758179,-0.3101999759674072,0.08241081237792984,-0.39174805276215047
Co29Ni19Pd16Rh24Ru20,8,2.6872237995266914,1.0413877964019775,-0.16542506217956543,-0.3630349636077881,-0.3946620828651977
Co29Ni21Pd20Rh17Ru21,8,2.9364656545221806,1.2026335000991821,-0.2376145124435426,-0.4808542728424072,-0.39583880843312286
Co19Ni25Pd16Rh25Ru23,8,3.206873208284378,1.4410275220870972,-0.5827759901682535,-1.1959149599075318,-0.39643412955390517
Co25Ni15Pd13Rh37Ru18,8,3.1409381106495857,1.3728971958160399,-0.5892411231994628,-1.1650684624910355,-0.39805940272456025
Co23Ni20Pd24Rh20Ru21,8,2.8623810559511185,1.1415103435516358,-0.3659407615661621,-0.7020750045776367,-0.40145254670146907
Co29Ni25Pd17Rh25Ru12,8,3.2044387459754944,1.4444473130362374,-0.15859127044677734,-0.496661376953125,-0.40228585995936095
Co26Ni21Pd26Rh21Ru14,8,3.225247323513031,1.317189872264862,-0.20052385330200184,-0.28333095709482836,-0.40246847150450676
Co21Ni21Pd22Rh22Ru22,8,2.8008074425160885,1.2442260583241782,-0.26496585210164403,-0.836091458797455,-0.405498104153622
Co21Ni20Pd22Rh25Ru20,8,3.9751521050930023,1.7839890718460083,-0.323729991912842,-0.44030801455179835,-0.4065489939054137
Co20Ni19Pd26Rh19Ru24,8,3.2725567556917667,1.57437264919281,-0.45104408264160156,-1.1916940808296204,-0.40686244179220166
Co21Ni26Pd26Rh18Ru17,8,4.156566917896271,1.8336775302886963,-0.5161341031392416,-0.634287655353546,-0.40835069745151154
Co25Ni25Pd19Rh15Ru24,8,2.406418576836586,1.0999919176101687,0.3227584362030027,-0.0772702693939209,-0.4088110521773814
Co23Ni16Pd23Rh19Ru27,8,2.432033210992813,0.9810455242792766,0.03286099433898926,-0.30246464411417645,-0.4088953725728592
Co25Ni18Pd22Rh22Ru21,8,2.7749442756175995,1.090291460355123,-0.018853425979614258,-0.1475557259150913,-0.408976215554277
Co19Ni25Pd23Rh23Ru18,8,2.8582425341010094,1.1294153213500977,-0.2706450462341309,-0.5509363810221354,-0.40948399947728825
Co25Ni25Pd23Rh17Ru18,8,3.0717207491397858,1.0354382197062173,-0.17553170522054037,0.09369182586669922,-0.40967864486046857
Co19Ni24Pd22Rh19Ru24,8,3.089849229902029,1.1718164920806884,-0.2548617362976076,-0.2969584465026854,-0.41003128853223797
Co25Ni23Pd21Rh15Ru24,8,2.7773628383874893,1.5341396808624268,-0.09508905410766602,-1.1858735084533691,-0.4112293226988738
Co19Ni16Pd23Rh31Ru19,8,3.062898449599743,1.2111817359924317,-0.45219411849975605,-0.7594957351684569,-0.4112485779564373
Co17Ni18Pd26Rh24Ru23,8,2.8805021494627,1.1886326074600222,-0.36640787124633833,-0.8195988535881041,-0.41275681881233073
Co28Ni25Pd24Rh14Ru17,8,2.516441270709038,1.1291930675506592,0.06340527534484863,-0.4618339538574219,-0.4153977156213875
Co21Ni21Pd17Rh30Ru19,8,2.5303292497992516,1.6282987594604492,-0.7590291500091554,-2.8819271326065063,-0.4165327358616015
Co19Ni22Pd21Rh20Ru26,8,2.511791080236435,1.327265977859497,-0.6214199066162109,-2.060003489255905,-0.41693230905907874
Co23Ni24Pd23Rh16Ru22,8,2.8215648531913757,1.2873310645421345,0.017409801483154148,-0.45635615076337543,-0.41763163340570914
Co24Ni19Pd21Rh23Ru21,8,3.247689761221409,1.4783647457758586,-0.3959293365478516,-0.9828923344612122,-0.418598439886431
Co18Ni34Pd15Rh20Ru21,8,2.9830907844007015,1.124223232269287,-0.0401452382405599,-0.014956426620483399,-0.42004895209642884
Co19Ni18Pd13Rh30Ru28,8,2.9443282894790173,1.1973515152931213,-0.3962649106979369,-0.8340178877115251,-0.42064591925505107
Co20Ni15Pd24Rh23Ru26,8,3.2855443209409714,1.3618472814559937,-0.20788359642028809,-0.3880588610967,-0.4230786102369762
Co23Ni28Pd14Rh17Ru26,8,2.98923834040761,1.498849834714617,-0.1847444943019322,-1.0324398676554363,-0.4239209322192554
Co25Ni22Pd20Rh23Ru18,8,3.4393629655241966,1.7563542127609253,-0.1925894419352213,-0.9605126778284708,-0.4249255824367495
Co20Ni27Pd20Rh23Ru18,8,2.2814970910549164,1.0179011821746822,-0.22514772415161133,-1.0982735256354015,-0.426285493338992
Co23Ni20Pd26Rh16Ru23,8,2.5215654596686363,1.2508745988210044,-0.30587482452392584,-1.3893401384353639,-0.42757469407803794
Co21Ni25Pd18Rh17Ru27,8,2.908302925527096,1.2601838588714598,-0.18654890060424806,-0.6768183186650276,-0.4277606289683441
Co23Ni24Pd23Rh22Ru16,8,3.3905022107064724,1.211891810099284,-0.5008002916971842,-0.4665023088455202,-0.42782399674455085
Co26Ni22Pd27Rh20Ru13,8,3.4994014501571655,1.3574694792429607,-0.14756155014038086,-0.006569623947143555,-0.42863508640214965
Co19Ni22Pd19Rh29Ru19,8,3.5378595255315304,1.373950787952968,-0.665175199508667,-0.8858236789703369,-0.4294860836306087
Co26Ni22Pd14Rh20Ru26,8,3.294921901077032,1.4436715245246887,-0.3309638500213623,-0.8003029227256775,-0.43450110778752793
Co28Ni15Pd22Rh19Ru24,8,3.0372545793652534,1.0750737190246582,-0.24794015884399423,-0.25977621078491203,-0.43464711940739126
Co21Ni17Pd20Rh26Ru24,8,2.3656413592398167,1.0468857288360596,0.014842510223388672,-0.6650228500366211,-0.4354720916303104
Co22Ni23Pd16Rh31Ru16,8,2.980596713721752,1.2010586261749268,-0.2528751691182454,-0.6245851397514344,-0.440471731506252
Co21Ni21Pd20Rh26Ru20,8,3.4778289422392845,1.383048454920451,-0.8372201919555664,-1.3302268981933594,-0.44108832902453665
Co22Ni21Pd25Rh24Ru16,8,3.968681901693344,1.4253845691680909,-0.7831174850463867,-0.6568716764450072,-0.44152003028994136
Co21Ni27Pd20Rh23Ru17,8,2.67397503554821,1.214513063430786,-0.2594118118286131,-1.1015644818544388,-0.44576337769609015
Co21Ni26Pd13Rh30Ru18,8,3.3287354484200478,1.4649430274963378,-0.6471894264221191,-1.4071751435597737,-0.4501013355735042
Co33Ni22Pd13Rh21Ru19,8,2.3159394189715385,1.2458584989820207,0.2831559181213379,-0.7340113776070731,-0.45064389707008556
Co23Ni25Pd18Rh20Ru22,8,3.230259742587805,1.4464442253112795,-0.14282903671264657,-0.6393826689038958,-0.4519771400012922
Co19Ni27Pd24Rh25Ru13,8,3.1914236433804035,1.765092372894287,-0.6558318138122554,-2.2460590600967407,-0.45704977998532115
Co19Ni24Pd24Rh17Ru24,8,2.848999999463558,1.341653891972133,-0.45891857147216797,-1.529018521308899,-0.4612421072882897
Co27Ni20Pd20Rh20Ru21,8,2.588164761662483,1.180685329437256,-0.01732158660888681,-0.8000366006578717,-0.4627863361586255
Co19Ni17Pd24Rh26Ru22,8,3.414421547204256,1.2786526339394704,-0.4874215126037596,-0.6960447788238526,-0.46483130149144625
Co19Ni20Pd20Rh22Ru27,8,3.5875066071748734,1.4730052947998047,-0.22035646438598633,-0.39752793312072754,-0.46583363145476725
Co22Ni25Pd20Rh17Ru24,8,3.4094302393496037,1.5782500505447388,-0.2822604179382324,-0.9632360140482584,-0.4665675904289496
Co20Ni27Pd15Rh16Ru30,8,3.659459251910448,1.4831754207611083,-0.35833635330200186,-0.5717696802956718,-0.46903730278714745
Co23Ni25Pd20Rh22Ru18,8,2.858507953584194,1.1294713616371155,-0.32950615882873535,-0.8970566987991335,-0.46995345938699884
Co22Ni22Pd20Rh18Ru26,8,3.4730773642659187,1.1528877417246501,-0.3560808499654134,-0.15831387042999268,-0.4708304089841826
Co24Ni30Pd12Rh18Ru24,8,2.9652700163424015,1.4329922199249263,0.6716427803039551,0.3584669828414917,-0.4709756247490603
Co25Ni25Pd24Rh18Ru16,8,2.6969756446778774,1.3451277812321982,-0.5233760674794514,-1.8978747526804607,-0.4720343546006194
Co20Ni30Pd19Rh22Ru17,8,3.4441305100917816,1.268301010131836,-0.36226491928100585,-0.45024696985880547,-0.47272537072955023
Co24Ni22Pd18Rh22Ru22,8,3.014308214187622,1.2464882135391235,0.17454004287719727,-0.0635684331258138,-0.472951105537034
Co17Ni24Pd26Rh19Ru22,8,3.0115972235798836,1.4599807943616596,-0.4053126743861607,-1.5134312709172568,-0.4755923520729003
Co21Ni27Pd20Rh22Ru18,8,2.8414644673466682,1.612217664718628,-0.20035016536712646,-1.704849898815155,-0.4769224967427612
Co20Ni23Pd23Rh20Ru22,8,3.833716608583927,1.5699291229248047,-0.6061434745788574,-0.9725265502929688,-0.47728192210549836
Co21Ni27Pd20Rh15Ru25,8,3.229760520160198,1.9073452949523926,-0.2121419906616211,-1.7978782653808594,-0.47735940322355785
Co26Ni17Pd18Rh21Ru26,8,3.1103129163384438,1.2238637208938599,-0.10300111770629883,-0.3886248270670573,-0.47834270517832084
Co23Ni20Pd17Rh28Ru20,8,3.448843002319336,1.2800432443618774,-0.3702051639556887,-0.5090719223022458,-0.47956754491152764
Co20Ni23Pd24Rh20Ru21,8,3.254221621900797,1.333498477935791,-0.8324122428894043,-1.693954308827718,-0.48274237751047944
Co23Ni22Pd21Rh24Ru18,8,3.7153743356466293,1.5345417976379394,-0.7837689399719239,-1.3930419286092122,-0.4833088728185244
Co22Ni22Pd24Rh22Ru18,8,3.7422220334410667,1.2870849967002866,-0.6000094413757324,-0.537645936012268,-0.4835331114331862
Co17Ni18Pd24Rh24Ru25,8,3.068022608757019,1.227429707845052,-0.5698628425598147,-1.2847154140472412,-0.4843746025554601
Co19Ni20Pd21Rh24Ru24,8,2.7327147647738457,1.7067746094294958,-0.6442766189575196,-2.8509280085563664,-0.4865633832060128
Co19Ni28Pd22Rh17Ru22,8,3.360023021697998,1.1923632224400837,-0.35769104957580566,-0.45936007499694825,-0.4867524386407352
Co25Ni24Pd22Rh17Ru20,8,2.91498189419508,1.3689569234848022,-0.13281011581420898,-1.0347753365834553,-0.4868842955538171
Co18Ni20Pd20Rh27Ru23,8,4.234464004635811,1.6812785863876343,-0.4919081926345825,-0.5022657513618468,-0.488699772224694
Co25Ni26Pd20Rh23Ru14,8,4.071220424026251,1.5708686351776122,-0.8120387077331542,-1.060835659503937,-0.4905071821210644
Co24Ni19Pd19Rh25Ru21,8,3.146250396966934,1.0500226020812988,-0.3612285852432251,-0.4873982270558675,-0.4917151208918261
Co24Ni17Pd27Rh18Ru22,8,2.4912821166217327,0.985834002494812,0.21310293674468994,-0.2616504033406577,-0.49332903859897415
Co18Ni16Pd31Rh22Ru21,8,3.7168818339705467,1.5724010467529297,-0.39524030685424805,-0.8496209979057311,-0.4964957014582983
Co18Ni26Pd18Rh19Ru27,8,2.983211934566498,1.4641412893931072,-0.27280743916829425,-1.4162724971771241,-0.4965599559021641
Co25Ni21Pd18Rh25Ru19,8,3.2222850657999516,1.651734709739685,-0.1038500467936198,-1.1806865135828652,-0.4967739502241744
Co23Ni17Pd21Rh23Ru24,8,3.735906556248665,1.393937826156616,-0.47165536880493164,-0.6089251041412354,-0.5002680367007236
Co21Ni19Pd24Rh20Ru24,8,3.2941909506917,1.5404690265655518,-0.1954289674758911,-1.0297123432159423,-0.5003131612467779
Co24Ni22Pd23Rh23Ru16,8,3.3456956408917904,1.2605699539184572,-0.31629438400268545,-0.6016202449798584,-0.5005734210153864
Co27Ni15Pd14Rh26Ru26,8,2.834066119045019,1.5219665765762327,0.003986358642578347,-1.2786404639482498,-0.5016570532510418
Co27Ni17Pd21Rh21Ru22,8,2.9421593472361565,0.8832433223724364,-0.2836596965789795,-0.3410412073135375,-0.5037356863931762
Co23Ni19Pd18Rh30Ru18,8,2.9210689403116703,1.5000698566436768,-0.2635354995727539,-1.5870716571807861,-0.5038288174441642
Co23Ni22Pd24Rh18Ru21,8,2.493981994688511,1.511120359102885,-0.4908798535664876,-2.5936732292175293,-0.5064086178883009
Co21Ni21Pd27Rh20Ru19,8,2.964928086847067,1.373855173587799,-0.5398801565170288,-1.762596321105957,-0.5072046339801148
Co16Ni29Pd26Rh21Ru16,8,3.1416466869413853,1.1980141401290894,-0.4902830918629964,-1.0827365517616272,-0.5079524963865845
Co22Ni22Pd18Rh19Ru27,8,3.325379740446806,1.2385070323944092,-0.3136152426401774,-0.6125742197036741,-0.508664076054893
Co18Ni25Pd23Rh24Ru18,8,4.043275408446789,1.2168107986450196,-0.653758144378662,-0.19978690147399925,-0.5135041988287565
Co24Ni27Pd24Rh17Ru16,8,3.0933028534054756,1.2932519912719727,0.15932114919026694,-0.2601027488708496,-0.5181253820036663
Co25Ni26Pd20Rh14Ru23,8,2.4839050099253654,0.819636344909668,-0.2040343284606938,-0.7561034679412841,-0.5182203327023494
Co27Ni16Pd26Rh16Ru23,8,3.998922973871231,1.6110358238220215,-0.3184342384338381,-0.5098274350166322,-0.520745034476517
Co26Ni19Pd14Rh21Ru28,8,3.6821486987173557,1.9754540920257568,0.012262582778930664,-1.1088730096817017,-0.5208257205976865
Co18Ni21Pd27Rh23Ru19,8,3.566329777240753,1.2884199959891183,-0.4135399886540005,-0.6095928124019078,-0.5211910808177114
Co18Ni29Pd21Rh21Ru19,8,3.6983574852347374,1.6353493531545003,-0.42694854736328125,-1.1689162850379944,-0.5240705921718183
Co15Ni26Pd27Rh14Ru26,8,2.9134706035256386,1.190659761428833,-0.23101393381754556,-0.9993881384531657,-0.5251107865266251
Co28Ni17Pd18Rh20Ru25,8,3.629102598875761,1.3755761782328286,-0.049449602762857925,-0.08881676197052002,-0.5253995340878829
Co22Ni29Pd19Rh24Ru14,8,3.379826195538044,1.1207348823547363,-0.1155198097229004,-0.0341930389404296,-0.5277114705592425
Co20Ni20Pd24Rh25Ru19,8,2.7886483147740364,1.074429472287496,-0.47307071685791013,-1.3660042405128479,-0.5286613335331691
Co26Ni14Pd25Rh22Ru21,8,3.2890639901161194,0.9711675167083741,-0.2286961555480957,-0.056969642639160156,-0.5295052065375365
Co24Ni26Pd15Rh17Ru26,8,3.4873252362012863,1.3684732437133789,-0.31906986236572266,-0.7673704624176025,-0.5338397841274234
Co15Ni25Pd24Rh24Ru20,8,3.6253521852195263,1.4257868766784667,-0.521593928337097,-1.0526142120361328,-0.5354674101222129
Co19Ni21Pd23Rh24Ru21,8,2.6564968451857567,1.1384752988815308,-0.2527449925740559,-1.3225923180580141,-0.5355147478296349
Co23Ni19Pd26Rh16Ru24,8,3.272614635527134,0.9991757869720459,-0.25083799362182624,-0.20749068260192863,-0.5376728920276816
Co21Ni20Pd15Rh23Ru29,8,3.3942974396049976,1.1396658718585968,-0.2875143885612487,-0.4041585127512614,-0.5410460093871424
Co22Ni25Pd18Rh24Ru19,8,3.7291154079139233,1.3838219165802004,-0.37873375415802013,-0.6060518622398376,-0.5420500861923989
Co24Ni21Pd22Rh17Ru24,8,3.0638820230960846,1.3625938892364498,0.12424278259277388,-0.5987328886985779,-0.542169692846827
Co23Ni17Pd18Rh26Ru24,8,2.9421789422631264,1.2137336730957031,-0.4671800136566162,-1.4913869142532348,-0.5439007960058467
Co26Ni15Pd23Rh26Ru18,8,3.279775444418192,1.1901901960372925,-0.10216093063354492,-0.3569642305374145,-0.5447314944352152
Co21Ni22Pd21Rh19Ru25,8,2.9817348942160606,0.8920260667800903,0.07921481132507324,0.15540218353271484,-0.5449561952767142
Co20Ni22Pd25Rh20Ru21,8,3.9505292400717735,1.4130005836486816,-0.47106583913167327,-0.5361146926879883,-0.5451043243707963
Co23Ni28Pd27Rh15Ru15,8,3.9743879921734333,1.7208555539449055,-0.41435591379801434,-1.0343666871388753,-0.5460860166654223
Co17Ni18Pd21Rh25Ru27,8,2.6469823829829693,1.624852478504181,-0.43686795234680176,-2.6884093284606934,-0.5472818433717224
Co24Ni24Pd15Rh26Ru19,8,3.0493807904422283,1.4348463058471679,-0.18563241958618165,-1.3314898212750754,-0.5497858419169157
Co23Ni19Pd24Rh19Ru23,8,3.4928916692733765,1.3696887493133545,-0.3682108606610979,-0.912662124633789,-0.550020067848439
Co26Ni22Pd17Rh25Ru18,8,3.0067980103194714,1.2707960605621333,-0.20519161224365234,-1.0959628373384476,-0.551188330079264
Co19Ni21Pd28Rh16Ru24,8,3.1065345481038094,1.2114319801330566,-0.29903864860534657,-1.0081167221069334,-0.552682737918563
Co20Ni23Pd27Rh14Ru24,8,3.5666938610374928,1.157425880432129,-0.26368021965026855,-0.22403085231781006,-0.5557453150481613
Co20Ni22Pd22Rh22Ru22,8,3.927863709628582,1.401205062866211,-0.3084869384765625,-0.3367724816004434,-0.5635890749091036
Co27Ni24Pd21Rh16Ru20,8,3.027889061719179,1.2397488951683044,-0.11834049224853516,-0.9201716542243957,-0.567505835983085
Co22Ni23Pd20Rh18Ru25,8,3.826901849359274,1.3562285900115967,-0.41486215591430664,-0.6020153363545736,-0.5723287265935482
Co23Ni21Pd20Rh27Ru17,8,4.50433212518692,1.4963118235270183,-0.4712983767191569,-0.07090606689453124,-0.574378684115374
Co19Ni23Pd14Rh21Ru31,8,4.4302356243133545,1.3763681479862757,-0.5543560981750489,-0.07318246364593506,-0.5747151501016873
Co23Ni23Pd22Rh22Ru18,8,3.168766874819994,1.2516039609909055,-0.047738075256347434,-0.6605988740921019,-0.5749161858651148
Co23Ni26Pd20Rh21Ru18,8,3.177734736353159,1.3186053037643433,-0.4658849239349365,-1.513981819152832,-0.5766138226858248
Co25Ni18Pd21Rh18Ru26,8,2.844573952257633,0.7874275843302411,-0.11387777328491211,-0.283369779586792,-0.5772802200392425
Co24Ni21Pd21Rh17Ru25,8,2.6047202199697495,0.9527893463770548,-0.09730653762817373,-0.9283952116966248,-0.580226121732276
Co24Ni18Pd30Rh16Ru20,8,3.302882991731167,1.0008578896522522,-0.2761552333831788,-0.40002965927124023,-0.5837802170344644
Co24Ni25Pd25Rh22Ru12,8,2.7543083801865578,1.278454303741455,-0.2937312126159668,-1.7436930437882743,-0.5847556798744018
Co27Ni29Pd17Rh19Ru16,8,2.8445159420371056,1.3898568153381348,0.019933700561523438,-1.3169946193695068,-0.587734145836069
Co19Ni18Pd20Rh19Ru32,8,3.9476664289832115,1.4391347765922546,-0.4832723140716553,-0.7892101287841797,-0.5883791804901126
Co27Ni31Pd18Rh15Ru17,8,2.7062241211533546,1.1911121368408204,0.15516767501831055,-0.8759060859680176,-0.5896910471542025
Co21Ni19Pd25Rh20Ru23,8,4.311259426176548,1.4843031764030457,-0.5814551115036011,-0.5672603249549866,-0.5911301744263284
Co24Ni22Pd21Rh22Ru19,8,3.4420920088887215,1.4254726171493532,-0.08904099464416526,-0.7792279243469237,-0.5912527645912977
Co22Ni28Pd23Rh17Ru18,8,2.9346257150173187,1.0277907053629558,-0.30389054616292316,-1.0431944131851196,-0.5936139834346674
Co22Ni20Pd26Rh23Ru17,8,3.0234544053673744,0.9641820589701335,-0.20555575688680014,-0.6245710372924804,-0.5939163453885925
Co24Ni28Pd19Rh21Ru16,8,3.317328665405512,1.1490471760431926,-0.2917160987854004,-0.7659888522965567,-0.5981121070669431
Co23Ni22Pd22Rh23Ru18,8,2.556335873901844,1.1124825477600098,-0.16818523406982422,-1.5209074815114338,-0.6000338549019053
Co19Ni26Pd21Rh23Ru19,8,3.7997098229825497,1.374850352605184,-0.35820754369099933,-0.6954766511917114,-0.6011550855741586
Co19Ni18Pd26Rh15Ru30,8,4.3411726132035255,1.3936463991800943,-0.5974267323811849,-0.4161057472229004,-0.6024741658082455
Co21Ni23Pd21Rh22Ru21,8,4.963760048151016,1.6738290786743164,-0.5837728977203369,-0.11690910657246907,-0.6030826097874322
Co27Ni16Pd18Rh27Ru20,8,4.087701790034771,1.4820102055867512,-0.44657007853190106,-0.6876465082168578,-0.6045197000596605
Co24Ni24Pd22Rh21Ru17,8,3.4405614621937275,1.6163004875183105,-0.5959511756896974,-2.1260195573170977,-0.6113467981067024
Co16Ni30Pd15Rh24Ru23,8,3.350644566118717,1.1154095331827798,-0.3342896302541098,-0.7848326166470844,-0.6126532521613322
Co29Ni26Pd20Rh15Ru18,8,3.0613606199622154,1.052590529123942,0.12180010477701837,-0.2719160318374634,-0.6150004603433034
Co27Ni19Pd19Rh26Ru17,8,3.9458242282271385,1.7943096160888672,-0.7879633903503418,-2.147970318794251,-0.6152833988273281
Co17Ni21Pd23Rh28Ru19,8,3.667651556432247,1.5443555514017742,-0.6979131698608398,-1.874130090077718,-0.6179450128103361
Co26Ni17Pd20Rh17Ru28,8,2.749131128191948,1.1942999362945557,-0.2019296646118164,-1.5558073043823244,-0.6180088023707366
Co22Ni16Pd16Rh26Ru28,8,2.491920195519924,1.0391647815704346,-0.05920267105102495,-1.3444151480992637,-0.6180950873136752
Co21Ni28Pd16Rh22Ru21,8,2.6469969749450684,0.7784075736999512,-0.06756305694580078,-0.6286520560582478,-0.6205275323510385
Co28Ni27Pd16Rh23Ru14,8,2.6356781721115112,1.064419448375702,0.24009013175964355,-0.7108769118785858,-0.6250199863264563
Co30Ni19Pd22Rh14Ru23,8,3.0065447948873043,1.4280187606811523,-0.5444323539733886,-2.327324688434601,-0.6316728589546537
Co17Ni31Pd17Rh27Ru16,8,3.226752109825611,1.1272663593292236,-0.11216697692871085,-0.6748553117116293,-0.6327760804351651
Co32Ni19Pd19Rh22Ru16,8,3.186566449701786,1.087688970565796,-0.0723754882812501,-0.5923195838928222,-0.6357200697507305
Co29Ni17Pd24Rh18Ru20,8,2.8633377104997635,1.2247629165649414,-0.1945573091506958,-1.5333937803904214,-0.6387272977735095
Co29Ni22Pd18Rh16Ru23,8,2.786494866013527,1.2175366878509521,0.39356374740600586,-0.6117184502737862,-0.6399689497848061
Co19Ni17Pd26Rh18Ru28,8,4.03589041531086,1.276879370212555,-0.526050567626953,-0.6263106822967529,-0.6408839055810258
Co26Ni21Pd20Rh19Ru22,8,3.522759709507227,1.0945010866437639,-0.2846213749476842,-0.5383333734103611,-0.6412866191076556
Co18Ni29Pd21Rh17Ru23,8,3.060032404959202,0.6031630039215088,0.21287631988525346,0.6811045010884604,-0.6433376757997028
Co17Ni24Pd25Rh18Ru24,8,2.9091718681156635,1.5441668033599854,-0.6515440940856934,-2.9296323657035828,-0.6437975902534097
Co18Ni27Pd22Rh17Ru24,8,3.221077475696802,1.2146759033203125,-0.34290528297424316,-1.3054478963216147,-0.6443133636899733
Co22Ni30Pd14Rh18Ru24,8,3.0667437240481377,1.4864988923072815,-0.41487252712249745,-2.196907788515091,-0.645689957708304
Co27Ni23Pd21Rh19Ru18,8,4.087483771145344,1.4656550884246826,-0.5050179958343506,-0.9259249210357667,-0.6465783290879963
Co20Ni25Pd17Rh28Ru18,8,4.031921576708555,1.3037494818369546,-0.38016780217488605,-0.45900646845499676,-0.6470436298040352
Co21Ni22Pd21Rh25Ru19,8,4.085466343909502,1.3691951274871825,-0.3545408248901367,-0.4786166350046795,-0.6480094982084761
Co20Ni25Pd19Rh10Ru34,8,3.5679183416068554,1.2383588552474976,-0.06755030155181885,-0.42110699415206915,-0.6480695785383801
Co28Ni17Pd23Rh18Ru22,8,3.9576493613421917,1.4334988594055176,-0.21286487579345703,-0.5392415523529053,-0.6483041653822148
Co24Ni19Pd21Rh24Ru20,8,3.6536049395799637,1.250451258250645,-0.08138343266078404,-0.3554903098515102,-0.6486771018409649
Co21Ni18Pd27Rh17Ru25,8,3.8785564303398132,1.3198657035827637,-0.5979604721069336,-1.1109403769175212,-0.6555044455909622
Co24Ni14Pd24Rh23Ru23,8,3.8059036806225777,1.118221402168274,-0.364962100982666,-0.39891632397969573,-0.6557780356375714
Co20Ni24Pd22Rh16Ru26,8,4.015826493501663,1.4778845310211182,-0.46171236038208024,-1.012965965270996,-0.65637407418971
Co25Ni18Pd22Rh21Ru22,8,3.3249701261520386,0.9394009113311768,-0.16672499974568686,-0.35228521483285086,-0.6569855198636957
Co23Ni25Pd24Rh14Ru22,8,3.1167399287223816,1.142860770225525,-0.27709996700286854,-1.2403082489967348,-0.657278812632826
Co21Ni28Pd14Rh26Ru19,8,2.6656173169612885,0.8929991126060486,-0.07754647731781006,-1.0067407488822937,-0.6584975920115602
Co21Ni17Pd22Rh23Ru25,8,3.2716883532702923,1.0382694244384767,-0.17102365493774424,-0.6593368887901305,-0.6635423964384896
Co17Ni18Pd27Rh16Ru30,8,3.726046174764633,1.2544866402943928,-0.039427757263183594,-0.26118946075439453,-0.6656192169463576
Co26Ni16Pd18Rh26Ru22,8,3.729963183403015,1.3367896874745686,-0.2356411616007487,-0.7626538872718811,-0.6657741019509177
Co16Ni26Pd25Rh15Ru26,8,3.81894389167428,1.288195570309957,-0.4027876059214274,-0.8388434648513796,-0.6674809543249608
Co17Ni22Pd20Rh19Ru30,8,4.672130241990089,1.7091268130711146,-0.5259551320757184,-0.74664306640625,-0.6677108803676108
Co23Ni20Pd19Rh20Ru26,8,3.322812896221876,1.4413636411939348,-0.5535361766815186,-2.0977272987365723,-0.6706478884195405
Co17Ni18Pd33Rh11Ru29,8,4.242042552679777,1.2494163513183594,-0.5894792874654134,-0.5203792254130045,-0.6706727449398856
Co21Ni27Pd16Rh23Ru21,8,3.5014703385531902,1.582731008529663,0.06556987762451172,-1.0748479843139649,-0.6714579936737464
Co20Ni20Pd21Rh15Ru32,8,2.9130436591804028,1.1543998320897422,-0.23560037612915047,-1.5393123825391133,-0.6746594453921033
Co23Ni26Pd24Rh15Ru20,8,3.303852468729019,0.8627209663391116,0.02097320556640614,0.016962146759033025,-0.6772723018850342
Co24Ni24Pd11Rh18Ru31,8,3.07201761752367,1.1416455336979456,-0.23124081747872488,-1.3005221962928772,-0.6773325732318244
Co26Ni25Pd18Rh21Ru18,8,2.7578294724226,0.636385440826416,0.488187313079834,0.527216911315918,-0.6807532092333053
Co24Ni21Pd24Rh23Ru16,8,4.1935654655098915,1.279522180557251,-0.2575254440307617,-0.11740970611572266,-0.6814931203900927
Co28Ni15Pd20Rh21Ru24,8,3.483380049467087,1.2766371965408325,0.2096715768178304,-0.2699816567557199,-0.681537140170832
Co20Ni17Pd26Rh24Ru21,8,3.809014283120632,1.113931655883789,-0.38562965393066406,-0.5371239866529193,-0.6843085707790802
Co20Ni27Pd15Rh27Ru19,8,3.4549506418406963,1.6408536434173584,-0.07185506820678711,-1.5468178590138753,-0.684614984852928
Co22Ni23Pd12Rh29Ru22,8,2.778404675424099,0.9200234413146968,0.5657768249511723,0.09664983749389648,-0.6849690109669118
Co18Ni24Pd21Rh28Ru17,8,3.0433460250496864,0.6448830962181091,-0.25675761699676514,-0.4245819568634032,-0.6894620970773943
Co29Ni20Pd24Rh18Ru17,8,4.13103125244379,1.587739610671997,-0.121209716796875,-0.6314774513244629,-0.6911732296020718
Co22Ni26Pd12Rh25Ru23,8,2.97672500833869,1.0376484394073486,-0.22507905960082986,-1.2678739031155903,-0.6920307160534707
Co27Ni22Pd23Rh16Ru20,8,3.4607928916811943,1.3255091905593872,-0.0825958251953125,-0.9535142421722412,-0.6935188185612138
Co26Ni24Pd18Rh15Ru25,8,3.1267493963241577,1.0238492488861086,-0.026001691818237527,-0.6999575734138487,-0.6940566450734247
Co28Ni22Pd26Rh21Ru11,8,3.105795845389366,1.2967143058776855,-0.07684993743896484,-1.3832155227661134,-0.6973039244273145
Co21Ni20Pd23Rh18Ru26,8,4.003409445285797,1.3375571455274309,-0.3128172329493931,-0.6558245817820232,-0.6979268996948403
Co22Ni18Pd28Rh19Ru21,8,3.272770419716835,1.0360453605651856,-0.6413090229034424,-1.6278427243232727,-0.7034956527101253
Co19Ni24Pd21Rh18Ru26,8,2.3183797746896744,0.8195977210998535,0.08679485321044922,-1.231623649597168,-0.7043981386027849
Co22Ni20Pd27Rh21Ru18,8,4.6027936190366745,1.251850366592407,-0.5306999683380127,-0.08167219161987305,-0.7073874548831645
Co24Ni22Pd22Rh16Ru24,8,3.667090643197298,1.410789918899536,-0.1574549674987793,-1.041674518585205,-0.7098943862067234
Co27Ni23Pd16Rh22Ru20,8,3.136565539985895,1.3478447794914246,0.07758200168609619,-1.2296174764633179,-0.7100117809466606
Co29Ni14Pd27Rh18Ru20,8,3.883626811206341,2.1707050800323486,-0.20663785934448242,-2.382219672203064,-0.7118388176214687
Co23Ni26Pd19Rh26Ru14,8,3.1743804961442947,1.1710846424102779,0.15161561965942427,-0.7008212407430013,-0.7123102326138309
Co29Ni20Pd14Rh20Ru25,8,2.5716730654239655,1.3390898704528809,0.17362737655639648,-1.8557074069976807,-0.7203137891141244
Co20Ni24Pd23Rh26Ru15,8,2.7845708057284355,1.1248444318771362,0.0810692310333252,-1.3008311192194622,-0.7226466932763954
Co22Ni19Pd24Rh14Ru29,8,3.9468708373606205,1.4122446179389954,-0.4931631088256836,-1.318951686223348,-0.7283204451579601
Co27Ni18Pd26Rh19Ru18,8,3.5945025235414505,1.1466639041900635,0.004154205322265625,-0.40770912170410156,-0.7303266092040405
Co18Ni24Pd26Rh24Ru16,8,3.9366544932127,1.1487774848937988,-0.34122610092163086,-0.5444518566131591,-0.730517411283407
Co21Ni28Pd23Rh24Ru12,8,3.3177548572421074,0.9751839637756348,-0.15798632303873697,-0.729515016078949,-0.7335904356839573
Co19Ni20Pd18Rh22Ru29,8,3.7318929582834244,1.4160809516906738,-0.15399491786956787,-1.0781275885445731,-0.7395123826915591
Co22Ni16Pd20Rh23Ru27,8,2.8333186358213425,0.8664312362670896,-0.10220277309417691,-1.0971942692995071,-0.7400217157930935
Co22Ni24Pd17Rh27Ru18,8,3.40659199655056,1.1314207712809246,-0.04426495234171549,-0.7563673655192057,-0.7403045304900526
Co19Ni20Pd28Rh22Ru19,8,2.963603191077709,0.792599984577724,-0.10947288785661977,-0.7909911360059466,-0.7420566271480984
Co20Ni19Pd20Rh26Ru23,8,3.612563654780388,1.4705633640289306,-0.5245288848876954,-2.0045008063316345,-0.742748074341196
Co17Ni23Pd23Rh24Ru21,8,4.43944177031517,1.3921153545379639,-0.2954750061035156,-0.3291139602661133,-0.743780270183441
Co17Ni23Pd24Rh22Ru22,8,3.8119248636066914,1.1985745429992676,-0.6234769821166992,-1.374690532684326,-0.7482436864896338
Co23Ni22Pd22Rh21Ru20,8,3.353601288050413,1.500113884607951,-0.2875305811564128,-2.037986993789673,-0.7504099234638837
Co23Ni25Pd15Rh24Ru21,8,4.432517424225807,1.4911239941914876,-0.3337494532267253,-0.6591647466023763,-0.7570187310482703
Co26Ni25Pd19Rh19Ru19,8,3.1819785311818123,0.8429456551869711,0.04855187733968099,-0.4032007058461507,-0.761866732107076
Co19Ni28Pd16Rh20Ru25,8,3.508568700402975,1.580939769744873,-0.12960267066955566,-1.7708075046539307,-0.7633880268127301
Co26Ni28Pd21Rh17Ru16,8,3.186410315334797,1.2908032621656145,-0.321981634412493,-1.965310792128245,-0.7665219386652956
Co23Ni14Pd27Rh23Ru21,8,3.8398464769124985,1.3496036529541016,-0.33481559753417967,-1.2203989028930662,-0.7670599213174187
Co22Ni22Pd17Rh31Ru16,8,3.7996826842427254,1.0920974254608153,-0.466365909576416,-0.9818651974201202,-0.7675645919381097
Co25Ni25Pd21Rh20Ru17,8,3.6023976281285286,1.667355442047119,-0.5143932342529297,-2.5057848691940308,-0.7688556444422965
Co24Ni27Pd18Rh18Ru21,8,3.2449755296111107,1.2383121013641356,-0.17559823989868145,-1.5437865455945332,-0.7708861179530291
Co21Ni19Pd24Rh24Ru20,8,4.6485729813575745,1.5589973131815593,-0.33136717478434247,-0.5552443663279215,-0.7709277653213855
Co20Ni29Pd23Rh17Ru19,8,3.719231601804495,1.311543385187785,-0.11025810241699219,-0.9378738701343536,-0.771713026595872
Co24Ni25Pd19Rh17Ru23,8,3.14558944106102,0.8896359205245972,-0.03591569264729818,-0.7362989357539585,-0.7724625287972987
Co17Ni21Pd23Rh19Ru28,8,2.9775171168148518,0.2056107521057129,-0.4223346710205078,-0.25366973876953125,-0.7746962291040009
Co24Ni21Pd20Rh19Ru24,8,3.0356784723699093,1.5223455429077148,-0.0759730339050293,-2.2751044273376464,-0.7813893856575923
Co23Ni27Pd17Rh22Ru19,8,3.739545613527298,1.2858470678329468,-0.2760732173919679,-1.1849345366160076,-0.7816576103413535
Co22Ni19Pd23Rh25Ru19,8,4.031261444091797,1.149916172027588,-0.16426801681518555,-0.32467126846313454,-0.7830261037809688
Co13Ni26Pd23Rh17Ru29,8,2.7189617678523064,0.9310038089752197,0.3770289421081543,-0.7363218267758688,-0.7847374425508337
Co17Ni22Pd28Rh19Ru22,8,4.560683272778988,1.6739846070607503,-0.3954003651936849,-1.0871740579605103,-0.7878312032708203
Co22Ni13Pd22Rh25Ru26,8,4.50531792640686,1.4180529117584229,-0.32617902755737305,-0.5355491161346435,-0.7908232376820562
Co26Ni19Pd22Rh19Ru22,8,3.2696619033813477,1.3267096996307373,-0.4229554533958435,-2.1982688307762146,-0.7909383474980878
Co27Ni19Pd28Rh18Ru16,8,2.4443858936429024,0.7009608745574951,0.4016914367675781,-0.6275517344474792,-0.7914865621519753
Co27Ni24Pd17Rh25Ru15,8,3.1135045662522316,1.3252286911010742,-0.30599451065063477,-2.2136359810829163,-0.7929594932583452
Co22Ni27Pd18Rh17Ru24,8,3.0245857797563076,0.7692351341247559,0.07795047760009766,-0.5428919196128845,-0.7930255799941366
Co25Ni20Pd21Rh19Ru23,8,3.6712223030626774,0.9546257257461548,0.08971476554870605,-0.03174527486165365,-0.7960698818866996
Co23Ni20Pd24Rh22Ru19,8,3.2603228986263275,1.2998745441436763,-0.5236458778381348,-2.3779159784317017,-0.8026470990022082
Co19Ni28Pd19Rh14Ru28,8,3.2633909806609154,1.0349674224853516,0.11581611633300781,-0.7331252098083496,-0.8032011825617463
Co23Ni23Pd17Rh20Ru25,8,3.4329726845026016,1.0883010228474934,0.1975463231404624,-0.47317540645599365,-0.8041145014516154
Co30Ni13Pd20Rh19Ru26,8,2.869310636073351,1.158912976582845,0.05178610483805338,-1.638065129518509,-0.8048908208917165
Co25Ni13Pd26Rh23Ru21,8,3.3571204617619514,1.1598286628723145,-0.02728033065795943,-1.1267928600311279,-0.8082458752960504
Co28Ni15Pd21Rh27Ru17,8,2.847298987209797,1.3458381891250613,0.14583897590637185,-1.918134331703186,-0.8131379813647691
Co19Ni21Pd18Rh20Ru30,8,3.312024973332882,1.429254722595215,-0.26261866092681896,-2.1768507838249205,-0.816948299287065
Co20Ni25Pd16Rh28Ru19,8,3.5235547870397568,1.3084400494893391,-0.088227113087972,-1.3444236278533936,-0.817400463504251
Co24Ni21Pd17Rh18Ru28,8,3.1748741045594215,1.5581142902374268,-0.2956717809041341,-2.6978611946105957,-0.8208710955147309
Co19Ni33Pd23Rh11Ru22,8,2.7904675900936127,0.7576183080673218,0.5735747814178467,-0.11354811986287434,-0.8257812789138781
Co22Ni17Pd23Rh22Ru24,8,4.270292900502682,1.0110809803009033,-0.33086276054382324,-0.18323071797688803,-0.8268798943369101
Co25Ni16Pd20Rh23Ru24,8,2.844746306538582,0.772575855255127,0.05699920654296875,-0.974276860555013,-0.828578983274909
Co22Ni25Pd26Rh21Ru14,8,3.5894069597125053,1.252625862757365,-0.41777515411376953,-1.7677594820658367,-0.8313789412694129
Co25Ni19Pd24Rh24Ru16,8,3.044736959040165,1.0594086647033694,-0.1282892227172853,-1.6218781352043152,-0.8328359722590588
Co19Ni26Pd22Rh21Ru20,8,4.422779090702534,1.2970237731933594,-0.2651101350784302,-0.4759005308151247,-0.8351371793143496
Co18Ni23Pd23Rh13Ru31,8,4.383129380643368,1.2596089045206704,-0.1957554817199707,-0.33437103033065796,-0.8352248329527305
Co32Ni16Pd16Rh20Ru24,8,3.7981313541531563,1.2715471744537352,-0.10831317901611319,-1.0095073223114013,-0.8368361063877328
Co23Ni21Pd26Rh20Ru18,8,3.3087036721408367,1.303952932357788,-0.1845560073852539,-1.8742065429687498,-0.8372292667841889
Co22Ni18Pd22Rh24Ru22,8,2.748906798660755,0.9789173603057861,0.2936239242553711,-1.1588231325149536,-0.8395709158774723
Co22Ni21Pd23Rh20Ru22,8,3.4039597250521183,0.9196228981018068,0.13489174842834473,-0.42419824004173284,-0.8401002971667612
Co22Ni24Pd20Rh24Ru18,8,3.8425211161375046,1.0454998016357422,-0.2501645088195801,-0.792329967021942,-0.8508603910350538
Co20Ni20Pd25Rh19Ru24,8,3.443528551608324,0.9826145172119142,-0.21617326736450196,-1.1643420656522114,-0.8547650631492428
Co20Ni28Pd17Rh26Ru17,8,3.946840774267912,1.2298189997673035,-0.6395671367645264,-1.721356987953186,-0.8567392532921676
Co15Ni20Pd25Rh24Ru24,8,4.584186688065529,1.3730141520500183,-0.24808704853057872,-0.47150163650512694,-0.8574604775619699
Co23Ni14Pd19Rh23Ru29,8,3.0660488605499268,0.8284595012664795,-0.10388422012329146,-1.1893329279763358,-0.8593581369530892
Co19Ni21Pd22Rh26Ru20,8,4.229659333825111,1.383497953414917,-0.5072338581085205,-1.4480306307474773,-0.8636940847420529
Co18Ni23Pd22Rh22Ru23,8,4.549609124660492,1.327888011932373,-0.4800691604614258,-0.8593307733535767,-0.865226490473088
Co21Ni17Pd20Rh21Ru29,8,3.9582961834967136,0.9494636058807373,-0.4825150966644287,-0.9113171100616455,-0.8680930991490059
Co25Ni24Pd14Rh23Ru22,8,3.0048937946558,0.7922279834747312,0.08714461326599143,-0.9055170416831969,-0.8684369389269979
Co19Ni24Pd17Rh30Ru18,8,3.0340451672673225,1.1063110828399658,-0.013592243194579967,-1.6808747053146362,-0.8693016711883015
Co20Ni29Pd20Rh17Ru22,8,3.4318304508924484,1.232489824295044,0.0581963857014974,-1.274785544191088,-0.8700121586668794
Co21Ni26Pd14Rh20Ru27,8,2.897220864892006,0.7419714927673344,0.6982946395874019,0.09971046447753906,-0.8700864709410477
Co17Ni17Pd28Rh26Ru20,8,4.115511193871498,1.0069941679636636,-0.2193822860717772,-0.37715852260589605,-0.8724670827413836
Co19Ni30Pd20Rh25Ru14,8,3.142581969499588,0.7711852550506593,0.29787731170654286,-0.3552388191223145,-0.8792893191003562
Co28Ni20Pd19Rh21Ru20,8,3.6738838963210583,1.212270736694336,-0.2199399811880929,-1.4402719140052795,-0.8835928854078978
Co29Ni19Pd20Rh19Ru21,8,3.0221784114837646,0.7804093956947326,0.24576652050018322,-0.6483407616615297,-0.8843758779108224
Co26Ni14Pd22Rh20Ru26,8,3.0577825754880905,0.7759060064951578,0.09975814819335938,-0.8504008650779724,-0.8861680026702068
Co20Ni23Pd19Rh22Ru24,8,3.9196001179516315,1.5311334133148193,-0.1154475212097168,-1.5838708281517029,-0.8863785812158884
Co27Ni20Pd11Rh27Ru23,8,2.5315489768981934,0.9278163909912109,0.5558929443359375,-1.1011993139982224,-0.8899508360816569
Co26Ni17Pd19Rh23Ru23,8,3.8244449719786644,1.0031156539916992,0.01485300064086914,-0.43482484817504885,-0.8909028806243092
Co22Ni26Pd19Rh20Ru21,8,2.6981265917420387,0.9892692565917971,0.1090583801269529,-1.7808294892311096,-0.8922054101564401
Co22Ni23Pd22Rh21Ru20,8,4.110644698143005,0.9652944803237915,-0.2074618339538572,-0.36976981163024913,-0.8950156538765485
Co25Ni23Pd21Rh18Ru21,8,4.119229443371296,1.2111288905143738,-0.004265785217285156,-0.5068746805191041,-0.8952893239479226
Co28Ni21Pd20Rh18Ru21,8,3.9457515999674797,1.162607342004776,-0.0719841718673706,-0.766329118183681,-0.8965165456208307
Co22Ni22Pd26Rh18Ru20,8,4.56669656932354,1.3593799386705672,-0.5163242476327079,-1.0933039665222166,-0.8975184315385369
Co24Ni19Pd20Rh23Ru22,8,3.5512585788965225,1.2503900527954102,-0.15788888931274414,-1.6463183164596558,-0.9006943862360941
Co24Ni19Pd24Rh26Ru15,8,4.08947528898716,1.4990255037943523,-0.2505302429199219,-1.5798045794169109,-0.9008687936203978
Co21Ni21Pd19Rh20Ru27,8,2.8237542286515236,0.7533290386199951,0.2505769729614258,-0.9293791850407919,-0.9027850796626335
Co29Ni20Pd18Rh20Ru21,8,4.085886776447296,1.6330361366271973,-0.5228958129882812,-2.355381965637207,-0.907784064146788
Co19Ni26Pd21Rh20Ru22,8,2.753513604402542,1.8742010593414302,0.4398560523986821,-3.0020857055981955,-0.9101274545942644
Co22Ni20Pd23Rh16Ru27,8,3.6977007277309895,1.067240238189697,-0.26728248596191406,-1.320924917856852,-0.9146223818746972
Co25Ni20Pd19Rh18Ru26,8,3.230325862765312,0.847062349319458,0.43304967880249023,-0.3007407784461975,-0.9150028853105516
Co21Ni18Pd27Rh19Ru23,8,3.4537372328341007,0.7890801429748535,0.1001734733581543,-0.4576095740000407,-0.9157425712635002
Co23Ni26Pd24Rh19Ru16,8,2.7106897607445717,0.3713874816894527,0.15787267684936523,-0.5274975776672363,-0.917424278790704
Co25Ni18Pd27Rh24Ru14,8,3.1666149720549583,0.6851540803909301,0.031739115715026855,-0.7627935409545898,-0.9175590595617528
Co23Ni25Pd23Rh18Ru19,8,2.8381953984498978,0.9973773956298828,0.2671360969543457,-1.4417486190795898,-0.9189436861592404
Co25Ni26Pd19Rh21Ru17,8,3.4613811559975147,1.1273565292358398,-0.004995584487915039,-1.3342256148656209,-0.9203777348627986
Co27Ni22Pd27Rh16Ru16,8,2.9377399049699306,1.037564992904663,0.18567228317260742,-1.5462304592132567,-0.9232672343569693
Co20Ni23Pd19Rh23Ru23,8,3.1144029200077057,1.1064208745956423,0.02333259582519509,-1.7286298722028732,-0.9238391775252484
Co24Ni19Pd18Rh23Ru24,8,3.0416282638907433,0.9310438632965088,0.0039119720458984375,-1.5096478462219238,-0.9249235289166664
Co23Ni25Pd20Rh17Ru23,8,2.9276005253195763,0.6954511006673177,0.14580869674682617,-0.9499680519104003,-0.9270531849557446
Co28Ni17Pd20Rh22Ru21,8,3.605508826673031,1.0567272901535034,0.0341336727142334,-0.9613895416259766,-0.9288129715867782
Co20Ni23Pd23Rh16Ru26,8,2.809995200484991,0.5630555152893066,0.0342860221862793,-1.0447597418512617,-0.9297175843393151
Co17Ni20Pd23Rh24Ru24,8,4.261638972908258,1.0873809337615967,-0.19133567810058585,-0.531052964074271,-0.9312867168524829
Co26Ni27Pd17Rh20Ru18,8,3.016995668411255,1.071000099182129,-0.030441761016845703,-1.9124109387397765,-0.9313175757897287
Co23Ni17Pd22Rh27Ru19,8,3.5782926343381405,1.3248347441355388,-0.5711841583251952,-2.616881489753723,-0.9357694520492321
Co26Ni15Pd26Rh20Ru21,8,4.695075519382954,1.5375008583068845,-0.2149052619934082,-0.9168694814046224,-0.9364902255103096
Co25Ni21Pd22Rh18Ru22,8,3.595190189778805,1.0813596844673157,0.15669190883636475,-0.8721496264139811,-0.9432918966925996
Co29Ni16Pd26Rh18Ru19,8,4.16992300003767,1.2132072448730469,-0.19044129053751627,-0.9591394662857055,-0.9435382614946702
Co26Ni17Pd15Rh23Ru27,8,3.6070533953607082,0.7905564308166504,0.16354799270629883,-0.27258195877075186,-0.9478788797731317
Co25Ni17Pd19Rh15Ru32,8,2.4093727245926857,0.6455259323120117,0.4528627395629883,-1.119855797290802,-0.9510792520508288
Co23Ni23Pd19Rh24Ru19,8,3.201077565550804,0.7864636182785035,0.33407163619995106,-0.5385403633117677,-0.9520622081915519
Co30Ni16Pd23Rh18Ru21,8,2.7631006091833115,0.723894357681274,0.57085132598877,-0.6009676158428192,-0.9528194388564898
Co24Ni13Pd21Rh24Ru26,8,3.463591881096363,1.25984787940979,0.3587045669555664,-1.1171303391456604,-0.956386379043072
Co22Ni20Pd14Rh29Ru23,8,3.8242861665785313,1.1086580753326416,-0.03702974319458008,-1.010511875152588,-0.9580421480910081
Co21Ni30Pd14Rh18Ru25,8,3.54567963629961,1.0129127843039376,0.022402286529541016,-1.093969476222992,-0.9584401811736616
Co30Ni26Pd22Rh14Ru16,8,3.311212170869112,0.9055742025375366,0.3933565616607666,-0.5684418678283691,-0.9620548182954614
Co21Ni32Pd22Rh20Ru13,8,2.769586056470871,0.3808499177296956,0.018935998280842952,-0.8879926443099975,-0.9622248479508388
Co21Ni25Pd24Rh17Ru21,8,3.9882625713944435,1.2789843082427979,-0.03732883930206299,-1.1563664277394612,-0.9636471455865929
Co24Ni24Pd17Rh27Ru16,8,3.570081241428852,1.371890127658844,-0.4412614107131958,-2.616817355155945,-0.9648983075638586
Co18Ni27Pd20Rh25Ru18,8,4.062630210071802,1.0284856955210369,-0.4076300462086995,-1.2088490724563599,-0.9690655682587829
Co21Ni26Pd21Rh24Ru16,8,3.270562879741192,1.254325230916341,0.3996849060058594,-1.3507064580917358,-0.9695165975596713
Co19Ni22Pd14Rh29Ru24,8,3.7740936167538166,1.3443634510040283,0.09482312202453613,-1.3776172796885173,-0.9700110699643246
Co23Ni24Pd22Rh22Ru17,8,3.268523447215557,0.6462868054707847,0.01745891571044922,-0.7878398895263672,-0.97140221133976
Co22Ni25Pd19Rh21Ru21,8,3.4573045559227467,0.8815363407135008,-0.08418226242065421,-1.185073509812355,-0.9716172638242839
Co25Ni20Pd19Rh23Ru21,8,2.812018059194088,0.42552026112874347,0.43228912353515625,-0.27000701427459717,-0.9779264203466098
Co20Ni26Pd19Rh22Ru21,8,3.5320744551718235,0.7468924522399902,-0.04530763626098633,-0.7777167956034342,-0.9802079317504092
Co24Ni21Pd19Rh21Ru23,8,3.1917357370257378,0.7254287004470825,0.030250906944274902,-1.081487762928009,-0.9839418181213471
Co24Ni29Pd21Rh19Ru15,8,2.1824712306261063,0.5220012664794917,0.4827013015747075,-1.2725399633248646,-0.9872609205969951
Co21Ni25Pd19Rh22Ru21,8,4.091648489236832,1.1534659067789714,-0.5006551742553711,-1.6660721898078918,-0.9894011702482026
Co22Ni19Pd21Rh23Ru23,8,3.5787209421396255,1.1406995455423992,-0.13770675659179688,-1.715575098991394,-0.9906920710653848
Co16Ni30Pd17Rh25Ru20,8,2.2693862318992615,0.3226971626281747,0.7816224098205562,-0.2579345703125,-0.9933697915703651
Co22Ni17Pd27Rh24Ru18,8,4.7941682785749435,1.2989601135253905,-0.29178972244262696,-0.6634767055511475,-0.9939748105775509
Co23Ni20Pd19Rh21Ru25,8,3.239226780831814,0.5910852750142417,0.19041554133097302,-0.5278448036738804,-0.998872921687467
Co25Ni23Pd14Rh21Ru25,8,2.803706169128418,0.8307254314422607,0.7164087295532227,-0.7038482030232748,-1.000499216432907
Co25Ni22Pd17Rh21Ru23,8,4.65517745539546,1.4860897064208984,-0.08797931671142578,-0.9117254018783569,-1.0018254275913914
Co22Ni22Pd20Rh26Ru18,8,3.2753439098596573,0.7146401405334473,-0.01866579055786118,-1.1207776069641113,-1.006270662212138
Co22Ni22Pd19Rh21Ru24,8,3.0350695475935936,0.7611358960469564,-0.16690587997436523,-1.8031792044639585,-1.0075254371229407
Co25Ni17Pd19Rh21Ru26,8,2.79354690015316,0.8753958940505981,0.13244748115539529,-1.8460944493611653,-1.0075286255840181
Co28Ni18Pd24Rh21Ru17,8,2.838765576481819,0.410581111907959,0.24948676427205405,-0.6455008188883463,-1.0091267992369042
Co22Ni27Pd26Rh13Ru20,8,4.015181139111519,0.7562440236409506,0.026827017466227215,-0.18141301472981755,-1.0213320936418326
Co29Ni19Pd15Rh23Ru22,8,2.7795763835310936,0.7157648801803589,0.445906400680542,-1.056316614151001,-1.0216098149790416
Co23Ni27Pd15Rh19Ru24,8,3.1535671912133694,1.2130031585693364,0.6896667480468746,-1.1524335344632466,-1.0258010665149722
Co20Ni26Pd24Rh17Ru21,8,4.0918155908584595,0.972585916519165,-0.2644505500793457,-1.0518155097961426,-1.029273669049168
Co29Ni22Pd26Rh15Ru16,8,2.406777039170265,0.8725419044494629,0.5159063339233398,-1.7950101693471272,-1.0301538127857792
Co23Ni27Pd21Rh14Ru23,8,5.077781498432159,1.5212078094482422,-0.11312580108642578,-0.5797911882400513,-1.033472209550305
Co25Ni20Pd22Rh20Ru21,8,3.475095711648464,1.065810203552246,-0.06846213340759277,-1.7580014705657958,-1.0334975192875144
Co24Ni24Pd16Rh20Ru24,8,3.2133773416280746,0.8343141078948975,-0.0847938060760498,-1.6877408623695374,-1.0373019564850983
Co20Ni18Pd20Rh32Ru18,8,4.400246113538742,1.0419552326202393,-0.6661324501037598,-1.5063502311706543,-1.0388910904708686
Co19Ni20Pd24Rh16Ru29,8,3.0194843411445618,0.3814373016357422,0.002280712127685547,-0.8990925947825114,-1.041560503581034
Co31Ni21Pd16Rh22Ru18,8,4.147892449051142,1.095879077911377,-0.23279762268066406,-1.2369424104690552,-1.0455609112182676
Co25Ni22Pd24Rh18Ru19,8,4.454614724963903,1.1560417413711548,-0.18837563196818033,-0.8922229210535685,-1.0522539975839678
Co21Ni25Pd16Rh16Ru30,8,2.796757332980633,0.6892354488372805,0.2605922222137449,-1.4360196987787883,-1.0553757706680447
Co24Ni23Pd23Rh17Ru21,8,3.4428815990686417,0.7644600868225098,-0.024106740951538086,-1.2138611248561313,-1.0582811741644647
Co23Ni26Pd22Rh13Ru24,8,3.3099915087223053,1.244982659816742,0.25039029121398937,-1.896629234155019,-1.0586163738263277
Co21Ni25Pd24Rh19Ru19,8,2.6485422253608704,0.6052060127258301,0.8372588157653809,-0.4846668243408203,-1.0589228557392156
Co26Ni22Pd22Rh16Ru22,8,3.8693244382739067,0.8212377230326334,0.3028494517008464,-0.19045007228851318,-1.0598641586691036
Co21Ni25Pd18Rh22Ru22,8,3.5467551313340664,1.0762149095535278,0.2271900177001953,-1.2909183502197266,-1.0632261137643715
Co25Ni16Pd17Rh27Ru23,8,3.9152214601635933,0.8806825876235962,-0.4216196537017822,-1.522051215171814,-1.065099801345591
Co22Ni19Pd22Rh18Ru27,8,4.542635351419449,1.5492968559265137,-0.28147459030151367,-1.79990553855896,-1.0691647426889588
Co24Ni13Pd21Rh28Ru22,8,2.5336487740278244,0.7845504283905029,-0.4695091247558594,-3.3062444925308228,-1.0694814565689734
Co24Ni16Pd25Rh17Ru26,8,3.067387767136097,0.4334092140197754,0.35921287536621094,-0.4440102577209474,-1.0716004914228434
Co20Ni25Pd21Rh22Ru20,8,3.2598144710063934,0.7513963381449383,0.3418758710225422,-0.8658011456330618,-1.073626436012875
Co21Ni18Pd20Rh18Ru31,8,3.8374874889850616,1.417417049407959,-0.2158036231994629,-2.401895523071289,-1.075148900123284
Co25Ni19Pd17Rh23Ru24,8,4.409110724925995,1.124656796455383,-0.2094249725341797,-1.050365686416626,-1.0827992610270583
Co22Ni22Pd22Rh19Ru23,8,3.217078249901533,0.9938725233078003,-0.03108358383178711,-2.098172903060913,-1.0829080657821781
Co23Ni21Pd15Rh28Ru21,8,3.9017345383763313,0.8715048789978026,0.10686597824096697,-0.6829161643981934,-1.0835410360086863
Co20Ni27Pd19Rh23Ru19,8,3.226385660469532,0.685423612594604,-0.2613124847412105,-1.8795828342437744,-1.0883662181945684
Co22Ni19Pd15Rh24Ru28,8,3.2127557918429375,0.8662586212158203,0.30431127548217773,-1.2908201217651367,-1.0891994595954495
Co20Ni28Pd20Rh19Ru21,8,4.515336290001869,1.1923836469650269,-0.09683549404144287,-0.8750694751739501,-1.0893054503527377
Co25Ni18Pd22Rh26Ru17,8,4.20151861011982,0.94123363494873,-0.5528390407562256,-1.6000913778940837,-1.0941906417016634
Co21Ni23Pd19Rh16Ru29,8,3.8480738699436188,1.2395117282867432,0.6762738227844238,-0.5624088764190673,-1.0943907311401002
Co27Ni18Pd15Rh22Ru26,8,2.7495839968323708,0.18714332580566406,0.24016475677490234,-0.6918802261352541,-1.0987134705596313
Co23Ni22Pd23Rh17Ru23,8,3.7539690025150776,1.1085146665573122,-0.3098835945129397,-2.158314287662506,-1.1016233750694349
Co20Ni22Pd22Rh23Ru21,8,4.122312232851982,1.0792607069015503,0.007219195365905762,-1.0505833625793457,-1.101779729043017
Co29Ni18Pd23Rh21Ru17,8,4.703494928777218,1.076341152191162,-0.06522250175476074,-0.42017682393391925,-1.1118275220114404
Co26Ni20Pd18Rh26Ru18,8,3.7082905620336533,1.4432203769683838,-0.2049107551574707,-2.762471318244934,-1.1125599252978269
Co24Ni22Pd24Rh21Ru17,8,4.507657915353775,0.9597870508829752,-0.19083325068155924,-0.6806549429893493,-1.115184566790489
Co22Ni23Pd18Rh27Ru18,8,2.9988949224352837,1.0463767051696777,0.6204776763916016,-1.5281997770071032,-1.120717220968098
Co30Ni20Pd15Rh23Ru20,8,3.1396187730133533,1.0115668773651125,-0.030681610107422097,-2.393230438232422,-1.1211006385709348
Co22Ni23Pd20Rh17Ru26,8,3.840474784374237,1.7434988021850586,0.1108241081237793,-2.7550339698791504,-1.1394234045605365
Co26Ni18Pd16Rh27Ru21,8,3.682205568999052,0.6404140949249268,0.16984272003173828,-0.6445856889088949,-1.1431011524639567
Co18Ni27Pd27Rh17Ru19,8,3.4874545373022556,0.7659192085266113,0.038422584533691406,-1.3969101905822754,-1.144495347763291
Co19Ni17Pd20Rh29Ru23,8,4.845006667077541,1.3936767578125,-0.19968652725219727,-1.260082483291626,-1.1503758432681985
Co25Ni19Pd26Rh21Ru17,8,4.643998429179192,1.2477698326110835,0.08771133422851562,-0.7532075246175131,-1.153496061712951
Co23Ni27Pd15Rh22Ru21,8,3.390410229563713,1.0256172815958657,0.123168150583903,-1.962967300415039,-1.1577316214220028
Co24Ni21Pd22Rh19Ru22,8,4.650452736765146,1.2753000259399414,-0.11371850967407227,-1.1847718556722004,-1.162472410434941
Co23Ni24Pd20Rh15Ru26,8,3.605888605117798,0.6647837162017827,0.5458421707153316,-0.28156669934590656,-1.1761344174604247
Co26Ni19Pd15Rh18Ru30,8,3.167407486587763,0.7188503742218018,0.8926076889038086,-0.393099308013916,-1.1773436280544611
Co24Ni22Pd18Rh20Ru24,8,3.6531827077269554,0.7578514417012534,0.5612719853719076,-0.39096387227376295,-1.178980593485918
Co26Ni21Pd24Rh21Ru16,8,3.205492179840803,0.7193152109781901,0.20081392923990884,-1.5467663705348969,-1.179516734228986
Co26Ni13Pd21Rh21Ru27,8,3.9396632611751556,1.2572813034057617,0.13510894775390625,-1.7548474470774333,-1.179808546611134
Co27Ni15Pd22Rh18Ru26,8,3.8804707676172256,1.084622859954834,-0.17431640625,-2.0459670225779214,-1.1862814439813785
Co21Ni23Pd14Rh30Ru20,8,4.222646124660969,1.0032885074615479,-0.02223936716715495,-1.1938013434410095,-1.1964321832622993
Co23Ni20Pd21Rh21Ru23,8,3.965394265949726,0.9809522628784184,0.7252392768859863,-0.24435806274414062,-1.2058310335888076
Co25Ni29Pd15Rh18Ru21,8,3.5102753937244415,0.6833558082580566,0.5726351737976074,-0.529000441233317,-1.20728789237584
Co22Ni27Pd23Rh18Ru18,8,3.166772898286581,0.7853952646255493,0.05383491516113281,-2.1112940162420273,-1.2101013073530744
Co22Ni16Pd22Rh23Ru25,8,4.572170164436102,1.246668815612793,-0.0576014518737793,-1.331797202428182,-1.2108390752275626
Co21Ni26Pd14Rh23Ru24,8,3.283216092735529,0.5406179428100588,0.402257442474365,-0.8759044647216797,-1.2155210176329976
Co24Ni24Pd18Rh20Ru22,8,3.671839240938425,0.7651909589767456,0.39267873764038086,-0.8558881282806396,-1.224462497776431
Co20Ni21Pd19Rh20Ru28,8,2.7837165147066116,0.503171443939209,0.6680254936218262,-1.0700995922088625,-1.227951929693681
Co26Ni23Pd18Rh22Ru19,8,3.455324623733759,1.058763027191162,0.3092994689941406,-1.9082988262176515,-1.2289364911190925
Co25Ni26Pd20Rh22Ru15,8,4.247045516967773,0.9000671704610186,-0.3118214607238771,-1.6566438674926756,-1.2470982781459323
Co30Ni21Pd12Rh26Ru19,8,3.7227487713098526,0.7745839953422546,0.23447108268737793,-1.180648672580719,-1.2495465166518829
Co25Ni23Pd21Rh21Ru18,8,2.6895539090037346,1.068345069885254,0.040496826171875,-3.526360034942627,-1.2518377934192526
Co24Ni30Pd17Rh14Ru23,8,3.2089153565466404,1.2221792936325073,0.07932472229003906,-3.0781725645065308,-1.2550542590770106
Co28Ni22Pd24Rh14Ru20,8,2.9710810631513596,0.10456395149230957,0.1969599723815918,-0.9349516232808431,-1.256218367643553
Co23Ni27Pd16Rh20Ru22,8,4.265357296913862,1.0894196033477783,-0.2711164951324463,-1.9866512417793274,-1.2572337301509535
Co28Ni20Pd25Rh19Ru16,8,3.216319903731346,0.7926842212677002,0.5303242683410645,-1.4276111125946045,-1.2576815228577163
Co23Ni22Pd18Rh25Ru20,8,4.755813509225845,0.7295761108398438,-0.12844514846801758,-0.3620406150817871,-1.2619797286852301
Co25Ni20Pd16Rh20Ru27,8,3.688239961862564,0.662853002548218,0.37083148956298806,-0.8610292375087738,-1.2732479724358567
Co17Ni24Pd19Rh22Ru26,8,4.776315301656723,1.146958065032959,-0.09794197082519532,-1.2365714311599731,-1.288705640982886
Co18Ni23Pd21Rh22Ru24,8,5.187702402472496,1.2132222652435303,-0.06496906280517578,-0.7589918204716274,-1.2897877486568858
Co25Ni21Pd24Rh17Ru21,8,3.343526840209961,0.5349571704864502,-0.11818718910217285,-1.9976349174976349,-1.2935525135910417
Co22Ni18Pd20Rh19Ru29,8,3.1846917755901814,0.4715714454650879,0.43587446212768555,-1.1422623906816756,-1.2972414522787878
Co15Ni23Pd21Rh25Ru24,8,3.066542200744152,0.7957668304443359,0.7431974411010742,-1.4373136758804321,-1.2991360884654308
Co20Ni30Pd19Rh18Ru21,8,3.291784018278122,0.9928140640258794,0.8549990653991699,-1.339713141322136,-1.2996469854868073
Co26Ni25Pd17Rh20Ru20,8,3.907304137945175,1.0408782958984375,0.5576815605163574,-1.118058407306671,-1.300622673753269
Co21Ni26Pd19Rh23Ru19,8,4.999661698937416,1.0636055946350098,-0.1070770263671875,-0.8379991531372071,-1.3031698029619572
Co25Ni22Pd23Rh19Ru19,8,3.3125375621020794,0.5335874557495117,0.4904055595397949,-1.0262336134910583,-1.3037247429540528
Co24Ni22Pd21Rh20Ru21,8,3.2888790629804134,0.7020662426948546,0.06480479240417492,-2.1386158168315887,-1.3043877361180551
Co22Ni25Pd18Rh20Ru23,8,4.207198739051819,0.7280240058898926,-0.21445226669311523,-1.4519169671194894,-1.3110008790065257
Co26Ni19Pd28Rh18Ru17,8,5.276608742773533,1.010399341583252,-0.2296442985534668,-0.6152683893839518,-1.3155314679675947
Co17Ni23Pd23Rh19Ru26,8,3.334308087825775,1.583350658416748,0.3772573471069336,-3.370582342147827,-1.3156016017149974
Co24Ni21Pd19Rh26Ru18,8,3.9036108776926994,0.9927499294281006,-0.20354998111724854,-2.423741579055786,-1.3210373840942
Co27Ni17Pd21Rh24Ru19,8,4.5946338549256325,0.9994292259216309,0.30983972549438477,-0.6558246612548828,-1.3323097502191084
Co26Ni28Pd15Rh25Ru14,8,3.297491692006588,0.9607596397399902,1.2296266555786133,-0.7747073173522949,-1.3380417802087372
Co21Ni28Pd27Rh15Ru17,8,3.769229121506214,0.5206439495086669,0.13146511713663736,-1.171460151672363,-1.3462742812744883
Co23Ni22Pd18Rh24Ru21,8,3.719278447329998,0.42070627212524414,0.21667146682739258,-0.9028900861740112,-1.3496323852724041
Co26Ni19Pd18Rh25Ru20,8,2.8574999943375587,0.6582615375518799,0.6502270698547363,-1.811758816242218,-1.3506808173134606
Co23Ni21Pd16Rh27Ru21,8,3.679244030267,0.612645149230957,0.07364702224731445,-1.6421959229878016,-1.3615328907616666
Co25Ni20Pd20Rh23Ru20,8,4.122326981276274,0.8616062800089518,0.012660662333170572,-1.6555393139521282,-1.362829289842667
Co21Ni31Pd22Rh15Ru19,8,2.69359115883708,0.39052438735961914,0.7771377563476562,-1.3221444249153136,-1.3630842453826426
Co27Ni19Pd23Rh24Ru15,8,3.9243919998407364,1.140883445739746,-0.01225137710571289,-2.5799829959869385,-1.3740677043795806
Co23Ni27Pd18Rh23Ru17,8,3.6291657984256744,0.9566259384155273,0.022912979125976562,-2.5703569253285727,-1.3799020212868203
Co23Ni27Pd17Rh20Ru21,8,3.503163281828165,1.1248624324798588,0.44766187667846635,-2.355879545211792,-1.3816114788081895
Co21Ni31Pd21Rh18Ru17,8,4.9171846359968185,0.9879996180534364,-0.11588883399963379,-1.2072677612304688,-1.4008854920451117
Co23Ni26Pd18Rh16Ru25,8,3.251640997827053,0.7583301067352295,0.41314077377319336,-2.109769900639852,-1.4053424231088671
Co25Ni23Pd20Rh26Ru14,8,3.651238363236189,1.0030821959177654,0.023623943328857422,-2.7756489515304565,-1.4150672036479355
Co26Ni19Pd22Rh23Ru18,8,3.4224692583084106,0.4080387751261392,0.8878016471862794,-0.4347983360290527,-1.4272484294574594
Co24Ni20Pd20Rh22Ru22,8,3.4729702435433865,0.3646559715270996,0.47707390785217285,-1.0153686046600343,-1.4340131810465324
Co26Ni18Pd20Rh27Ru17,8,3.040548287332058,0.1047754287719731,0.9925546646118164,-0.2073657512664795,-1.4395300984101034
Co21Ni27Pd14Rh24Ru22,8,4.399298299103975,0.6919990607670375,0.35343306405203684,-0.6585268974304199,-1.4401577949363573
Co21Ni20Pd20Rh22Ru25,8,3.556431345641613,0.5980374813079834,0.389845609664917,-1.6059879859288533,-1.4537227920274312
Co25Ni25Pd18Rh23Ru17,8,2.7744038477540016,0.5895793437957764,0.6941671371459961,-2.220419019460678,-1.4769905222916526
Co23Ni20Pd18Rh18Ru29,8,4.708775646984577,0.9898620446523029,-0.16327889760335287,-1.9047199487686157,-1.4820495182497817
Co19Ni21Pd16Rh21Ru31,8,3.9024109542369843,0.683962345123291,0.34261369705200195,-1.5073082106454032,-1.4823479728646005
Co26Ni30Pd13Rh21Ru18,8,3.125033002346754,0.9691399335861206,0.11044788360595703,-3.5563389658927917,-1.4852838933918333
Co24Ni30Pd14Rh25Ru15,8,3.337664321064949,0.801776647567749,0.6015820503234863,-2.0846888065338134,-1.4867763631979192
Co22Ni20Pd18Rh25Ru23,8,3.5741293653845787,0.15684270858764662,0.1417838732401527,-1.2714194059371948,-1.4923032423151257
Co31Ni19Pd16Rh23Ru19,8,3.125211965292692,0.7352104187011719,1.097449779510498,-1.4792254567146301,-1.5109486575152884
Co25Ni24Pd24Rh15Ru20,8,3.2097186520695686,0.31916475296020524,0.6148529052734374,-1.3775278727213542,-1.516729046973957
Co27Ni18Pd20Rh24Ru19,8,2.6271464079618454,0.6466691493988037,0.5960969924926758,-2.876524031162262,-1.5191331920509128
Co24Ni19Pd19Rh22Ru24,8,4.492069326341152,0.7578282356262207,0.05065698623657226,-1.5472996830940247,-1.5286535511294912
Co21Ni25Pd22Rh20Ru20,8,4.114648744463921,0.41779279708862305,0.17400312423706055,-1.1579991181691487,-1.5288261178127098
Co24Ni21Pd20Rh18Ru25,8,2.8316139951348305,-0.10116910934448242,1.097783088684082,-0.3028527498245239,-1.5411674831507625
Co30Ni19Pd21Rh16Ru22,8,4.317837566137314,0.9618984222412109,0.29630327224731445,-1.8330485026041667,-1.5433040311157882
Co31Ni17Pd23Rh16Ru21,8,3.018879037350416,0.1958932876586914,1.0768423080444336,-0.707399845123291,-1.5461526659031355
Co25Ni21Pd20Rh16Ru26,8,3.51828121393919,0.5557632446289062,0.8336858749389648,-1.1802971720695496,-1.5465094957605339
Co26Ni20Pd14Rh30Ru18,8,3.6041716523468494,0.8003425598144531,0.49494361877441406,-2.158340811729431,-1.5497260295789312
Co35Ni20Pd17Rh19Ru17,8,3.762060258537531,0.4338702678680419,0.9016834259033204,-0.5314640998840333,-1.5582685321113088
Co22Ni22Pd25Rh15Ru24,8,3.3837297409772873,0.39128780364990234,0.256375789642334,-2.09139883518219,-1.5623443935269616
Co25Ni14Pd23Rh20Ru26,8,3.0024293810129166,0.36342334747314453,0.5929746627807617,-2.0032633543014526,-1.5701746675426314
Co26Ni25Pd20Rh20Ru17,8,2.9038978070020676,0.6198928356170654,0.8207778930664062,-2.2660929759343467,-1.570697668932947
Co20Ni24Pd14Rh27Ru23,8,2.755459077656269,0.5252206325531006,0.6747407913208008,-2.5353283882141113,-1.5724484270389039
Co20Ni35Pd18Rh20Ru15,8,4.67056268081069,0.6214168071746826,-0.18496417999267578,-1.6602989435195923,-1.5843447628822889
Co30Ni17Pd21Rh20Ru20,8,3.3033872470259666,0.34780454635620117,0.24912786483764648,-2.218698740005493,-1.5855203545711603
Co28Ni16Pd21Rh20Ru23,8,3.767861060798168,0.6081249713897705,0.450345516204834,-1.8293009599049888,-1.6007827481212213
Co22Ni22Pd10Rh27Ru27,8,3.9070522896945477,1.1975877285003662,0.37279510498046875,-2.9917668104171753,-1.6060930132840334
Co27Ni24Pd19Rh22Ru16,8,3.8717503398656845,0.8601708412170407,0.6213873624801637,-1.9981059551239013,-1.6240749027301333
Co27Ni25Pd19Rh21Ru16,8,3.3094001412391663,0.8946034908294678,1.2035956382751465,-1.8543721636136372,-1.6309888740099974
Co25Ni22Pd18Rh17Ru26,8,4.628281284123659,0.7439680099487302,0.29267358779907227,-1.3357566992441814,-1.6325039517507043
Co23Ni17Pd22Rh21Ru25,8,5.348582588136196,1.024450778961182,-0.07648420333862305,-1.601388156414032,-1.6418707968207789
Co24Ni26Pd24Rh18Ru16,8,4.205147422850132,0.28078635533650703,0.567840576171875,-0.5429231325785319,-1.6442009033721658
Co23Ni17Pd15Rh28Ru25,8,4.524497099220753,0.5618255138397217,0.03889870643615723,-1.618133783340454,-1.6503605520686337
Co22Ni22Pd17Rh20Ru27,8,3.781308777630329,-0.24869680404663086,0.5540928840637207,-0.09524250030517578,-1.650798886337895
Co26Ni22Pd21Rh20Ru19,8,3.907763909548521,0.6542353630065918,0.6963467597961426,-1.5234477043151855,-1.6541808430014235
Co37Ni20Pd22Rh11Ru18,8,2.7598541229963303,0.3730130195617676,1.0805878639221191,-1.8707903623580933,-1.659409815225691
Co28Ni24Pd16Rh23Ru17,8,3.8318974561989307,0.3402252197265625,0.8740506172180176,-0.7045586109161377,-1.659700022216149
Co24Ni25Pd20Rh21Ru18,8,3.16552571952343,0.5139980316162114,0.5790367126464844,-2.4765879710515337,-1.6605112055516171
Co22Ni26Pd19Rh18Ru23,8,3.818947210907936,0.6059623956680298,1.0035464763641357,-1.0723598003387451,-1.6682879226419762
Co23Ni24Pd23Rh17Ru21,8,3.916519470512867,0.6084284782409667,0.3921610514322917,-2.0559386014938354,-1.6817643321099207
Co19Ni29Pd14Rh16Ru30,8,3.605915892869234,0.45243994394938153,0.7265203793843588,-1.5922464609146119,-1.6838401747328198
Co25Ni22Pd16Rh18Ru27,8,3.9458369202911854,0.6458244323730469,0.4885019063949585,-1.9356586933135986,-1.6842901570829811
Co20Ni24Pd19Rh22Ru23,8,3.062102824449539,0.7560989856719971,0.9707531929016113,-2.639277001221975,-1.711875923252121
Co24Ni17Pd17Rh23Ru27,8,4.046374309808016,0.7723162174224854,0.9436507225036621,-1.4163743058840434,-1.7207344479303899
Co31Ni15Pd19Rh19Ru24,8,3.8658696077764034,0.8632268905639648,0.34690380096435547,-2.887990951538086,-1.7232609667526877
Co30Ni27Pd15Rh19Ru17,8,4.353419806808233,0.2619020938873291,0.33962440490722656,-1.0604956895112991,-1.7339475782498646
Co28Ni20Pd19Rh15Ru26,8,3.201392948627472,0.3224572340647378,0.8841565450032554,-1.8264833390712738,-1.7383147397436103
Co25Ni26Pd22Rh19Ru16,8,4.071580141782761,0.22651815414428755,0.4203643798828125,-1.2711695432662964,-1.7435298135177941
Co22Ni21Pd16Rh21Ru28,8,4.329976435750723,0.37597227096557617,1.0421385765075684,-0.17004156112670898,-1.7488851630422015
Co22Ni26Pd18Rh24Ru18,8,3.4307229295372963,-0.2175898551940918,0.3600277900695801,-1.3784242153167727,-1.7516191016980147
Co28Ni15Pd18Rh20Ru27,8,3.031882345676422,0.405887126922607,0.8866829872131352,-2.3272893130779266,-1.7643558579831593
Co17Ni25Pd19Rh17Ru30,8,3.242856375873089,0.49777698516845703,0.6980075836181641,-2.6480992635091147,-1.787868276935244
Co29Ni20Pd11Rh23Ru25,8,3.9818886928260326,0.5375039577484131,1.0949530601501465,-1.0511531233787537,-1.7912123214276026
Co24Ni19Pd15Rh24Ru26,8,4.26820757612586,0.5416994094848633,0.5213890075683594,-1.6795461177825928,-1.7956293487734025
Co21Ni23Pd21Rh21Ru22,8,4.192545026540756,0.3025598526000972,0.508054256439209,-1.3392161130905151,-1.8003326197244602
Co24Ni17Pd23Rh19Ru25,8,3.532314084470272,0.6002221107482911,0.41291077931722003,-3.1794615586598716,-1.843317905506234
Co21Ni18Pd25Rh15Ru29,8,3.094769038259983,-0.7613329887390137,0.43613672256469727,-1.0026561419169109,-1.851079534185843
Co28Ni17Pd19Rh23Ru21,7,3.3027436392647878,0.7642898559570312,0.852846622467041,-3.0985347032546997,-1.8518051718062027
Co26Ni25Pd25Rh19Ru13,8,4.406831093132496,1.1511707305908203,0.39649248123168945,-3.183037757873535,-1.8547806939516263
Co28Ni22Pd23Rh17Ru18,8,3.699488777667284,-0.21727498372395834,0.987001895904541,-0.34948205947875977,-1.8553380122536165
Co23Ni21Pd20Rh20Ru24,8,3.233533352613449,-0.13680696487426758,0.977747917175293,-1.2077673929078239,-1.8665472846785416
Co25Ni21Pd23Rh21Ru18,8,4.0417540818452835,0.421314001083374,0.7789373397827148,-1.6261946360270183,-1.8767461228861415
Co27Ni24Pd14Rh21Ru22,8,3.2626994848251343,0.151655912399292,0.7904589176177979,-2.1193379759788513,-1.876959714650893
Co20Ni23Pd19Rh21Ru25,8,3.0184246748685837,0.4901595115661621,0.7423090934753418,-3.2516675889492035,-1.8843699090371913
Co26Ni25Pd14Rh23Ru20,8,4.1055315509438515,0.41371504465738934,0.596092700958252,-1.8899304866790771,-1.8890686763179607
Co27Ni23Pd20Rh17Ru21,8,3.2570598497986794,0.06188344955444336,0.922605037689209,-1.7775832116603851,-1.8920782534688676
Co29Ni18Pd18Rh23Ru20,8,2.8809082731604576,0.09186482429504395,1.031752586364746,-2.226586729288101,-1.9082179004122997
Co25Ni25Pd17Rh22Ru19,8,3.921394243836403,-0.13055388132731136,0.9666862487792969,-0.4737663269042969,-1.9084705806830087
Co17Ni29Pd25Rh19Ru18,8,3.8159582801163197,0.49203205108642595,0.8095032374064127,-2.1820016702016196,-1.9158192151988183
Co22Ni25Pd10Rh20Ru31,8,3.470149401575327,0.2270035743713379,1.129800796508789,-1.5692231804132462,-1.9178984592464787
Co26Ni16Pd16Rh24Ru26,8,4.123119775205851,0.20612955093383833,0.925015926361084,-1.0104308128356934,-1.922242622134948
Co25Ni21Pd15Rh15Ru32,8,4.401426404714584,0.4717388153076172,0.16370773315429688,-2.4913723468780518,-1.9233593342270163
Co24Ni22Pd15Rh26Ru21,8,3.5499778762459755,0.2468886375427246,0.6023406982421875,-2.483236849308014,-1.935333819519538
Co20Ni25Pd25Rh12Ru26,8,4.289999455213547,0.4183718363444009,0.5435266494750977,-1.965282380580902,-1.944908244730883
Co25Ni21Pd18Rh18Ru26,8,3.2222231701016426,-0.22318220138549805,0.9965653419494629,-1.3769284188747406,-1.9559280929056382
Co24Ni18Pd23Rh15Ru28,8,3.4026530236005783,0.3850202560424809,0.6764535903930664,-2.976816415786743,-1.970191512671791
Co24Ni15Pd21Rh20Ru28,8,3.399070918560028,-0.029065132141113725,1.0078806877136233,-1.661678155263265,-1.9932209882780405
Co27Ni23Pd19Rh20Ru19,8,3.0937673673033714,0.17504215240478516,0.4676055908203125,-3.4593422412872314,-2.0017363850409473
Co30Ni14Pd21Rh25Ru18,8,3.3806407302618027,0.07026449839274089,0.30573272705078125,-3.154653549194336,-2.0062522627201376
Co22Ni30Pd21Rh13Ru22,8,3.429943323135376,0.21068334579467818,1.0413703918457027,-2.184323569138845,-2.0268335172717653
Co24Ni26Pd20Rh19Ru19,8,4.590436413884163,0.5598630905151367,0.9564476013183589,-1.4792530536651611,-2.031202365178863
Co25Ni30Pd20Rh16Ru17,8,3.3494632840156555,-0.15212225914001487,0.7039403915405276,-2.2130576372146606,-2.0447108215981453
Co26Ni22Pd16Rh16Ru28,8,4.278075084090233,0.2819247245788574,0.9567298889160156,-1.40467635790507,-2.0473115997922426
Co29Ni20Pd24Rh19Ru16,8,3.7706393674016,0.10344266891479492,0.9365987777709961,-1.8951369722684224,-2.078905611277698
Co19Ni31Pd20Rh16Ru22,8,4.028709024190903,0.5760062535603842,0.4787708918253581,-3.301984945933024,-2.0807517749585736
Co28Ni20Pd23Rh10Ru27,8,3.9099960438907146,-0.27512073516845714,1.1836833953857422,-0.6696970462799071,-2.1183016827554537
Co24Ni23Pd21Rh18Ru22,8,3.84128250554204,0.03268599510192871,1.1301040649414058,-1.48150634765625,-2.118576261590054
Co30Ni21Pd14Rh21Ru22,7,3.5266077859061107,0.7996547222137451,0.8628134727478027,-3.9538885951042175,-2.1250075916358218
Co25Ni27Pd14Rh20Ru22,8,3.786988075822592,0.3955688476562498,1.025753498077393,-2.4998653531074524,-2.1254345237355996
Co26Ni24Pd16Rh20Ru22,8,3.0653480514883995,0.33574581146240234,1.2674717903137207,-3.0210240185260773,-2.1449645471810985
Co19Ni39Pd17Rh13Ru20,8,3.874763909727335,0.27828335762023926,0.44713640213012695,-3.2259289026260376,-2.146034534889921
Co27Ni21Pd21Rh11Ru28,8,4.195833422243595,-0.14024829864501967,1.1371692021687827,-0.7719672748020717,-2.1521356855107516
Co18Ni26Pd14Rh26Ru24,8,4.072497524321079,0.20481204986572266,0.3833637237548828,-2.9446895917256675,-2.1525917607375686
Co24Ni25Pd15Rh29Ru15,8,3.3092299178242683,0.3908262252807617,1.0523433685302734,-3.224064379930496,-2.1575903398893357
Co27Ni23Pd20Rh16Ru22,8,4.779648028314114,-0.19034322102864584,0.9614496231079097,-0.3554043769836426,-2.1954669454773836
Co26Ni22Pd18Rh19Ru23,8,4.125173352658749,-0.2728823026021323,1.266861915588379,-0.8646547794342039,-2.273239049661103
Co24Ni27Pd15Rh17Ru25,8,4.069410767406225,0.5167846679687504,1.061805248260498,-2.9417344331741333,-2.284192138503921
Co25Ni19Pd14Rh28Ru22,8,3.564095478504896,0.39809465408325195,0.9206533432006836,-3.6716248989105225,-2.293983548855012
Co24Ni23Pd14Rh23Ru24,8,4.166893254965544,0.3054800033569336,0.8446989059448242,-2.822978138923645,-2.300843838410412
Co25Ni22Pd15Rh27Ru19,8,3.2352152094244957,-0.01924324035644509,1.1064085960388181,-3.0332115590572357,-2.314336638389253
Co27Ni15Pd18Rh22Ru26,8,3.760393589735031,-0.08388471603393555,1.1819572448730469,-2.1192093789577484,-2.3296476961462673
Co28Ni15Pd12Rh30Ru23,8,4.370194990187883,0.2252655029296875,0.5137033462524414,-3.331493616104126,-2.3937023776717754
Co28Ni17Pd15Rh25Ru23,8,3.783039402216673,-1.00864839553833,0.5176935195922852,-1.7186611692110698,-2.4183329587940756
Co22Ni27Pd21Rh16Ru22,8,3.49966611713171,0.0173101425170894,1.2225708961486816,-3.088204284509023,-2.4481183950431022
Co28Ni21Pd23Rh19Ru17,8,3.899742964655161,0.08542490005493164,1.233675479888916,-2.72762393951416,-2.464047868641365
Co23Ni33Pd17Rh19Ru16,8,3.371127098798752,0.1000599861145024,1.1324353218078609,-3.995974600315094,-2.549279959490896
Co22Ni27Pd14Rh19Ru26,8,4.183077652007341,0.3943600654602051,1.052525520324707,-3.779675006866455,-2.5869766517805424
Co25Ni20Pd19Rh24Ru20,8,4.317145876586437,-0.05969667434692427,0.8071017265319824,-3.8856940269470215,-2.781161422309828
